pref_code,municipality_code,municipality_name,indicator_id,indicator_no,indicator_label,period_start,period_end,decided_date,decided_date_is_proxy,decided_date_basis,published_date,value,unit,count,missing_reason,delta,delta_pct,direction,window_start,window_end,event_ids,source_url
09,092011,宇都宮市,card_kokko,1,国庫支出金(決算),2020-04-01,2021-03-31,2021-03-31,0,決算(年度末),,105697873.0,千円,,,,,未取得,,,,https://www.soumu.go.jp/main_content/000804135.xlsx
09,092011,宇都宮市,card_kokko,1,国庫支出金(決算),2021-04-01,2022-03-31,2022-03-31,0,決算(年度末),,67581107.0,千円,,,-38116766.0,-0.36061999090558805,減少,2021-04-01,2022-03-31,gen-election-shugiin_20211031_smd_09_1;gen-election-shugiin_20211031_smd_09_2;gen-tokko-2021-tokko_dec;gen-tokko-2021-tokko_march;gen-mlit-release-2022,https://www.soumu.go.jp/main_content/000873399.xlsx
09,092011,宇都宮市,card_kokko,1,国庫支出金(決算),2022-04-01,2023-03-31,2023-03-31,0,決算(年度末),,63157869.0,千円,,,-4423238.0,-0.06545080713164406,減少,2022-04-01,2023-03-31,gen-election-sangiin_20220710_smd_09_1;gen-tokko-2022-tokko_dec;gen-tokko-2022-tokko_march;gen-mlit-release-2023,https://www.soumu.go.jp/main_content/000937050.xlsx
09,092011,宇都宮市,card_kokko,1,国庫支出金(決算),2023-04-01,2024-03-31,2024-03-31,0,決算(年度末),,53243428.0,千円,,,-9914441.0,-0.15697871313549228,減少,2023-04-01,2024-03-31,gen-tokko-2023-tokko_dec;gen-tokko-2023-tokko_march,https://www.soumu.go.jp/main_content/000998938.xlsx
09,092011,宇都宮市,card_kokko,1,国庫支出金(決算),2024-04-01,2025-03-31,2025-03-31,0,決算(年度末),,52246279.0,千円,,,-997149.0,-0.018728114200310318,横ばい,2024-04-01,2025-03-31,gen-mlit-release-2024;gen-election-shugiin_20241027_smd_09_1;gen-election-shugiin_20241027_smd_09_2;gen-tokko-2024-tokko_dec;gen-tokko-2024-tokko_march,https://www.soumu.go.jp/main_content/001063963.xlsx
09,092011,宇都宮市,card_pref,2,県支出金(決算),2020-04-01,2021-03-31,2021-03-31,0,決算(年度末),,15064847.0,千円,,,,,未取得,,,,https://www.soumu.go.jp/main_content/000804135.xlsx
09,092011,宇都宮市,card_pref,2,県支出金(決算),2021-04-01,2022-03-31,2022-03-31,0,決算(年度末),,14910858.0,千円,,,-153989.0,-0.010221743373829154,横ばい,2021-04-01,2022-03-31,gen-election-shugiin_20211031_smd_09_1;gen-election-shugiin_20211031_smd_09_2;gen-tokko-2021-tokko_dec;gen-tokko-2021-tokko_march;gen-mlit-release-2022,https://www.soumu.go.jp/main_content/000873399.xlsx
09,092011,宇都宮市,card_pref,2,県支出金(決算),2022-04-01,2023-03-31,2023-03-31,0,決算(年度末),,15601051.0,千円,,,690193.0,0.046287946676173836,横ばい,2022-04-01,2023-03-31,gen-election-sangiin_20220710_smd_09_1;gen-tokko-2022-tokko_dec;gen-tokko-2022-tokko_march;gen-mlit-release-2023,https://www.soumu.go.jp/main_content/000937050.xlsx
09,092011,宇都宮市,card_pref,2,県支出金(決算),2023-04-01,2024-03-31,2024-03-31,0,決算(年度末),,15918214.0,千円,,,317163.0,0.0203295918973664,横ばい,2023-04-01,2024-03-31,gen-tokko-2023-tokko_dec;gen-tokko-2023-tokko_march,https://www.soumu.go.jp/main_content/000998938.xlsx
09,092011,宇都宮市,card_pref,2,県支出金(決算),2024-04-01,2025-03-31,2025-03-31,0,決算(年度末),,17190525.0,千円,,,1272311.0,0.07992799946024096,増加,2024-04-01,2025-03-31,gen-mlit-release-2024;gen-election-shugiin_20241027_smd_09_1;gen-election-shugiin_20241027_smd_09_2;gen-tokko-2024-tokko_dec;gen-tokko-2024-tokko_march,https://www.soumu.go.jp/main_content/001063963.xlsx
09,092011,宇都宮市,tokko_dec,3a,特別交付税 12月分,2020-04-01,2021-03-31,2020-12-08,0,交付決定日(報道発表),2020-12-08,300487.0,千円,,,,,未取得,,,,https://www.soumu.go.jp/main_content/000721607.pdf
09,092011,宇都宮市,tokko_dec,3a,特別交付税 12月分,2021-04-01,2022-03-31,2021-12-03,0,交付決定日(報道発表),2021-12-03,331936.0,千円,,,31449.0,0.10466010176812973,増加,2020-12-09,2021-12-03,gen-tokko-2020-tokko_march;gen-mlit-release-2021;gen-election-shugiin_20211031_smd_09_1;gen-election-shugiin_20211031_smd_09_2;gen-tokko-2021-tokko_dec,https://www.soumu.go.jp/main_content/000780948.pdf
09,092011,宇都宮市,tokko_dec,3a,特別交付税 12月分,2022-04-01,2023-03-31,2022-12-13,0,交付決定日(報道発表),2022-12-13,532441.0,千円,,,200505.0,0.6040471657186928,増加,2021-12-04,2022-12-13,gen-tokko-2021-tokko_march;gen-mlit-release-2022;gen-election-sangiin_20220710_smd_09_1;gen-tokko-2022-tokko_dec,https://www.soumu.go.jp/main_content/000850537.pdf
09,092011,宇都宮市,tokko_dec,3a,特別交付税 12月分,2023-04-01,2024-03-31,2023-12-12,0,交付決定日(報道発表),2023-12-12,532660.0,千円,,,219.0,0.00041131317836154614,横ばい,2022-12-14,2023-12-12,gen-tokko-2022-tokko_march;gen-mlit-release-2023;gen-tokko-2023-tokko_dec,https://www.soumu.go.jp/main_content/000916643.pdf
09,092011,宇都宮市,tokko_dec,3a,特別交付税 12月分,2024-04-01,2025-03-31,2024-12-20,0,交付決定日(報道発表),2024-12-20,348375.0,千円,,,-184285.0,-0.34597116359403746,減少,2023-12-13,2024-12-20,gen-tokko-2023-tokko_march;gen-mlit-release-2024;gen-election-shugiin_20241027_smd_09_1;gen-election-shugiin_20241027_smd_09_2;gen-tokko-2024-tokko_dec,https://www.soumu.go.jp/main_content/000983129.pdf
09,092011,宇都宮市,tokko_dec,3a,特別交付税 12月分,2025-04-01,2026-03-31,2025-12-19,0,交付決定日(報道発表),2025-12-19,184089.0,千円,,,-164286.0,-0.4715780409041981,減少,2024-12-21,2025-12-19,gen-tokko-2024-tokko_march;gen-mlit-release-2025;gen-election-sangiin_20250720_smd_09_1;gen-tokko-2025-tokko_dec,https://www.soumu.go.jp/main_content/001046667.pdf
09,092011,宇都宮市,tokko_march,3b,特別交付税 3月分,2020-04-01,2021-03-31,2021-03-19,0,交付決定日(報道発表),2021-03-19,229344.0,千円,,,,,未取得,,,,https://www.soumu.go.jp/main_content/000738961.pdf
09,092011,宇都宮市,tokko_march,3b,特別交付税 3月分,2021-04-01,2022-03-31,2022-03-18,0,交付決定日(報道発表),2022-03-18,377980.0,千円,,,148636.0,0.6480919492116646,増加,2021-03-20,2022-03-18,gen-mlit-release-2021;gen-election-shugiin_20211031_smd_09_1;gen-election-shugiin_20211031_smd_09_2;gen-tokko-2021-tokko_dec;gen-tokko-2021-tokko_march,https://www.soumu.go.jp/main_content/000799619.pdf
09,092011,宇都宮市,tokko_march,3b,特別交付税 3月分,2022-04-01,2023-03-31,2023-03-22,0,交付決定日(報道発表),2023-03-22,3014468.0,千円,,,2636488.0,6.975205037303561,増加,2022-03-19,2023-03-22,gen-mlit-release-2022;gen-election-sangiin_20220710_smd_09_1;gen-tokko-2022-tokko_dec;gen-tokko-2022-tokko_march,https://www.soumu.go.jp/main_content/000869990.pdf
09,092011,宇都宮市,tokko_march,3b,特別交付税 3月分,2023-04-01,2024-03-31,2024-03-22,0,交付決定日(報道発表),2024-03-22,771263.0,千円,,,-2243205.0,-0.7441462307777027,減少,2023-03-23,2024-03-22,gen-mlit-release-2023;gen-tokko-2023-tokko_dec;gen-tokko-2023-tokko_march,https://www.soumu.go.jp/main_content/000997045.pdf
09,092011,宇都宮市,tokko_march,3b,特別交付税 3月分,2024-04-01,2025-03-31,2025-03-21,0,交付決定日(報道発表),2025-03-21,521709.0,千円,,,-249554.0,-0.32356537264201707,減少,2024-03-23,2025-03-21,gen-mlit-release-2024;gen-election-shugiin_20241027_smd_09_1;gen-election-shugiin_20241027_smd_09_2;gen-tokko-2024-tokko_dec;gen-tokko-2024-tokko_march,https://www.soumu.go.jp/main_content/000998441.pdf
09,092011,宇都宮市,tokko_march,3b,特別交付税 3月分,2025-04-01,2026-03-31,2026-03-17,0,交付決定日(報道発表),2026-03-17,678525.0,千円,,,156816.0,0.30058135857345764,増加,2025-03-22,2026-03-17,gen-mlit-release-2025;gen-election-sangiin_20250720_smd_09_1;gen-tokko-2025-tokko_dec;gen-election-shugiin_20260208_smd_09_1;gen-election-shugiin_20260208_smd_09_2;gen-cabinet-2026-02-18;gen-position-motegi_toshimitsu-外務大臣-2026-02-18;gen-tokko-2025-tokko_march,https://www.soumu.go.jp/main_content/001061260.pdf
09,092011,宇都宮市,mlit_sole_grants,4,社総交・防安交 単独策定主体の国費,2021-04-01,2022-03-31,2021-03-30,1,当初配分の報道発表日を代用(交付決定日は未公表),2021-03-30,819820.0,千円,6,,,,未取得,,,,https://www.mlit.go.jp/common/001396522.pdf
09,092011,宇都宮市,mlit_sole_grants,4,社総交・防安交 単独策定主体の国費,2022-04-01,2023-03-31,2022-03-25,1,当初配分の報道発表日を代用(交付決定日は未公表),2022-03-25,2375979.0,千円,7,,1556159.0,1.8981715498524065,増加,2021-03-31,2022-03-25,gen-election-shugiin_20211031_smd_09_1;gen-election-shugiin_20211031_smd_09_2;gen-tokko-2021-tokko_dec;gen-tokko-2021-tokko_march;gen-mlit-release-2022,https://www.mlit.go.jp/page/content/001472731.pdf
09,092011,宇都宮市,mlit_sole_grants,4,社総交・防安交 単独策定主体の国費,2023-04-01,2024-03-31,2023-03-31,1,当初配分の報道発表日を代用(交付決定日は未公表),2023-03-31,998598.0,千円,6,,-1377381.0,-0.5797109317885385,減少,2022-03-26,2023-03-31,gen-election-sangiin_20220710_smd_09_1;gen-tokko-2022-tokko_dec;gen-tokko-2022-tokko_march;gen-mlit-release-2023,https://www.mlit.go.jp/page/content/001596924.pdf
09,092011,宇都宮市,mlit_sole_grants,4,社総交・防安交 単独策定主体の国費,2024-04-01,2025-03-31,2024-04-01,1,当初配分の報道発表日を代用(交付決定日は未公表),2024-04-01,2247610.0,千円,7,,1249012.0,1.250765573333814,増加,2023-04-01,2024-04-01,gen-tokko-2023-tokko_dec;gen-tokko-2023-tokko_march;gen-mlit-release-2024,https://www.mlit.go.jp/page/content/001735005.pdf
09,092011,宇都宮市,mlit_sole_grants,4,社総交・防安交 単独策定主体の国費,2025-04-01,2026-03-31,2025-04-01,1,当初配分の報道発表日を代用(交付決定日は未公表),2025-04-01,2938919.0,千円,9,,691309.0,0.30757515761186327,増加,2024-04-02,2025-04-01,gen-election-shugiin_20241027_smd_09_1;gen-election-shugiin_20241027_smd_09_2;gen-tokko-2024-tokko_dec;gen-tokko-2024-tokko_march;gen-mlit-release-2025,https://www.mlit.go.jp/page/content/001879738.pdf
09,092011,宇都宮市,mlit_sole_grants,4,社総交・防安交 単独策定主体の国費,2026-04-01,2027-03-31,2026-04-07,1,当初配分の報道発表日を代用(交付決定日は未公表),2026-04-07,3679026.0,千円,7,,740107.0,0.2518296693444086,増加,2025-04-02,2026-04-07,gen-election-sangiin_20250720_smd_09_1;gen-tokko-2025-tokko_dec;gen-election-shugiin_20260208_smd_09_1;gen-election-shugiin_20260208_smd_09_2;gen-cabinet-2026-02-18;gen-position-motegi_toshimitsu-外務大臣-2026-02-18;gen-tokko-2025-tokko_march;gen-mlit-release-2026,https://www.mlit.go.jp/page/content/001994561.pdf
09,092011,宇都宮市,mlit_road,5,道路局箇所表 事業主体=当該市町の国費,2021-04-01,2022-03-31,2021-03-30,1,当初配分の報道発表日を代用(交付決定日は未公表),2021-03-30,812000.0,千円,4,,,,未取得,,,,https://www.mlit.go.jp/common/001396522.pdf
09,092011,宇都宮市,mlit_road,5,道路局箇所表 事業主体=当該市町の国費,2022-04-01,2023-03-31,2022-03-25,1,当初配分の報道発表日を代用(交付決定日は未公表),2022-03-25,667000.0,千円,4,,-145000.0,-0.17857142857142858,減少,2021-03-31,2022-03-25,gen-election-shugiin_20211031_smd_09_1;gen-election-shugiin_20211031_smd_09_2;gen-tokko-2021-tokko_dec;gen-tokko-2021-tokko_march;gen-mlit-release-2022,https://www.mlit.go.jp/page/content/001472731.pdf
09,092011,宇都宮市,mlit_road,5,道路局箇所表 事業主体=当該市町の国費,2023-04-01,2024-03-31,2023-03-31,1,当初配分の報道発表日を代用(交付決定日は未公表),2023-03-31,907000.0,千円,5,,240000.0,0.3598200899550225,増加,2022-03-26,2023-03-31,gen-election-sangiin_20220710_smd_09_1;gen-tokko-2022-tokko_dec;gen-tokko-2022-tokko_march;gen-mlit-release-2023,https://www.mlit.go.jp/page/content/001596924.pdf
09,092011,宇都宮市,mlit_road,5,道路局箇所表 事業主体=当該市町の国費,2024-04-01,2025-03-31,2024-04-01,1,当初配分の報道発表日を代用(交付決定日は未公表),2024-04-01,811000.0,千円,5,,-96000.0,-0.10584343991179714,減少,2023-04-01,2024-04-01,gen-tokko-2023-tokko_dec;gen-tokko-2023-tokko_march;gen-mlit-release-2024,https://www.mlit.go.jp/page/content/001735005.pdf
09,092011,宇都宮市,mlit_road,5,道路局箇所表 事業主体=当該市町の国費,2025-04-01,2026-03-31,2025-04-01,1,当初配分の報道発表日を代用(交付決定日は未公表),2025-04-01,905000.0,千円,5,,94000.0,0.1159062885326757,増加,2024-04-02,2025-04-01,gen-election-shugiin_20241027_smd_09_1;gen-election-shugiin_20241027_smd_09_2;gen-tokko-2024-tokko_dec;gen-tokko-2024-tokko_march;gen-mlit-release-2025,https://www.mlit.go.jp/page/content/001879738.pdf
09,092011,宇都宮市,mlit_road,5,道路局箇所表 事業主体=当該市町の国費,2026-04-01,2027-03-31,2026-04-07,1,当初配分の報道発表日を代用(交付決定日は未公表),2026-04-07,505000.0,千円,4,,-400000.0,-0.4419889502762431,減少,2025-04-02,2026-04-07,gen-election-sangiin_20250720_smd_09_1;gen-tokko-2025-tokko_dec;gen-election-shugiin_20260208_smd_09_1;gen-election-shugiin_20260208_smd_09_2;gen-cabinet-2026-02-18;gen-position-motegi_toshimitsu-外務大臣-2026-02-18;gen-tokko-2025-tokko_march;gen-mlit-release-2026,https://www.mlit.go.jp/page/content/001994561.pdf
09,092011,宇都宮市,e_kokko,6,国庫支出金 計(決算、地方財政状況調査),2020-04-01,2021-03-31,2021-03-31,0,決算(年度末),,105697873.0,千円,,,,,未取得,,,,https://www.e-stat.go.jp/stat-search/file-download?statInfId=000032188698&fileKind=1
09,092011,宇都宮市,e_kokko,6,国庫支出金 計(決算、地方財政状況調査),2021-04-01,2022-03-31,2022-03-31,0,決算(年度末),,67581107.0,千円,,,-38116766.0,-0.36061999090558805,減少,2021-04-01,2022-03-31,gen-election-shugiin_20211031_smd_09_1;gen-election-shugiin_20211031_smd_09_2;gen-tokko-2021-tokko_dec;gen-tokko-2021-tokko_march;gen-mlit-release-2022,https://www.e-stat.go.jp/stat-search/file-download?statInfId=000040044921&fileKind=1
09,092011,宇都宮市,e_kokko,6,国庫支出金 計(決算、地方財政状況調査),2022-04-01,2023-03-31,2023-03-31,0,決算(年度末),,63157869.0,千円,,,-4423238.0,-0.06545080713164406,減少,2022-04-01,2023-03-31,gen-election-sangiin_20220710_smd_09_1;gen-tokko-2022-tokko_dec;gen-tokko-2022-tokko_march;gen-mlit-release-2023,https://www.e-stat.go.jp/stat-search/file-download?statInfId=000040171702&fileKind=1
09,092011,宇都宮市,e_kokko,6,国庫支出金 計(決算、地方財政状況調査),2023-04-01,2024-03-31,2024-03-31,0,決算(年度末),,53243428.0,千円,,,-9914441.0,-0.15697871313549228,減少,2023-04-01,2024-03-31,gen-tokko-2023-tokko_dec;gen-tokko-2023-tokko_march,https://www.e-stat.go.jp/stat-search/file-download?statInfId=000040231591&fileKind=1
09,092011,宇都宮市,e_kokko,6,国庫支出金 計(決算、地方財政状況調査),2024-04-01,2025-03-31,2025-03-31,0,決算(年度末),,52246279.0,千円,,,-997149.0,-0.018728114200310318,横ばい,2024-04-01,2025-03-31,gen-mlit-release-2024;gen-election-shugiin_20241027_smd_09_1;gen-election-shugiin_20241027_smd_09_2;gen-tokko-2024-tokko_dec;gen-tokko-2024-tokko_march,https://www.e-stat.go.jp/stat-search/file-download?statInfId=000040375638&fileKind=1
09,092011,宇都宮市,e_kokko_futsuken,6,国庫支出金のうち普通建設事業費支出金(決算),2020-04-01,2021-03-31,2021-03-31,0,決算(年度末),,3341769.0,千円,,,,,未取得,,,,https://www.e-stat.go.jp/stat-search/file-download?statInfId=000032188698&fileKind=1
09,092011,宇都宮市,e_kokko_futsuken,6,国庫支出金のうち普通建設事業費支出金(決算),2021-04-01,2022-03-31,2022-03-31,0,決算(年度末),,3147953.0,千円,,,-193816.0,-0.0579980243996518,減少,2021-04-01,2022-03-31,gen-election-shugiin_20211031_smd_09_1;gen-election-shugiin_20211031_smd_09_2;gen-tokko-2021-tokko_dec;gen-tokko-2021-tokko_march;gen-mlit-release-2022,https://www.e-stat.go.jp/stat-search/file-download?statInfId=000040044921&fileKind=1
09,092011,宇都宮市,e_kokko_futsuken,6,国庫支出金のうち普通建設事業費支出金(決算),2022-04-01,2023-03-31,2023-03-31,0,決算(年度末),,4081328.0,千円,,,933375.0,0.29650220317774756,増加,2022-04-01,2023-03-31,gen-election-sangiin_20220710_smd_09_1;gen-tokko-2022-tokko_dec;gen-tokko-2022-tokko_march;gen-mlit-release-2023,https://www.e-stat.go.jp/stat-search/file-download?statInfId=000040171702&fileKind=1
09,092011,宇都宮市,e_kokko_futsuken,6,国庫支出金のうち普通建設事業費支出金(決算),2023-04-01,2024-03-31,2024-03-31,0,決算(年度末),,2581225.0,千円,,,-1500103.0,-0.367552669131224,減少,2023-04-01,2024-03-31,gen-tokko-2023-tokko_dec;gen-tokko-2023-tokko_march,https://www.e-stat.go.jp/stat-search/file-download?statInfId=000040231591&fileKind=1
09,092011,宇都宮市,e_kokko_futsuken,6,国庫支出金のうち普通建設事業費支出金(決算),2024-04-01,2025-03-31,2025-03-31,0,決算(年度末),,4472781.0,千円,,,1891556.0,0.7328132960125522,増加,2024-04-01,2025-03-31,gen-mlit-release-2024;gen-election-shugiin_20241027_smd_09_1;gen-election-shugiin_20241027_smd_09_2;gen-tokko-2024-tokko_dec;gen-tokko-2024-tokko_march,https://www.e-stat.go.jp/stat-search/file-download?statInfId=000040375638&fileKind=1
09,092011,宇都宮市,e_kokko_saigai,6,国庫支出金のうち災害復旧事業費支出金(決算),2020-04-01,2021-03-31,2021-03-31,0,決算(年度末),,95907.0,千円,,,,,未取得,,,,https://www.e-stat.go.jp/stat-search/file-download?statInfId=000032188698&fileKind=1
09,092011,宇都宮市,e_kokko_saigai,6,国庫支出金のうち災害復旧事業費支出金(決算),2021-04-01,2022-03-31,2022-03-31,0,決算(年度末),,26210.0,千円,,,-69697.0,-0.7267144212622645,減少,2021-04-01,2022-03-31,gen-election-shugiin_20211031_smd_09_1;gen-election-shugiin_20211031_smd_09_2;gen-tokko-2021-tokko_dec;gen-tokko-2021-tokko_march;gen-mlit-release-2022,https://www.e-stat.go.jp/stat-search/file-download?statInfId=000040044921&fileKind=1
09,092011,宇都宮市,e_kokko_saigai,6,国庫支出金のうち災害復旧事業費支出金(決算),2022-04-01,2023-03-31,2023-03-31,0,決算(年度末),,0.0,千円,,,-26210.0,-1.0,減少,2022-04-01,2023-03-31,gen-election-sangiin_20220710_smd_09_1;gen-tokko-2022-tokko_dec;gen-tokko-2022-tokko_march;gen-mlit-release-2023,https://www.e-stat.go.jp/stat-search/file-download?statInfId=000040171702&fileKind=1
09,092011,宇都宮市,e_kokko_saigai,6,国庫支出金のうち災害復旧事業費支出金(決算),2023-04-01,2024-03-31,2024-03-31,0,決算(年度末),,0.0,千円,,,0.0,,未取得,2023-04-01,2024-03-31,gen-tokko-2023-tokko_dec;gen-tokko-2023-tokko_march,https://www.e-stat.go.jp/stat-search/file-download?statInfId=000040231591&fileKind=1
09,092011,宇都宮市,e_kokko_saigai,6,国庫支出金のうち災害復旧事業費支出金(決算),2024-04-01,2025-03-31,2025-03-31,0,決算(年度末),,0.0,千円,,,0.0,,未取得,2024-04-01,2025-03-31,gen-mlit-release-2024;gen-election-shugiin_20241027_smd_09_1;gen-election-shugiin_20241027_smd_09_2;gen-tokko-2024-tokko_dec;gen-tokko-2024-tokko_march,https://www.e-stat.go.jp/stat-search/file-download?statInfId=000040375638&fileKind=1
09,092011,宇都宮市,e_kokko_shasoukou,6,国庫支出金のうち社会資本整備総合交付金(決算),2020-04-01,2021-03-31,2021-03-31,0,決算(年度末),,9587874.0,千円,,,,,未取得,,,,https://www.e-stat.go.jp/stat-search/file-download?statInfId=000032188698&fileKind=1
09,092011,宇都宮市,e_kokko_shasoukou,6,国庫支出金のうち社会資本整備総合交付金(決算),2021-04-01,2022-03-31,2022-03-31,0,決算(年度末),,9512265.0,千円,,,-75609.0,-0.007885898375385409,横ばい,2021-04-01,2022-03-31,gen-election-shugiin_20211031_smd_09_1;gen-election-shugiin_20211031_smd_09_2;gen-tokko-2021-tokko_dec;gen-tokko-2021-tokko_march;gen-mlit-release-2022,https://www.e-stat.go.jp/stat-search/file-download?statInfId=000040044921&fileKind=1
09,092011,宇都宮市,e_kokko_shasoukou,6,国庫支出金のうち社会資本整備総合交付金(決算),2022-04-01,2023-03-31,2023-03-31,0,決算(年度末),,12958041.0,千円,,,3445776.0,0.36224558504204835,増加,2022-04-01,2023-03-31,gen-election-sangiin_20220710_smd_09_1;gen-tokko-2022-tokko_dec;gen-tokko-2022-tokko_march;gen-mlit-release-2023,https://www.e-stat.go.jp/stat-search/file-download?statInfId=000040171702&fileKind=1
09,092011,宇都宮市,e_kokko_shasoukou,6,国庫支出金のうち社会資本整備総合交付金(決算),2023-04-01,2024-03-31,2024-03-31,0,決算(年度末),,4939422.0,千円,,,-8018619.0,-0.6188141401929504,減少,2023-04-01,2024-03-31,gen-tokko-2023-tokko_dec;gen-tokko-2023-tokko_march,https://www.e-stat.go.jp/stat-search/file-download?statInfId=000040231591&fileKind=1
09,092011,宇都宮市,e_kokko_shasoukou,6,国庫支出金のうち社会資本整備総合交付金(決算),2024-04-01,2025-03-31,2025-03-31,0,決算(年度末),,1625292.0,千円,,,-3314130.0,-0.6709550226726932,減少,2024-04-01,2025-03-31,gen-mlit-release-2024;gen-election-shugiin_20241027_smd_09_1;gen-election-shugiin_20241027_smd_09_2;gen-tokko-2024-tokko_dec;gen-tokko-2024-tokko_march,https://www.e-stat.go.jp/stat-search/file-download?statInfId=000040375638&fileKind=1
09,092011,宇都宮市,e_pref,6,都道府県支出金 計(決算),2020-04-01,2021-03-31,2021-03-31,0,決算(年度末),,15064847.0,千円,,,,,未取得,,,,https://www.e-stat.go.jp/stat-search/file-download?statInfId=000032188698&fileKind=1
09,092011,宇都宮市,e_pref,6,都道府県支出金 計(決算),2021-04-01,2022-03-31,2022-03-31,0,決算(年度末),,14910858.0,千円,,,-153989.0,-0.010221743373829154,横ばい,2021-04-01,2022-03-31,gen-election-shugiin_20211031_smd_09_1;gen-election-shugiin_20211031_smd_09_2;gen-tokko-2021-tokko_dec;gen-tokko-2021-tokko_march;gen-mlit-release-2022,https://www.e-stat.go.jp/stat-search/file-download?statInfId=000040044921&fileKind=1
09,092011,宇都宮市,e_pref,6,都道府県支出金 計(決算),2022-04-01,2023-03-31,2023-03-31,0,決算(年度末),,15601051.0,千円,,,690193.0,0.046287946676173836,横ばい,2022-04-01,2023-03-31,gen-election-sangiin_20220710_smd_09_1;gen-tokko-2022-tokko_dec;gen-tokko-2022-tokko_march;gen-mlit-release-2023,https://www.e-stat.go.jp/stat-search/file-download?statInfId=000040171702&fileKind=1
09,092011,宇都宮市,e_pref,6,都道府県支出金 計(決算),2023-04-01,2024-03-31,2024-03-31,0,決算(年度末),,15918214.0,千円,,,317163.0,0.0203295918973664,横ばい,2023-04-01,2024-03-31,gen-tokko-2023-tokko_dec;gen-tokko-2023-tokko_march,https://www.e-stat.go.jp/stat-search/file-download?statInfId=000040231591&fileKind=1
09,092011,宇都宮市,e_pref,6,都道府県支出金 計(決算),2024-04-01,2025-03-31,2025-03-31,0,決算(年度末),,17190525.0,千円,,,1272311.0,0.07992799946024096,増加,2024-04-01,2025-03-31,gen-mlit-release-2024;gen-election-shugiin_20241027_smd_09_1;gen-election-shugiin_20241027_smd_09_2;gen-tokko-2024-tokko_dec;gen-tokko-2024-tokko_march,https://www.e-stat.go.jp/stat-search/file-download?statInfId=000040375638&fileKind=1
09,092011,宇都宮市,e_futsu,6,普通交付税(決算),2020-04-01,2021-03-31,2021-03-31,0,決算(年度末),,2179760.0,千円,,,,,未取得,,,,https://www.e-stat.go.jp/stat-search/file-download?statInfId=000032188698&fileKind=1
09,092011,宇都宮市,e_futsu,6,普通交付税(決算),2021-04-01,2022-03-31,2022-03-31,0,決算(年度末),,3721240.0,千円,,,1541480.0,0.7071787719748963,増加,2021-04-01,2022-03-31,gen-election-shugiin_20211031_smd_09_1;gen-election-shugiin_20211031_smd_09_2;gen-tokko-2021-tokko_dec;gen-tokko-2021-tokko_march;gen-mlit-release-2022,https://www.e-stat.go.jp/stat-search/file-download?statInfId=000040044921&fileKind=1
09,092011,宇都宮市,e_futsu,6,普通交付税(決算),2022-04-01,2023-03-31,2023-03-31,0,決算(年度末),,2043076.0,千円,,,-1678164.0,-0.45096903182810033,減少,2022-04-01,2023-03-31,gen-election-sangiin_20220710_smd_09_1;gen-tokko-2022-tokko_dec;gen-tokko-2022-tokko_march;gen-mlit-release-2023,https://www.e-stat.go.jp/stat-search/file-download?statInfId=000040171702&fileKind=1
09,092011,宇都宮市,e_futsu,6,普通交付税(決算),2023-04-01,2024-03-31,2024-03-31,0,決算(年度末),,1746021.0,千円,,,-297055.0,-0.14539596177528394,減少,2023-04-01,2024-03-31,gen-tokko-2023-tokko_dec;gen-tokko-2023-tokko_march,https://www.e-stat.go.jp/stat-search/file-download?statInfId=000040231591&fileKind=1
09,092011,宇都宮市,e_futsu,6,普通交付税(決算),2024-04-01,2025-03-31,2025-03-31,0,決算(年度末),,2662781.0,千円,,,916760.0,0.5250566860306949,増加,2024-04-01,2025-03-31,gen-mlit-release-2024;gen-election-shugiin_20241027_smd_09_1;gen-election-shugiin_20241027_smd_09_2;gen-tokko-2024-tokko_dec;gen-tokko-2024-tokko_march,https://www.e-stat.go.jp/stat-search/file-download?statInfId=000040375638&fileKind=1
09,092011,宇都宮市,e_tokko,6,特別交付税(決算),2020-04-01,2021-03-31,2021-03-31,0,決算(年度末),,529831.0,千円,,,,,未取得,,,,https://www.e-stat.go.jp/stat-search/file-download?statInfId=000032188698&fileKind=1
09,092011,宇都宮市,e_tokko,6,特別交付税(決算),2021-04-01,2022-03-31,2022-03-31,0,決算(年度末),,709916.0,千円,,,180085.0,0.33989139933299484,増加,2021-04-01,2022-03-31,gen-election-shugiin_20211031_smd_09_1;gen-election-shugiin_20211031_smd_09_2;gen-tokko-2021-tokko_dec;gen-tokko-2021-tokko_march;gen-mlit-release-2022,https://www.e-stat.go.jp/stat-search/file-download?statInfId=000040044921&fileKind=1
09,092011,宇都宮市,e_tokko,6,特別交付税(決算),2022-04-01,2023-03-31,2023-03-31,0,決算(年度末),,3546909.0,千円,,,2836993.0,3.9962375830379933,増加,2022-04-01,2023-03-31,gen-election-sangiin_20220710_smd_09_1;gen-tokko-2022-tokko_dec;gen-tokko-2022-tokko_march;gen-mlit-release-2023,https://www.e-stat.go.jp/stat-search/file-download?statInfId=000040171702&fileKind=1
09,092011,宇都宮市,e_tokko,6,特別交付税(決算),2023-04-01,2024-03-31,2024-03-31,0,決算(年度末),,1303923.0,千円,,,-2242986.0,-0.6323776561507498,減少,2023-04-01,2024-03-31,gen-tokko-2023-tokko_dec;gen-tokko-2023-tokko_march,https://www.e-stat.go.jp/stat-search/file-download?statInfId=000040231591&fileKind=1
09,092011,宇都宮市,e_tokko,6,特別交付税(決算),2024-04-01,2025-03-31,2025-03-31,0,決算(年度末),,870084.0,千円,,,-433839.0,-0.3327182663393467,減少,2024-04-01,2025-03-31,gen-mlit-release-2024;gen-election-shugiin_20241027_smd_09_1;gen-election-shugiin_20241027_smd_09_2;gen-tokko-2024-tokko_dec;gen-tokko-2024-tokko_march,https://www.e-stat.go.jp/stat-search/file-download?statInfId=000040375638&fileKind=1
09,092011,宇都宮市,e_road_kokko,7,道路橋りょう費に充当した国庫支出金(決算),2020-04-01,2021-03-31,2021-03-31,0,決算(年度末),,781433.0,千円,,,,,未取得,,,,https://www.e-stat.go.jp/stat-search/file-download?statInfId=000032188710&fileKind=1
09,092011,宇都宮市,e_road_kokko,7,道路橋りょう費に充当した国庫支出金(決算),2021-04-01,2022-03-31,2022-03-31,0,決算(年度末),,968864.0,千円,,,187431.0,0.23985549624855873,増加,2021-04-01,2022-03-31,gen-election-shugiin_20211031_smd_09_1;gen-election-shugiin_20211031_smd_09_2;gen-tokko-2021-tokko_dec;gen-tokko-2021-tokko_march;gen-mlit-release-2022,https://www.e-stat.go.jp/stat-search/file-download?statInfId=000040044933&fileKind=1
09,092011,宇都宮市,e_road_kokko,7,道路橋りょう費に充当した国庫支出金(決算),2022-04-01,2023-03-31,2023-03-31,0,決算(年度末),,1395319.0,千円,,,426455.0,0.44015981603197146,増加,2022-04-01,2023-03-31,gen-election-sangiin_20220710_smd_09_1;gen-tokko-2022-tokko_dec;gen-tokko-2022-tokko_march;gen-mlit-release-2023,https://www.e-stat.go.jp/stat-search/file-download?statInfId=000040171714&fileKind=1
09,092011,宇都宮市,e_road_kokko,7,道路橋りょう費に充当した国庫支出金(決算),2023-04-01,2024-03-31,2024-03-31,0,決算(年度末),,1233168.0,千円,,,-162151.0,-0.1162107016388367,減少,2023-04-01,2024-03-31,gen-tokko-2023-tokko_dec;gen-tokko-2023-tokko_march,https://www.e-stat.go.jp/stat-search/file-download?statInfId=000040231603&fileKind=1
09,092011,宇都宮市,e_road_kokko,7,道路橋りょう費に充当した国庫支出金(決算),2024-04-01,2025-03-31,2025-03-31,0,決算(年度末),,1019135.0,千円,,,-214033.0,-0.17356353716606335,減少,2024-04-01,2025-03-31,gen-mlit-release-2024;gen-election-shugiin_20241027_smd_09_1;gen-election-shugiin_20241027_smd_09_2;gen-tokko-2024-tokko_dec;gen-tokko-2024-tokko_march,https://www.e-stat.go.jp/stat-search/file-download?statInfId=000040375650&fileKind=1
09,092011,宇都宮市,e_hojo_road_kokko,8,補助事業費(道路・橋りょう)の国庫支出金(決算),2020-04-01,2021-03-31,2021-03-31,0,決算(年度末),,781433.0,千円,,,,,未取得,,,,https://www.e-stat.go.jp/stat-search/file-download?statInfId=000032188732&fileKind=1
09,092011,宇都宮市,e_hojo_road_kokko,8,補助事業費(道路・橋りょう)の国庫支出金(決算),2021-04-01,2022-03-31,2022-03-31,0,決算(年度末),,968864.0,千円,,,187431.0,0.23985549624855873,増加,2021-04-01,2022-03-31,gen-election-shugiin_20211031_smd_09_1;gen-election-shugiin_20211031_smd_09_2;gen-tokko-2021-tokko_dec;gen-tokko-2021-tokko_march;gen-mlit-release-2022,https://www.e-stat.go.jp/stat-search/file-download?statInfId=000040044955&fileKind=1
09,092011,宇都宮市,e_hojo_road_kokko,8,補助事業費(道路・橋りょう)の国庫支出金(決算),2022-04-01,2023-03-31,2023-03-31,0,決算(年度末),,1395319.0,千円,,,426455.0,0.44015981603197146,増加,2022-04-01,2023-03-31,gen-election-sangiin_20220710_smd_09_1;gen-tokko-2022-tokko_dec;gen-tokko-2022-tokko_march;gen-mlit-release-2023,https://www.e-stat.go.jp/stat-search/file-download?statInfId=000040171736&fileKind=1
09,092011,宇都宮市,e_hojo_road_kokko,8,補助事業費(道路・橋りょう)の国庫支出金(決算),2023-04-01,2024-03-31,2024-03-31,0,決算(年度末),,1215917.0,千円,,,-179402.0,-0.1285741826779396,減少,2023-04-01,2024-03-31,gen-tokko-2023-tokko_dec;gen-tokko-2023-tokko_march,https://www.e-stat.go.jp/stat-search/file-download?statInfId=000040231625&fileKind=1
09,092011,宇都宮市,e_hojo_road_kokko,8,補助事業費(道路・橋りょう)の国庫支出金(決算),2024-04-01,2025-03-31,2025-03-31,0,決算(年度末),,1005841.0,千円,,,-210076.0,-0.1727716612235868,減少,2024-04-01,2025-03-31,gen-mlit-release-2024;gen-election-shugiin_20241027_smd_09_1;gen-election-shugiin_20241027_smd_09_2;gen-tokko-2024-tokko_dec;gen-tokko-2024-tokko_march,https://www.e-stat.go.jp/stat-search/file-download?statInfId=000040375672&fileKind=1
09,092011,宇都宮市,futsu_decided,9,普通交付税 当初決定額,2021-04-01,2022-03-31,2021-08-03,0,当初決定日(算定結果の報道資料の日付),2021-08-03,1571569.0,千円,,,,,未取得,,,,https://www.soumu.go.jp/main_content/000761570.xlsx
09,092011,宇都宮市,futsu_decided,9,普通交付税 当初決定額,2022-04-01,2023-03-31,2022-07-26,0,当初決定日(算定結果の報道資料の日付),2022-07-26,1419421.0,千円,,,-152148.0,-0.09681280300133178,減少,2021-08-04,2022-07-26,gen-election-shugiin_20211031_smd_09_1;gen-election-shugiin_20211031_smd_09_2;gen-tokko-2021-tokko_dec;gen-tokko-2021-tokko_march;gen-mlit-release-2022;gen-election-sangiin_20220710_smd_09_1,https://www.soumu.go.jp/main_content/000762090.xlsx
09,092011,宇都宮市,futsu_decided,9,普通交付税 当初決定額,2023-04-01,2024-03-31,2023-07-28,0,当初決定日(算定結果の報道資料の日付),2023-07-28,1045832.0,千円,,,-373589.0,-0.26319816319471107,減少,2022-07-27,2023-07-28,gen-tokko-2022-tokko_dec;gen-tokko-2022-tokko_march;gen-mlit-release-2023,https://www.soumu.go.jp/main_content/000894237.xlsx
09,092011,宇都宮市,futsu_decided,9,普通交付税 当初決定額,2024-04-01,2025-03-31,2024-07-23,0,当初決定日(算定結果の報道資料の日付),2024-07-23,1157548.0,千円,,,111716.0,0.10682021586641066,増加,2023-07-29,2024-07-23,gen-tokko-2023-tokko_dec;gen-tokko-2023-tokko_march;gen-mlit-release-2024,https://www.soumu.go.jp/main_content/000958553.xlsx
09,092011,宇都宮市,futsu_decided,9,普通交付税 当初決定額,2025-04-01,2026-03-31,2025-07-29,0,当初決定日(算定結果の報道資料の日付),2025-07-29,0.0,千円,,,-1157548.0,-1.0,減少,2024-07-24,2025-07-29,gen-election-shugiin_20241027_smd_09_1;gen-election-shugiin_20241027_smd_09_2;gen-tokko-2024-tokko_dec;gen-tokko-2024-tokko_march;gen-mlit-release-2025;gen-election-sangiin_20250720_smd_09_1,https://www.soumu.go.jp/main_content/001022466.xlsx
09,092011,宇都宮市,futsu_decided,9,普通交付税 当初決定額,2026-04-01,2027-03-31,2026-07-24,0,当初決定日(算定結果の報道資料の日付),2026-07-24,0.0,千円,,,0.0,,未取得,2025-07-30,2026-07-24,gen-tokko-2025-tokko_dec;gen-election-shugiin_20260208_smd_09_1;gen-election-shugiin_20260208_smd_09_2;gen-cabinet-2026-02-18;gen-position-motegi_toshimitsu-外務大臣-2026-02-18;gen-tokko-2025-tokko_march;gen-mlit-release-2026,https://www.soumu.go.jp/main_content/001083404.xlsx
09,092011,宇都宮市,kofu_total,10,国交省 交付決定額 計(年度合計),2017-04-01,2018-03-31,2017-05-31,1,年度内で最後の交付決定日(交付決定がない年度は年度末)。値は年度合計(変更減額を含む),,5948790.0,千円,,,,,未取得,,,,https://www.mlit.go.jp/common/001210869.xlsx
09,092011,宇都宮市,kofu_total,10,国交省 交付決定額 計(年度合計),2018-04-01,2019-03-31,2018-09-06,1,年度内で最後の交付決定日(交付決定がない年度は年度末)。値は年度合計(変更減額を含む),,11567514.0,千円,,,5618724.0,0.9445154392742053,増加,2017-06-01,2018-09-06,,https://www.mlit.go.jp/common/001260907.xlsx
09,092011,宇都宮市,kofu_total,10,国交省 交付決定額 計(年度合計),2019-04-01,2020-03-31,2020-02-18,1,年度内で最後の交付決定日(交付決定がない年度は年度末)。値は年度合計(変更減額を含む),,11388746.0,千円,,,-178768.0,-0.015454314557129561,横ばい,2018-09-07,2020-02-18,,https://www.mlit.go.jp/common/001316172.xlsx
09,092011,宇都宮市,kofu_total,10,国交省 交付決定額 計(年度合計),2020-04-01,2021-03-31,2021-03-22,1,年度内で最後の交付決定日(交付決定がない年度は年度末)。値は年度合計(変更減額を含む),,11431774.0,千円,,,43028.0,0.0037781156942125146,横ばい,2020-02-19,2021-03-22,gen-tokko-2020-tokko_dec;gen-tokko-2020-tokko_march,https://www.mlit.go.jp/common/001371589.xlsx
09,092011,宇都宮市,kofu_total,10,国交省 交付決定額 計(年度合計),2021-04-01,2022-03-31,2022-03-25,1,年度内で最後の交付決定日(交付決定がない年度は年度末)。値は年度合計(変更減額を含む),,14981476.0,千円,,,3549702.0,0.310511911799516,増加,2021-03-23,2022-03-25,gen-mlit-release-2021;gen-election-shugiin_20211031_smd_09_1;gen-election-shugiin_20211031_smd_09_2;gen-tokko-2021-tokko_dec;gen-tokko-2021-tokko_march;gen-mlit-release-2022,https://www.mlit.go.jp/common/001579048.xlsx
09,092011,宇都宮市,kofu_total,10,国交省 交付決定額 計(年度合計),2022-04-01,2023-03-31,2023-03-06,1,年度内で最後の交付決定日(交付決定がない年度は年度末)。値は年度合計(変更減額を含む),,12412816.0,千円,,,-2568660.0,-0.1714557364040766,減少,2022-03-26,2023-03-06,gen-election-sangiin_20220710_smd_09_1;gen-tokko-2022-tokko_dec,https://www.mlit.go.jp/common/001426891.xlsx
09,092011,宇都宮市,kofu_total,10,国交省 交付決定額 計(年度合計),2023-04-01,2024-03-31,2024-03-26,1,年度内で最後の交付決定日(交付決定がない年度は年度末)。値は年度合計(変更減額を含む),,5902547.0,千円,,,-6510269.0,-0.5244796184846372,減少,2023-03-07,2024-03-26,gen-tokko-2022-tokko_march;gen-mlit-release-2023;gen-tokko-2023-tokko_dec;gen-tokko-2023-tokko_march,https://www.mlit.go.jp/page/content/001749355.xlsx
09,092011,宇都宮市,kofu_total,10,国交省 交付決定額 計(年度合計),2024-04-01,2025-03-31,2025-03-24,1,年度内で最後の交付決定日(交付決定がない年度は年度末)。値は年度合計(変更減額を含む),,7130410.0,千円,,,1227863.0,0.2080225705953718,増加,2024-03-27,2025-03-24,gen-mlit-release-2024;gen-election-shugiin_20241027_smd_09_1;gen-election-shugiin_20241027_smd_09_2;gen-tokko-2024-tokko_dec;gen-tokko-2024-tokko_march,https://www.mlit.go.jp/page/content/001889200.xlsx
09,092011,宇都宮市,kofu_total,10,国交省 交付決定額 計(年度合計),2025-04-01,2026-03-31,2026-03-26,1,年度内で最後の交付決定日(交付決定がない年度は年度末)。値は年度合計(変更減額を含む),,7949946.5,千円,,,819536.5,0.11493539642180464,増加,2025-03-25,2026-03-26,gen-mlit-release-2025;gen-election-sangiin_20250720_smd_09_1;gen-tokko-2025-tokko_dec;gen-election-shugiin_20260208_smd_09_1;gen-election-shugiin_20260208_smd_09_2;gen-cabinet-2026-02-18;gen-position-motegi_toshimitsu-外務大臣-2026-02-18;gen-tokko-2025-tokko_march,https://www.mlit.go.jp/page/content/001968987.xlsx
09,092011,宇都宮市,kofu_shasoukou,10,国交省 交付決定額 社会資本整備総合交付金,2017-04-01,2018-03-31,2018-03-31,1,年度内で最後の交付決定日(交付決定がない年度は年度末)。値は年度合計(変更減額を含む),,4934772.0,千円,,,,,未取得,,,,https://www.mlit.go.jp/common/001306061.xlsx
09,092011,宇都宮市,kofu_shasoukou,10,国交省 交付決定額 社会資本整備総合交付金,2018-04-01,2019-03-31,2018-09-06,1,年度内で最後の交付決定日(交付決定がない年度は年度末)。値は年度合計(変更減額を含む),,11556425.0,千円,,,6621653.0,1.3418356511709153,増加,2018-04-01,2018-09-06,,https://www.mlit.go.jp/common/001288716.xlsx
09,092011,宇都宮市,kofu_shasoukou,10,国交省 交付決定額 社会資本整備総合交付金,2019-04-01,2020-03-31,2020-03-31,1,年度内で最後の交付決定日(交付決定がない年度は年度末)。値は年度合計(変更減額を含む),,10603919.0,千円,,,-952506.0,-0.08242220236794684,減少,2018-09-07,2020-03-31,,https://www.mlit.go.jp/common/001316186.xlsx
09,092011,宇都宮市,kofu_shasoukou,10,国交省 交付決定額 社会資本整備総合交付金,2020-04-01,2021-03-31,2021-03-31,1,年度内で最後の交付決定日(交付決定がない年度は年度末)。値は年度合計(変更減額を含む),,8281123.0,千円,,,-2322796.0,-0.21905071134549406,減少,2020-04-01,2021-03-31,gen-tokko-2020-tokko_dec;gen-tokko-2020-tokko_march;gen-mlit-release-2021,https://www.mlit.go.jp/common/001371606.xlsx
09,092011,宇都宮市,kofu_shasoukou,10,国交省 交付決定額 社会資本整備総合交付金,2021-04-01,2022-03-31,2022-03-31,1,年度内で最後の交付決定日(交付決定がない年度は年度末)。値は年度合計(変更減額を含む),,13889426.0,千円,,,5608303.0,0.67723942755107,増加,2021-04-01,2022-03-31,gen-election-shugiin_20211031_smd_09_1;gen-election-shugiin_20211031_smd_09_2;gen-tokko-2021-tokko_dec;gen-tokko-2021-tokko_march;gen-mlit-release-2022,https://www.mlit.go.jp/common/001579064.xlsx
09,092011,宇都宮市,kofu_shasoukou,10,国交省 交付決定額 社会資本整備総合交付金,2022-04-01,2023-03-31,2023-03-31,1,年度内で最後の交付決定日(交付決定がない年度は年度末)。値は年度合計(変更減額を含む),,7569372.0,千円,,,-6320054.0,-0.4550262912232658,減少,2022-04-01,2023-03-31,gen-election-sangiin_20220710_smd_09_1;gen-tokko-2022-tokko_dec;gen-tokko-2022-tokko_march;gen-mlit-release-2023,https://www.mlit.go.jp/common/001426909.xlsx
09,092011,宇都宮市,kofu_shasoukou,10,国交省 交付決定額 社会資本整備総合交付金,2023-04-01,2024-03-31,2023-08-22,1,年度内で最後の交付決定日(交付決定がない年度は年度末)。値は年度合計(変更減額を含む),,2616310.0,千円,,,-4953062.0,-0.6543557378339974,減少,2023-04-01,2023-08-22,,https://www.mlit.go.jp/page/content/001708175.xlsx
09,092011,宇都宮市,kofu_shasoukou,10,国交省 交付決定額 社会資本整備総合交付金,2024-04-01,2025-03-31,2025-03-11,1,年度内で最後の交付決定日(交付決定がない年度は年度末)。値は年度合計(変更減額を含む),,3195091.0,千円,,,578781.0,0.22122034468392507,増加,2023-08-23,2025-03-11,gen-tokko-2023-tokko_dec;gen-tokko-2023-tokko_march;gen-mlit-release-2024;gen-election-shugiin_20241027_smd_09_1;gen-election-shugiin_20241027_smd_09_2;gen-tokko-2024-tokko_dec,https://www.mlit.go.jp/page/content/001842591.xlsx
09,092011,宇都宮市,kofu_shasoukou,10,国交省 交付決定額 社会資本整備総合交付金,2025-04-01,2026-03-31,2026-03-26,1,年度内で最後の交付決定日(交付決定がない年度は年度末)。値は年度合計(変更減額を含む),,4150685.0,千円,,,955594.0,0.2990819353814962,増加,2025-03-12,2026-03-26,gen-tokko-2024-tokko_march;gen-mlit-release-2025;gen-election-sangiin_20250720_smd_09_1;gen-tokko-2025-tokko_dec;gen-election-shugiin_20260208_smd_09_1;gen-election-shugiin_20260208_smd_09_2;gen-cabinet-2026-02-18;gen-position-motegi_toshimitsu-外務大臣-2026-02-18;gen-tokko-2025-tokko_march,https://www.mlit.go.jp/page/content/001969014.xlsx
09,092011,宇都宮市,kofu_bouan,10,国交省 交付決定額 防災・安全交付金,2017-04-01,2018-03-31,2018-03-31,1,年度内で最後の交付決定日(交付決定がない年度は年度末)。値は年度合計(変更減額を含む),,1185526.0,千円,,,,,未取得,,,,https://www.mlit.go.jp/common/001306061.xlsx
09,092011,宇都宮市,kofu_bouan,10,国交省 交付決定額 防災・安全交付金,2018-04-01,2019-03-31,2018-09-03,1,年度内で最後の交付決定日(交付決定がない年度は年度末)。値は年度合計(変更減額を含む),,1102247.0,千円,,,-83279.0,-0.0702464560034955,減少,2018-04-01,2018-09-03,,https://www.mlit.go.jp/common/001288716.xlsx
09,092011,宇都宮市,kofu_bouan,10,国交省 交付決定額 防災・安全交付金,2019-04-01,2020-03-31,2020-03-31,1,年度内で最後の交付決定日(交付決定がない年度は年度末)。値は年度合計(変更減額を含む),,1556692.0,千円,,,454445.0,0.41228962292480725,増加,2018-09-04,2020-03-31,,https://www.mlit.go.jp/common/001316186.xlsx
09,092011,宇都宮市,kofu_bouan,10,国交省 交付決定額 防災・安全交付金,2020-04-01,2021-03-31,2021-03-31,1,年度内で最後の交付決定日(交付決定がない年度は年度末)。値は年度合計(変更減額を含む),,1302186.0,千円,,,-254506.0,-0.16349155773910318,減少,2020-04-01,2021-03-31,gen-tokko-2020-tokko_dec;gen-tokko-2020-tokko_march;gen-mlit-release-2021,https://www.mlit.go.jp/common/001371606.xlsx
09,092011,宇都宮市,kofu_bouan,10,国交省 交付決定額 防災・安全交付金,2021-04-01,2022-03-31,2022-03-31,1,年度内で最後の交付決定日(交付決定がない年度は年度末)。値は年度合計(変更減額を含む),,2102623.0,千円,,,800437.0,0.614687149147664,増加,2021-04-01,2022-03-31,gen-election-shugiin_20211031_smd_09_1;gen-election-shugiin_20211031_smd_09_2;gen-tokko-2021-tokko_dec;gen-tokko-2021-tokko_march;gen-mlit-release-2022,https://www.mlit.go.jp/common/001579064.xlsx
09,092011,宇都宮市,kofu_bouan,10,国交省 交付決定額 防災・安全交付金,2022-04-01,2023-03-31,2023-03-31,1,年度内で最後の交付決定日(交付決定がない年度は年度末)。値は年度合計(変更減額を含む),,3390977.0,千円,,,1288354.0,0.6127365676110268,増加,2022-04-01,2023-03-31,gen-election-sangiin_20220710_smd_09_1;gen-tokko-2022-tokko_dec;gen-tokko-2022-tokko_march;gen-mlit-release-2023,https://www.mlit.go.jp/common/001426909.xlsx
09,092011,宇都宮市,kofu_bouan,10,国交省 交付決定額 防災・安全交付金,2023-04-01,2024-03-31,2023-08-18,1,年度内で最後の交付決定日(交付決定がない年度は年度末)。値は年度合計(変更減額を含む),,2345587.0,千円,,,-1045390.0,-0.3082857831238608,減少,2023-04-01,2023-08-18,,https://www.mlit.go.jp/page/content/001708175.xlsx
09,092011,宇都宮市,kofu_bouan,10,国交省 交付決定額 防災・安全交付金,2024-04-01,2025-03-31,2025-03-07,1,年度内で最後の交付決定日(交付決定がない年度は年度末)。値は年度合計(変更減額を含む),,3255836.0,千円,,,910249.0,0.3880687435597145,増加,2023-08-19,2025-03-07,gen-tokko-2023-tokko_dec;gen-tokko-2023-tokko_march;gen-mlit-release-2024;gen-election-shugiin_20241027_smd_09_1;gen-election-shugiin_20241027_smd_09_2;gen-tokko-2024-tokko_dec,https://www.mlit.go.jp/page/content/001842591.xlsx
09,092011,宇都宮市,kofu_bouan,10,国交省 交付決定額 防災・安全交付金,2025-04-01,2026-03-31,2026-03-26,1,年度内で最後の交付決定日(交付決定がない年度は年度末)。値は年度合計(変更減額を含む),,3201227.0,千円,,,-54609.0,-0.016772650710908044,横ばい,2025-03-08,2026-03-26,gen-tokko-2024-tokko_march;gen-mlit-release-2025;gen-election-sangiin_20250720_smd_09_1;gen-tokko-2025-tokko_dec;gen-election-shugiin_20260208_smd_09_1;gen-election-shugiin_20260208_smd_09_2;gen-cabinet-2026-02-18;gen-position-motegi_toshimitsu-外務大臣-2026-02-18;gen-tokko-2025-tokko_march,https://www.mlit.go.jp/page/content/001969014.xlsx
09,092011,宇都宮市,kofu_road,10,国交省 交付決定額 道路関係の補助,2017-04-01,2018-03-31,2017-05-31,1,年度内で最後の交付決定日(交付決定がない年度は年度末)。値は年度合計(変更減額を含む),,992800.0,千円,,,,,未取得,,,,https://www.mlit.go.jp/common/001234557.xlsx
09,092011,宇都宮市,kofu_road,10,国交省 交付決定額 道路関係の補助,2018-04-01,2019-03-31,2019-03-31,1,年度内で最後の交付決定日(交付決定がない年度は年度末)。値は年度合計(変更減額を含む),,0.0,千円,,,-992800.0,-1.0,減少,2017-06-01,2019-03-31,,https://www.mlit.go.jp/common/001260897.xlsx
09,092011,宇都宮市,kofu_road,10,国交省 交付決定額 道路関係の補助,2019-04-01,2020-03-31,2020-03-31,1,年度内で最後の交付決定日(交付決定がない年度は年度末)。値は年度合計(変更減額を含む),,157850.0,千円,,,157850.0,,未取得,2019-04-01,2020-03-31,,https://www.mlit.go.jp/common/001316175.xlsx
09,092011,宇都宮市,kofu_road,10,国交省 交付決定額 道路関係の補助,2020-04-01,2021-03-31,2021-03-31,1,年度内で最後の交付決定日(交付決定がない年度は年度末)。値は年度合計(変更減額を含む),,487355.0,千円,,,329505.0,2.0874564459930314,増加,2020-04-01,2021-03-31,gen-tokko-2020-tokko_dec;gen-tokko-2020-tokko_march;gen-mlit-release-2021,https://www.mlit.go.jp/common/001371629.xlsx
09,092011,宇都宮市,kofu_road,10,国交省 交付決定額 道路関係の補助,2021-04-01,2022-03-31,2022-03-18,1,年度内で最後の交付決定日(交付決定がない年度は年度末)。値は年度合計(変更減額を含む),,379962.0,千円,,,-107393.0,-0.22035887597336642,減少,2021-04-01,2022-03-18,gen-election-shugiin_20211031_smd_09_1;gen-election-shugiin_20211031_smd_09_2;gen-tokko-2021-tokko_dec;gen-tokko-2021-tokko_march,https://www.mlit.go.jp/common/001579051.xlsx
09,092011,宇都宮市,kofu_road,10,国交省 交付決定額 道路関係の補助,2022-04-01,2023-03-31,2023-01-20,1,年度内で最後の交付決定日(交付決定がない年度は年度末)。値は年度合計(変更減額を含む),,405480.0000000001,千円,,,25518.000000000116,0.06715934751369905,増加,2022-03-19,2023-01-20,gen-mlit-release-2022;gen-election-sangiin_20220710_smd_09_1;gen-tokko-2022-tokko_dec,https://www.mlit.go.jp/common/001426897.xlsx
09,092011,宇都宮市,kofu_road,10,国交省 交付決定額 道路関係の補助,2023-04-01,2024-03-31,2024-01-23,1,年度内で最後の交付決定日(交付決定がない年度は年度末)。値は年度合計(変更減額を含む),,501217.00000000006,千円,,,95736.99999999994,0.23610782282726625,増加,2023-01-21,2024-01-23,gen-tokko-2022-tokko_march;gen-mlit-release-2023;gen-tokko-2023-tokko_dec,https://www.mlit.go.jp/page/content/001708164.xlsx
09,092011,宇都宮市,kofu_road,10,国交省 交付決定額 道路関係の補助,2024-04-01,2025-03-31,2025-02-07,1,年度内で最後の交付決定日(交付決定がない年度は年度末)。値は年度合計(変更減額を含む),,464379.99999999994,千円,,,-36837.00000000012,-0.07349511289521328,減少,2024-01-24,2025-02-07,gen-tokko-2023-tokko_march;gen-mlit-release-2024;gen-election-shugiin_20241027_smd_09_1;gen-election-shugiin_20241027_smd_09_2;gen-tokko-2024-tokko_dec,https://www.mlit.go.jp/page/content/001889202.xlsx
09,092011,宇都宮市,kofu_road,10,国交省 交付決定額 道路関係の補助,2025-04-01,2026-03-31,2026-01-23,1,年度内で最後の交付決定日(交付決定がない年度は年度末)。値は年度合計(変更減額を含む),,516724.0,千円,,,52344.00000000006,0.11271803264567824,増加,2025-02-08,2026-01-23,gen-tokko-2024-tokko_march;gen-mlit-release-2025;gen-election-sangiin_20250720_smd_09_1;gen-tokko-2025-tokko_dec,https://www.mlit.go.jp/page/content/001969000.xlsx
09,092029,足利市,card_kokko,1,国庫支出金(決算),2020-04-01,2021-03-31,2021-03-31,0,決算(年度末),,25340062.0,千円,,,,,未取得,,,,https://www.soumu.go.jp/main_content/000804135.xlsx
09,092029,足利市,card_kokko,1,国庫支出金(決算),2021-04-01,2022-03-31,2022-03-31,0,決算(年度末),,13838089.0,千円,,,-11501973.0,-0.4539046905252244,減少,2021-04-01,2022-03-31,gen-election-shugiin_20211031_smd_09_5;gen-tokko-2021-tokko_dec;gen-tokko-2021-tokko_march;gen-mlit-release-2022,https://www.soumu.go.jp/main_content/000873399.xlsx
09,092029,足利市,card_kokko,1,国庫支出金(決算),2022-04-01,2023-03-31,2023-03-31,0,決算(年度末),,11778871.0,千円,,,-2059218.0,-0.1488079748583782,減少,2022-04-01,2023-03-31,gen-election-sangiin_20220710_smd_09_1;gen-tokko-2022-tokko_dec;gen-tokko-2022-tokko_march;gen-mlit-release-2023,https://www.soumu.go.jp/main_content/000937050.xlsx
09,092029,足利市,card_kokko,1,国庫支出金(決算),2023-04-01,2024-03-31,2024-03-31,0,決算(年度末),,12035230.0,千円,,,256359.0,0.021764310008998314,横ばい,2023-04-01,2024-03-31,gen-tokko-2023-tokko_dec;gen-tokko-2023-tokko_march,https://www.soumu.go.jp/main_content/000998938.xlsx
09,092029,足利市,card_kokko,1,国庫支出金(決算),2024-04-01,2025-03-31,2025-03-31,0,決算(年度末),,9981297.0,千円,,,-2053933.0,-0.17066005385854696,減少,2024-04-01,2025-03-31,gen-mlit-release-2024;gen-election-shugiin_20241027_smd_09_5;gen-tokko-2024-tokko_dec;gen-tokko-2024-tokko_march,https://www.soumu.go.jp/main_content/001063963.xlsx
09,092029,足利市,card_pref,2,県支出金(決算),2020-04-01,2021-03-31,2021-03-31,0,決算(年度末),,4359028.0,千円,,,,,未取得,,,,https://www.soumu.go.jp/main_content/000804135.xlsx
09,092029,足利市,card_pref,2,県支出金(決算),2021-04-01,2022-03-31,2022-03-31,0,決算(年度末),,4262858.0,千円,,,-96170.0,-0.02206225791621435,横ばい,2021-04-01,2022-03-31,gen-election-shugiin_20211031_smd_09_5;gen-tokko-2021-tokko_dec;gen-tokko-2021-tokko_march;gen-mlit-release-2022,https://www.soumu.go.jp/main_content/000873399.xlsx
09,092029,足利市,card_pref,2,県支出金(決算),2022-04-01,2023-03-31,2023-03-31,0,決算(年度末),,4518051.0,千円,,,255193.0,0.05986429761441737,増加,2022-04-01,2023-03-31,gen-election-sangiin_20220710_smd_09_1;gen-tokko-2022-tokko_dec;gen-tokko-2022-tokko_march;gen-mlit-release-2023,https://www.soumu.go.jp/main_content/000937050.xlsx
09,092029,足利市,card_pref,2,県支出金(決算),2023-04-01,2024-03-31,2024-03-31,0,決算(年度末),,4264464.0,千円,,,-253587.0,-0.05612752047287647,減少,2023-04-01,2024-03-31,gen-tokko-2023-tokko_dec;gen-tokko-2023-tokko_march,https://www.soumu.go.jp/main_content/000998938.xlsx
09,092029,足利市,card_pref,2,県支出金(決算),2024-04-01,2025-03-31,2025-03-31,0,決算(年度末),,4636794.0,千円,,,372330.0,0.08730991749490674,増加,2024-04-01,2025-03-31,gen-mlit-release-2024;gen-election-shugiin_20241027_smd_09_5;gen-tokko-2024-tokko_dec;gen-tokko-2024-tokko_march,https://www.soumu.go.jp/main_content/001063963.xlsx
09,092029,足利市,tokko_dec,3a,特別交付税 12月分,2020-04-01,2021-03-31,2020-12-08,0,交付決定日(報道発表),2020-12-08,67888.0,千円,,,,,未取得,,,,https://www.soumu.go.jp/main_content/000721607.pdf
09,092029,足利市,tokko_dec,3a,特別交付税 12月分,2021-04-01,2022-03-31,2021-12-03,0,交付決定日(報道発表),2021-12-03,110295.0,千円,,,42407.0,0.6246612066933773,増加,2020-12-09,2021-12-03,gen-tokko-2020-tokko_march;gen-mlit-release-2021;gen-election-shugiin_20211031_smd_09_5;gen-tokko-2021-tokko_dec,https://www.soumu.go.jp/main_content/000780948.pdf
09,092029,足利市,tokko_dec,3a,特別交付税 12月分,2022-04-01,2023-03-31,2022-12-13,0,交付決定日(報道発表),2022-12-13,52717.0,千円,,,-57578.0,-0.522036357042477,減少,2021-12-04,2022-12-13,gen-tokko-2021-tokko_march;gen-mlit-release-2022;gen-election-sangiin_20220710_smd_09_1;gen-tokko-2022-tokko_dec,https://www.soumu.go.jp/main_content/000850537.pdf
09,092029,足利市,tokko_dec,3a,特別交付税 12月分,2023-04-01,2024-03-31,2023-12-12,0,交付決定日(報道発表),2023-12-12,80347.0,千円,,,27630.0,0.5241193542879906,増加,2022-12-14,2023-12-12,gen-tokko-2022-tokko_march;gen-mlit-release-2023;gen-tokko-2023-tokko_dec,https://www.soumu.go.jp/main_content/000916643.pdf
09,092029,足利市,tokko_dec,3a,特別交付税 12月分,2024-04-01,2025-03-31,2024-12-20,0,交付決定日(報道発表),2024-12-20,71516.0,千円,,,-8831.0,-0.10991076206952344,減少,2023-12-13,2024-12-20,gen-tokko-2023-tokko_march;gen-mlit-release-2024;gen-election-shugiin_20241027_smd_09_5;gen-tokko-2024-tokko_dec,https://www.soumu.go.jp/main_content/000983129.pdf
09,092029,足利市,tokko_dec,3a,特別交付税 12月分,2025-04-01,2026-03-31,2025-12-19,0,交付決定日(報道発表),2025-12-19,99533.0,千円,,,28017.0,0.39175848761116394,増加,2024-12-21,2025-12-19,gen-tokko-2024-tokko_march;gen-mlit-release-2025;gen-election-sangiin_20250720_smd_09_1;gen-tokko-2025-tokko_dec,https://www.soumu.go.jp/main_content/001046667.pdf
09,092029,足利市,tokko_march,3b,特別交付税 3月分,2020-04-01,2021-03-31,2021-03-19,0,交付決定日(報道発表),2021-03-19,500542.0,千円,,,,,未取得,,,,https://www.soumu.go.jp/main_content/000738961.pdf
09,092029,足利市,tokko_march,3b,特別交付税 3月分,2021-04-01,2022-03-31,2022-03-18,0,交付決定日(報道発表),2022-03-18,582433.0,千円,,,81891.0,0.16360465255662862,増加,2021-03-20,2022-03-18,gen-mlit-release-2021;gen-election-shugiin_20211031_smd_09_5;gen-tokko-2021-tokko_dec;gen-tokko-2021-tokko_march,https://www.soumu.go.jp/main_content/000799619.pdf
09,092029,足利市,tokko_march,3b,特別交付税 3月分,2022-04-01,2023-03-31,2023-03-22,0,交付決定日(報道発表),2023-03-22,651010.0,千円,,,68577.0,0.11774229825576504,増加,2022-03-19,2023-03-22,gen-mlit-release-2022;gen-election-sangiin_20220710_smd_09_1;gen-tokko-2022-tokko_dec;gen-tokko-2022-tokko_march,https://www.soumu.go.jp/main_content/000869990.pdf
09,092029,足利市,tokko_march,3b,特別交付税 3月分,2023-04-01,2024-03-31,2024-03-22,0,交付決定日(報道発表),2024-03-22,630193.0,千円,,,-20817.0,-0.03197646733537119,横ばい,2023-03-23,2024-03-22,gen-mlit-release-2023;gen-tokko-2023-tokko_dec;gen-tokko-2023-tokko_march,https://www.soumu.go.jp/main_content/000997045.pdf
09,092029,足利市,tokko_march,3b,特別交付税 3月分,2024-04-01,2025-03-31,2025-03-21,0,交付決定日(報道発表),2025-03-21,649378.0,千円,,,19185.0,0.03044305474672045,横ばい,2024-03-23,2025-03-21,gen-mlit-release-2024;gen-election-shugiin_20241027_smd_09_5;gen-tokko-2024-tokko_dec;gen-tokko-2024-tokko_march,https://www.soumu.go.jp/main_content/000998441.pdf
09,092029,足利市,tokko_march,3b,特別交付税 3月分,2025-04-01,2026-03-31,2026-03-17,0,交付決定日(報道発表),2026-03-17,636974.0,千円,,,-12404.0,-0.019101355450908408,横ばい,2025-03-22,2026-03-17,gen-mlit-release-2025;gen-election-sangiin_20250720_smd_09_1;gen-tokko-2025-tokko_dec;gen-election-shugiin_20260208_smd_09_5;gen-cabinet-2026-02-18;gen-position-motegi_toshimitsu-外務大臣-2026-02-18;gen-tokko-2025-tokko_march,https://www.soumu.go.jp/main_content/001061260.pdf
09,092029,足利市,mlit_sole_grants,4,社総交・防安交 単独策定主体の国費,2021-04-01,2022-03-31,2021-03-30,1,当初配分の報道発表日を代用(交付決定日は未公表),2021-03-30,94566.0,千円,2,,,,未取得,,,,https://www.mlit.go.jp/common/001396522.pdf
09,092029,足利市,mlit_sole_grants,4,社総交・防安交 単独策定主体の国費,2022-04-01,2023-03-31,2022-03-25,1,当初配分の報道発表日を代用(交付決定日は未公表),2022-03-25,84520.0,千円,3,,-10046.0,-0.10623268405135038,減少,2021-03-31,2022-03-25,gen-election-shugiin_20211031_smd_09_5;gen-tokko-2021-tokko_dec;gen-tokko-2021-tokko_march;gen-mlit-release-2022,https://www.mlit.go.jp/page/content/001472731.pdf
09,092029,足利市,mlit_sole_grants,4,社総交・防安交 単独策定主体の国費,2023-04-01,2024-03-31,2023-03-31,1,当初配分の報道発表日を代用(交付決定日は未公表),2023-03-31,107600.0,千円,1,,23080.0,0.27307146237576907,増加,2022-03-26,2023-03-31,gen-election-sangiin_20220710_smd_09_1;gen-tokko-2022-tokko_dec;gen-tokko-2022-tokko_march;gen-mlit-release-2023,https://www.mlit.go.jp/page/content/001596924.pdf
09,092029,足利市,mlit_sole_grants,4,社総交・防安交 単独策定主体の国費,2024-04-01,2025-03-31,2024-04-01,1,当初配分の報道発表日を代用(交付決定日は未公表),2024-04-01,232847.0,千円,2,,125247.0,1.1640055762081785,増加,2023-04-01,2024-04-01,gen-tokko-2023-tokko_dec;gen-tokko-2023-tokko_march;gen-mlit-release-2024,https://www.mlit.go.jp/page/content/001735005.pdf
09,092029,足利市,mlit_sole_grants,4,社総交・防安交 単独策定主体の国費,2025-04-01,2026-03-31,2025-04-01,1,当初配分の報道発表日を代用(交付決定日は未公表),2025-04-01,325038.0,千円,2,,92191.0,0.3959295159482407,増加,2024-04-02,2025-04-01,gen-election-shugiin_20241027_smd_09_5;gen-tokko-2024-tokko_dec;gen-tokko-2024-tokko_march;gen-mlit-release-2025,https://www.mlit.go.jp/page/content/001879738.pdf
09,092029,足利市,mlit_sole_grants,4,社総交・防安交 単独策定主体の国費,2026-04-01,2027-03-31,2026-04-07,1,当初配分の報道発表日を代用(交付決定日は未公表),2026-04-07,353300.0,千円,1,,28262.0,0.08694983355792246,増加,2025-04-02,2026-04-07,gen-election-sangiin_20250720_smd_09_1;gen-tokko-2025-tokko_dec;gen-election-shugiin_20260208_smd_09_5;gen-cabinet-2026-02-18;gen-position-motegi_toshimitsu-外務大臣-2026-02-18;gen-tokko-2025-tokko_march;gen-mlit-release-2026,https://www.mlit.go.jp/page/content/001994561.pdf
09,092029,足利市,mlit_road,5,道路局箇所表 事業主体=当該市町の国費,2021-04-01,2022-03-31,2021-03-30,1,当初配分の報道発表日を代用(交付決定日は未公表),2021-03-30,78000.0,千円,2,,,,未取得,,,,https://www.mlit.go.jp/common/001396522.pdf
09,092029,足利市,mlit_road,5,道路局箇所表 事業主体=当該市町の国費,2022-04-01,2023-03-31,2022-03-25,1,当初配分の報道発表日を代用(交付決定日は未公表),2022-03-25,152000.0,千円,3,,74000.0,0.9487179487179487,増加,2021-03-31,2022-03-25,gen-election-shugiin_20211031_smd_09_5;gen-tokko-2021-tokko_dec;gen-tokko-2021-tokko_march;gen-mlit-release-2022,https://www.mlit.go.jp/page/content/001472731.pdf
09,092029,足利市,mlit_road,5,道路局箇所表 事業主体=当該市町の国費,2023-04-01,2024-03-31,2023-03-31,1,当初配分の報道発表日を代用(交付決定日は未公表),2023-03-31,349000.0,千円,5,,197000.0,1.2960526315789473,増加,2022-03-26,2023-03-31,gen-election-sangiin_20220710_smd_09_1;gen-tokko-2022-tokko_dec;gen-tokko-2022-tokko_march;gen-mlit-release-2023,https://www.mlit.go.jp/page/content/001596924.pdf
09,092029,足利市,mlit_road,5,道路局箇所表 事業主体=当該市町の国費,2024-04-01,2025-03-31,2024-04-01,1,当初配分の報道発表日を代用(交付決定日は未公表),2024-04-01,255000.0,千円,3,,-94000.0,-0.2693409742120344,減少,2023-04-01,2024-04-01,gen-tokko-2023-tokko_dec;gen-tokko-2023-tokko_march;gen-mlit-release-2024,https://www.mlit.go.jp/page/content/001735005.pdf
09,092029,足利市,mlit_road,5,道路局箇所表 事業主体=当該市町の国費,2025-04-01,2026-03-31,2025-04-01,1,当初配分の報道発表日を代用(交付決定日は未公表),2025-04-01,378000.0,千円,4,,123000.0,0.4823529411764706,増加,2024-04-02,2025-04-01,gen-election-shugiin_20241027_smd_09_5;gen-tokko-2024-tokko_dec;gen-tokko-2024-tokko_march;gen-mlit-release-2025,https://www.mlit.go.jp/page/content/001879738.pdf
09,092029,足利市,mlit_road,5,道路局箇所表 事業主体=当該市町の国費,2026-04-01,2027-03-31,2026-04-07,1,当初配分の報道発表日を代用(交付決定日は未公表),2026-04-07,501000.0,千円,3,,123000.0,0.3253968253968254,増加,2025-04-02,2026-04-07,gen-election-sangiin_20250720_smd_09_1;gen-tokko-2025-tokko_dec;gen-election-shugiin_20260208_smd_09_5;gen-cabinet-2026-02-18;gen-position-motegi_toshimitsu-外務大臣-2026-02-18;gen-tokko-2025-tokko_march;gen-mlit-release-2026,https://www.mlit.go.jp/page/content/001994561.pdf
09,092029,足利市,e_kokko,6,国庫支出金 計(決算、地方財政状況調査),2020-04-01,2021-03-31,2021-03-31,0,決算(年度末),,25340062.0,千円,,,,,未取得,,,,https://www.e-stat.go.jp/stat-search/file-download?statInfId=000032188698&fileKind=1
09,092029,足利市,e_kokko,6,国庫支出金 計(決算、地方財政状況調査),2021-04-01,2022-03-31,2022-03-31,0,決算(年度末),,13838089.0,千円,,,-11501973.0,-0.4539046905252244,減少,2021-04-01,2022-03-31,gen-election-shugiin_20211031_smd_09_5;gen-tokko-2021-tokko_dec;gen-tokko-2021-tokko_march;gen-mlit-release-2022,https://www.e-stat.go.jp/stat-search/file-download?statInfId=000040044921&fileKind=1
09,092029,足利市,e_kokko,6,国庫支出金 計(決算、地方財政状況調査),2022-04-01,2023-03-31,2023-03-31,0,決算(年度末),,11778871.0,千円,,,-2059218.0,-0.1488079748583782,減少,2022-04-01,2023-03-31,gen-election-sangiin_20220710_smd_09_1;gen-tokko-2022-tokko_dec;gen-tokko-2022-tokko_march;gen-mlit-release-2023,https://www.e-stat.go.jp/stat-search/file-download?statInfId=000040171702&fileKind=1
09,092029,足利市,e_kokko,6,国庫支出金 計(決算、地方財政状況調査),2023-04-01,2024-03-31,2024-03-31,0,決算(年度末),,12035230.0,千円,,,256359.0,0.021764310008998314,横ばい,2023-04-01,2024-03-31,gen-tokko-2023-tokko_dec;gen-tokko-2023-tokko_march,https://www.e-stat.go.jp/stat-search/file-download?statInfId=000040231591&fileKind=1
09,092029,足利市,e_kokko,6,国庫支出金 計(決算、地方財政状況調査),2024-04-01,2025-03-31,2025-03-31,0,決算(年度末),,9981297.0,千円,,,-2053933.0,-0.17066005385854696,減少,2024-04-01,2025-03-31,gen-mlit-release-2024;gen-election-shugiin_20241027_smd_09_5;gen-tokko-2024-tokko_dec;gen-tokko-2024-tokko_march,https://www.e-stat.go.jp/stat-search/file-download?statInfId=000040375638&fileKind=1
09,092029,足利市,e_kokko_futsuken,6,国庫支出金のうち普通建設事業費支出金(決算),2020-04-01,2021-03-31,2021-03-31,0,決算(年度末),,416945.0,千円,,,,,未取得,,,,https://www.e-stat.go.jp/stat-search/file-download?statInfId=000032188698&fileKind=1
09,092029,足利市,e_kokko_futsuken,6,国庫支出金のうち普通建設事業費支出金(決算),2021-04-01,2022-03-31,2022-03-31,0,決算(年度末),,353766.0,千円,,,-63179.0,-0.15152837904279942,減少,2021-04-01,2022-03-31,gen-election-shugiin_20211031_smd_09_5;gen-tokko-2021-tokko_dec;gen-tokko-2021-tokko_march;gen-mlit-release-2022,https://www.e-stat.go.jp/stat-search/file-download?statInfId=000040044921&fileKind=1
09,092029,足利市,e_kokko_futsuken,6,国庫支出金のうち普通建設事業費支出金(決算),2022-04-01,2023-03-31,2023-03-31,0,決算(年度末),,238659.0,千円,,,-115107.0,-0.3253760960634996,減少,2022-04-01,2023-03-31,gen-election-sangiin_20220710_smd_09_1;gen-tokko-2022-tokko_dec;gen-tokko-2022-tokko_march;gen-mlit-release-2023,https://www.e-stat.go.jp/stat-search/file-download?statInfId=000040171702&fileKind=1
09,092029,足利市,e_kokko_futsuken,6,国庫支出金のうち普通建設事業費支出金(決算),2023-04-01,2024-03-31,2024-03-31,0,決算(年度末),,517693.0,千円,,,279034.0,1.169174428787517,増加,2023-04-01,2024-03-31,gen-tokko-2023-tokko_dec;gen-tokko-2023-tokko_march,https://www.e-stat.go.jp/stat-search/file-download?statInfId=000040231591&fileKind=1
09,092029,足利市,e_kokko_futsuken,6,国庫支出金のうち普通建設事業費支出金(決算),2024-04-01,2025-03-31,2025-03-31,0,決算(年度末),,413007.0,千円,,,-104686.0,-0.20221637147884944,減少,2024-04-01,2025-03-31,gen-mlit-release-2024;gen-election-shugiin_20241027_smd_09_5;gen-tokko-2024-tokko_dec;gen-tokko-2024-tokko_march,https://www.e-stat.go.jp/stat-search/file-download?statInfId=000040375638&fileKind=1
09,092029,足利市,e_kokko_saigai,6,国庫支出金のうち災害復旧事業費支出金(決算),2020-04-01,2021-03-31,2021-03-31,0,決算(年度末),,109334.0,千円,,,,,未取得,,,,https://www.e-stat.go.jp/stat-search/file-download?statInfId=000032188698&fileKind=1
09,092029,足利市,e_kokko_saigai,6,国庫支出金のうち災害復旧事業費支出金(決算),2021-04-01,2022-03-31,2022-03-31,0,決算(年度末),,0.0,千円,,,-109334.0,-1.0,減少,2021-04-01,2022-03-31,gen-election-shugiin_20211031_smd_09_5;gen-tokko-2021-tokko_dec;gen-tokko-2021-tokko_march;gen-mlit-release-2022,https://www.e-stat.go.jp/stat-search/file-download?statInfId=000040044921&fileKind=1
09,092029,足利市,e_kokko_saigai,6,国庫支出金のうち災害復旧事業費支出金(決算),2022-04-01,2023-03-31,2023-03-31,0,決算(年度末),,0.0,千円,,,0.0,,未取得,2022-04-01,2023-03-31,gen-election-sangiin_20220710_smd_09_1;gen-tokko-2022-tokko_dec;gen-tokko-2022-tokko_march;gen-mlit-release-2023,https://www.e-stat.go.jp/stat-search/file-download?statInfId=000040171702&fileKind=1
09,092029,足利市,e_kokko_saigai,6,国庫支出金のうち災害復旧事業費支出金(決算),2023-04-01,2024-03-31,2024-03-31,0,決算(年度末),,0.0,千円,,,0.0,,未取得,2023-04-01,2024-03-31,gen-tokko-2023-tokko_dec;gen-tokko-2023-tokko_march,https://www.e-stat.go.jp/stat-search/file-download?statInfId=000040231591&fileKind=1
09,092029,足利市,e_kokko_saigai,6,国庫支出金のうち災害復旧事業費支出金(決算),2024-04-01,2025-03-31,2025-03-31,0,決算(年度末),,0.0,千円,,,0.0,,未取得,2024-04-01,2025-03-31,gen-mlit-release-2024;gen-election-shugiin_20241027_smd_09_5;gen-tokko-2024-tokko_dec;gen-tokko-2024-tokko_march,https://www.e-stat.go.jp/stat-search/file-download?statInfId=000040375638&fileKind=1
09,092029,足利市,e_kokko_shasoukou,6,国庫支出金のうち社会資本整備総合交付金(決算),2020-04-01,2021-03-31,2021-03-31,0,決算(年度末),,203161.0,千円,,,,,未取得,,,,https://www.e-stat.go.jp/stat-search/file-download?statInfId=000032188698&fileKind=1
09,092029,足利市,e_kokko_shasoukou,6,国庫支出金のうち社会資本整備総合交付金(決算),2021-04-01,2022-03-31,2022-03-31,0,決算(年度末),,156512.0,千円,,,-46649.0,-0.22961592037841907,減少,2021-04-01,2022-03-31,gen-election-shugiin_20211031_smd_09_5;gen-tokko-2021-tokko_dec;gen-tokko-2021-tokko_march;gen-mlit-release-2022,https://www.e-stat.go.jp/stat-search/file-download?statInfId=000040044921&fileKind=1
09,092029,足利市,e_kokko_shasoukou,6,国庫支出金のうち社会資本整備総合交付金(決算),2022-04-01,2023-03-31,2023-03-31,0,決算(年度末),,170510.0,千円,,,13998.0,0.08943723164996933,増加,2022-04-01,2023-03-31,gen-election-sangiin_20220710_smd_09_1;gen-tokko-2022-tokko_dec;gen-tokko-2022-tokko_march;gen-mlit-release-2023,https://www.e-stat.go.jp/stat-search/file-download?statInfId=000040171702&fileKind=1
09,092029,足利市,e_kokko_shasoukou,6,国庫支出金のうち社会資本整備総合交付金(決算),2023-04-01,2024-03-31,2024-03-31,0,決算(年度末),,79363.0,千円,,,-91147.0,-0.534555158055246,減少,2023-04-01,2024-03-31,gen-tokko-2023-tokko_dec;gen-tokko-2023-tokko_march,https://www.e-stat.go.jp/stat-search/file-download?statInfId=000040231591&fileKind=1
09,092029,足利市,e_kokko_shasoukou,6,国庫支出金のうち社会資本整備総合交付金(決算),2024-04-01,2025-03-31,2025-03-31,0,決算(年度末),,84684.0,千円,,,5321.0,0.0670463566145433,増加,2024-04-01,2025-03-31,gen-mlit-release-2024;gen-election-shugiin_20241027_smd_09_5;gen-tokko-2024-tokko_dec;gen-tokko-2024-tokko_march,https://www.e-stat.go.jp/stat-search/file-download?statInfId=000040375638&fileKind=1
09,092029,足利市,e_pref,6,都道府県支出金 計(決算),2020-04-01,2021-03-31,2021-03-31,0,決算(年度末),,4359028.0,千円,,,,,未取得,,,,https://www.e-stat.go.jp/stat-search/file-download?statInfId=000032188698&fileKind=1
09,092029,足利市,e_pref,6,都道府県支出金 計(決算),2021-04-01,2022-03-31,2022-03-31,0,決算(年度末),,4262858.0,千円,,,-96170.0,-0.02206225791621435,横ばい,2021-04-01,2022-03-31,gen-election-shugiin_20211031_smd_09_5;gen-tokko-2021-tokko_dec;gen-tokko-2021-tokko_march;gen-mlit-release-2022,https://www.e-stat.go.jp/stat-search/file-download?statInfId=000040044921&fileKind=1
09,092029,足利市,e_pref,6,都道府県支出金 計(決算),2022-04-01,2023-03-31,2023-03-31,0,決算(年度末),,4518051.0,千円,,,255193.0,0.05986429761441737,増加,2022-04-01,2023-03-31,gen-election-sangiin_20220710_smd_09_1;gen-tokko-2022-tokko_dec;gen-tokko-2022-tokko_march;gen-mlit-release-2023,https://www.e-stat.go.jp/stat-search/file-download?statInfId=000040171702&fileKind=1
09,092029,足利市,e_pref,6,都道府県支出金 計(決算),2023-04-01,2024-03-31,2024-03-31,0,決算(年度末),,4264464.0,千円,,,-253587.0,-0.05612752047287647,減少,2023-04-01,2024-03-31,gen-tokko-2023-tokko_dec;gen-tokko-2023-tokko_march,https://www.e-stat.go.jp/stat-search/file-download?statInfId=000040231591&fileKind=1
09,092029,足利市,e_pref,6,都道府県支出金 計(決算),2024-04-01,2025-03-31,2025-03-31,0,決算(年度末),,4636794.0,千円,,,372330.0,0.08730991749490674,増加,2024-04-01,2025-03-31,gen-mlit-release-2024;gen-election-shugiin_20241027_smd_09_5;gen-tokko-2024-tokko_dec;gen-tokko-2024-tokko_march,https://www.e-stat.go.jp/stat-search/file-download?statInfId=000040375638&fileKind=1
09,092029,足利市,e_futsu,6,普通交付税(決算),2020-04-01,2021-03-31,2021-03-31,0,決算(年度末),,5134485.0,千円,,,,,未取得,,,,https://www.e-stat.go.jp/stat-search/file-download?statInfId=000032188698&fileKind=1
09,092029,足利市,e_futsu,6,普通交付税(決算),2021-04-01,2022-03-31,2022-03-31,0,決算(年度末),,6429943.0,千円,,,1295458.0,0.25230534318437,増加,2021-04-01,2022-03-31,gen-election-shugiin_20211031_smd_09_5;gen-tokko-2021-tokko_dec;gen-tokko-2021-tokko_march;gen-mlit-release-2022,https://www.e-stat.go.jp/stat-search/file-download?statInfId=000040044921&fileKind=1
09,092029,足利市,e_futsu,6,普通交付税(決算),2022-04-01,2023-03-31,2023-03-31,0,決算(年度末),,6532180.0,千円,,,102237.0,0.01590014094992755,横ばい,2022-04-01,2023-03-31,gen-election-sangiin_20220710_smd_09_1;gen-tokko-2022-tokko_dec;gen-tokko-2022-tokko_march;gen-mlit-release-2023,https://www.e-stat.go.jp/stat-search/file-download?statInfId=000040171702&fileKind=1
09,092029,足利市,e_futsu,6,普通交付税(決算),2023-04-01,2024-03-31,2024-03-31,0,決算(年度末),,6472477.0,千円,,,-59703.0,-0.009139827745101942,横ばい,2023-04-01,2024-03-31,gen-tokko-2023-tokko_dec;gen-tokko-2023-tokko_march,https://www.e-stat.go.jp/stat-search/file-download?statInfId=000040231591&fileKind=1
09,092029,足利市,e_futsu,6,普通交付税(決算),2024-04-01,2025-03-31,2025-03-31,0,決算(年度末),,7218359.0,千円,,,745882.0,0.11523903445311587,増加,2024-04-01,2025-03-31,gen-mlit-release-2024;gen-election-shugiin_20241027_smd_09_5;gen-tokko-2024-tokko_dec;gen-tokko-2024-tokko_march,https://www.e-stat.go.jp/stat-search/file-download?statInfId=000040375638&fileKind=1
09,092029,足利市,e_tokko,6,特別交付税(決算),2020-04-01,2021-03-31,2021-03-31,0,決算(年度末),,568430.0,千円,,,,,未取得,,,,https://www.e-stat.go.jp/stat-search/file-download?statInfId=000032188698&fileKind=1
09,092029,足利市,e_tokko,6,特別交付税(決算),2021-04-01,2022-03-31,2022-03-31,0,決算(年度末),,692728.0,千円,,,124298.0,0.21866896539591507,増加,2021-04-01,2022-03-31,gen-election-shugiin_20211031_smd_09_5;gen-tokko-2021-tokko_dec;gen-tokko-2021-tokko_march;gen-mlit-release-2022,https://www.e-stat.go.jp/stat-search/file-download?statInfId=000040044921&fileKind=1
09,092029,足利市,e_tokko,6,特別交付税(決算),2022-04-01,2023-03-31,2023-03-31,0,決算(年度末),,703727.0,千円,,,10999.0,0.015877804852698317,横ばい,2022-04-01,2023-03-31,gen-election-sangiin_20220710_smd_09_1;gen-tokko-2022-tokko_dec;gen-tokko-2022-tokko_march;gen-mlit-release-2023,https://www.e-stat.go.jp/stat-search/file-download?statInfId=000040171702&fileKind=1
09,092029,足利市,e_tokko,6,特別交付税(決算),2023-04-01,2024-03-31,2024-03-31,0,決算(年度末),,710540.0,千円,,,6813.0,0.009681311076596465,横ばい,2023-04-01,2024-03-31,gen-tokko-2023-tokko_dec;gen-tokko-2023-tokko_march,https://www.e-stat.go.jp/stat-search/file-download?statInfId=000040231591&fileKind=1
09,092029,足利市,e_tokko,6,特別交付税(決算),2024-04-01,2025-03-31,2025-03-31,0,決算(年度末),,720894.0,千円,,,10354.0,0.014572015650068961,横ばい,2024-04-01,2025-03-31,gen-mlit-release-2024;gen-election-shugiin_20241027_smd_09_5;gen-tokko-2024-tokko_dec;gen-tokko-2024-tokko_march,https://www.e-stat.go.jp/stat-search/file-download?statInfId=000040375638&fileKind=1
09,092029,足利市,e_road_kokko,7,道路橋りょう費に充当した国庫支出金(決算),2020-04-01,2021-03-31,2021-03-31,0,決算(年度末),,167265.0,千円,,,,,未取得,,,,https://www.e-stat.go.jp/stat-search/file-download?statInfId=000032188710&fileKind=1
09,092029,足利市,e_road_kokko,7,道路橋りょう費に充当した国庫支出金(決算),2021-04-01,2022-03-31,2022-03-31,0,決算(年度末),,113706.0,千円,,,-53559.0,-0.32020446596717783,減少,2021-04-01,2022-03-31,gen-election-shugiin_20211031_smd_09_5;gen-tokko-2021-tokko_dec;gen-tokko-2021-tokko_march;gen-mlit-release-2022,https://www.e-stat.go.jp/stat-search/file-download?statInfId=000040044933&fileKind=1
09,092029,足利市,e_road_kokko,7,道路橋りょう費に充当した国庫支出金(決算),2022-04-01,2023-03-31,2023-03-31,0,決算(年度末),,127254.0,千円,,,13548.0,0.11914938525671469,増加,2022-04-01,2023-03-31,gen-election-sangiin_20220710_smd_09_1;gen-tokko-2022-tokko_dec;gen-tokko-2022-tokko_march;gen-mlit-release-2023,https://www.e-stat.go.jp/stat-search/file-download?statInfId=000040171714&fileKind=1
09,092029,足利市,e_road_kokko,7,道路橋りょう費に充当した国庫支出金(決算),2023-04-01,2024-03-31,2024-03-31,0,決算(年度末),,222443.0,千円,,,95189.0,0.7480236377638424,増加,2023-04-01,2024-03-31,gen-tokko-2023-tokko_dec;gen-tokko-2023-tokko_march,https://www.e-stat.go.jp/stat-search/file-download?statInfId=000040231603&fileKind=1
09,092029,足利市,e_road_kokko,7,道路橋りょう費に充当した国庫支出金(決算),2024-04-01,2025-03-31,2025-03-31,0,決算(年度末),,127402.0,千円,,,-95041.0,-0.4272600171729387,減少,2024-04-01,2025-03-31,gen-mlit-release-2024;gen-election-shugiin_20241027_smd_09_5;gen-tokko-2024-tokko_dec;gen-tokko-2024-tokko_march,https://www.e-stat.go.jp/stat-search/file-download?statInfId=000040375650&fileKind=1
09,092029,足利市,e_hojo_road_kokko,8,補助事業費(道路・橋りょう)の国庫支出金(決算),2020-04-01,2021-03-31,2021-03-31,0,決算(年度末),,167265.0,千円,,,,,未取得,,,,https://www.e-stat.go.jp/stat-search/file-download?statInfId=000032188732&fileKind=1
09,092029,足利市,e_hojo_road_kokko,8,補助事業費(道路・橋りょう)の国庫支出金(決算),2021-04-01,2022-03-31,2022-03-31,0,決算(年度末),,113706.0,千円,,,-53559.0,-0.32020446596717783,減少,2021-04-01,2022-03-31,gen-election-shugiin_20211031_smd_09_5;gen-tokko-2021-tokko_dec;gen-tokko-2021-tokko_march;gen-mlit-release-2022,https://www.e-stat.go.jp/stat-search/file-download?statInfId=000040044955&fileKind=1
09,092029,足利市,e_hojo_road_kokko,8,補助事業費(道路・橋りょう)の国庫支出金(決算),2022-04-01,2023-03-31,2023-03-31,0,決算(年度末),,127254.0,千円,,,13548.0,0.11914938525671469,増加,2022-04-01,2023-03-31,gen-election-sangiin_20220710_smd_09_1;gen-tokko-2022-tokko_dec;gen-tokko-2022-tokko_march;gen-mlit-release-2023,https://www.e-stat.go.jp/stat-search/file-download?statInfId=000040171736&fileKind=1
09,092029,足利市,e_hojo_road_kokko,8,補助事業費(道路・橋りょう)の国庫支出金(決算),2023-04-01,2024-03-31,2024-03-31,0,決算(年度末),,222443.0,千円,,,95189.0,0.7480236377638424,増加,2023-04-01,2024-03-31,gen-tokko-2023-tokko_dec;gen-tokko-2023-tokko_march,https://www.e-stat.go.jp/stat-search/file-download?statInfId=000040231625&fileKind=1
09,092029,足利市,e_hojo_road_kokko,8,補助事業費(道路・橋りょう)の国庫支出金(決算),2024-04-01,2025-03-31,2025-03-31,0,決算(年度末),,127402.0,千円,,,-95041.0,-0.4272600171729387,減少,2024-04-01,2025-03-31,gen-mlit-release-2024;gen-election-shugiin_20241027_smd_09_5;gen-tokko-2024-tokko_dec;gen-tokko-2024-tokko_march,https://www.e-stat.go.jp/stat-search/file-download?statInfId=000040375672&fileKind=1
09,092029,足利市,futsu_decided,9,普通交付税 当初決定額,2021-04-01,2022-03-31,2021-08-03,0,当初決定日(算定結果の報道資料の日付),2021-08-03,5575456.0,千円,,,,,未取得,,,,https://www.soumu.go.jp/main_content/000761570.xlsx
09,092029,足利市,futsu_decided,9,普通交付税 当初決定額,2022-04-01,2023-03-31,2022-07-26,0,当初決定日(算定結果の報道資料の日付),2022-07-26,6242257.0,千円,,,666801.0,0.11959577835427272,増加,2021-08-04,2022-07-26,gen-election-shugiin_20211031_smd_09_5;gen-tokko-2021-tokko_dec;gen-tokko-2021-tokko_march;gen-mlit-release-2022;gen-election-sangiin_20220710_smd_09_1,https://www.soumu.go.jp/main_content/000762090.xlsx
09,092029,足利市,futsu_decided,9,普通交付税 当初決定額,2023-04-01,2024-03-31,2023-07-28,0,当初決定日(算定結果の報道資料の日付),2023-07-28,6157143.0,千円,,,-85114.0,-0.013635132292694774,横ばい,2022-07-27,2023-07-28,gen-tokko-2022-tokko_dec;gen-tokko-2022-tokko_march;gen-mlit-release-2023,https://www.soumu.go.jp/main_content/000894237.xlsx
09,092029,足利市,futsu_decided,9,普通交付税 当初決定額,2024-04-01,2025-03-31,2024-07-23,0,当初決定日(算定結果の報道資料の日付),2024-07-23,6634919.0,千円,,,477776.0,0.0775970283620179,増加,2023-07-29,2024-07-23,gen-tokko-2023-tokko_dec;gen-tokko-2023-tokko_march;gen-mlit-release-2024,https://www.soumu.go.jp/main_content/000958553.xlsx
09,092029,足利市,futsu_decided,9,普通交付税 当初決定額,2025-04-01,2026-03-31,2025-07-29,0,当初決定日(算定結果の報道資料の日付),2025-07-29,6674609.0,千円,,,39690.0,0.005981987119963334,横ばい,2024-07-24,2025-07-29,gen-election-shugiin_20241027_smd_09_5;gen-tokko-2024-tokko_dec;gen-tokko-2024-tokko_march;gen-mlit-release-2025;gen-election-sangiin_20250720_smd_09_1,https://www.soumu.go.jp/main_content/001022466.xlsx
09,092029,足利市,futsu_decided,9,普通交付税 当初決定額,2026-04-01,2027-03-31,2026-07-24,0,当初決定日(算定結果の報道資料の日付),2026-07-24,6800575.0,千円,,,125966.0,0.018872416346785256,横ばい,2025-07-30,2026-07-24,gen-tokko-2025-tokko_dec;gen-election-shugiin_20260208_smd_09_5;gen-cabinet-2026-02-18;gen-position-motegi_toshimitsu-外務大臣-2026-02-18;gen-tokko-2025-tokko_march;gen-mlit-release-2026,https://www.soumu.go.jp/main_content/001083404.xlsx
09,092029,足利市,kofu_total,10,国交省 交付決定額 計(年度合計),2017-04-01,2018-03-31,2018-03-31,1,年度内で最後の交付決定日(交付決定がない年度は年度末)。値は年度合計(変更減額を含む),,665570.0,千円,,,,,未取得,,,,https://www.mlit.go.jp/common/001210869.xlsx
09,092029,足利市,kofu_total,10,国交省 交付決定額 計(年度合計),2018-04-01,2019-03-31,2018-09-03,1,年度内で最後の交付決定日(交付決定がない年度は年度末)。値は年度合計(変更減額を含む),,746611.0,千円,,,81041.0,0.12176179815796986,増加,2018-04-01,2018-09-03,,https://www.mlit.go.jp/common/001260907.xlsx
09,092029,足利市,kofu_total,10,国交省 交付決定額 計(年度合計),2019-04-01,2020-03-31,2020-03-31,1,年度内で最後の交付決定日(交付決定がない年度は年度末)。値は年度合計(変更減額を含む),,836884.0,千円,,,90273.0,0.1209103535843967,増加,2018-09-04,2020-03-31,,https://www.mlit.go.jp/common/001316172.xlsx
09,092029,足利市,kofu_total,10,国交省 交付決定額 計(年度合計),2020-04-01,2021-03-31,2021-03-31,1,年度内で最後の交付決定日(交付決定がない年度は年度末)。値は年度合計(変更減額を含む),,581447.0,千円,,,-255437.0,-0.30522390199836535,減少,2020-04-01,2021-03-31,gen-tokko-2020-tokko_dec;gen-tokko-2020-tokko_march;gen-mlit-release-2021,https://www.mlit.go.jp/common/001371589.xlsx
09,092029,足利市,kofu_total,10,国交省 交付決定額 計(年度合計),2021-04-01,2022-03-31,2022-02-18,1,年度内で最後の交付決定日(交付決定がない年度は年度末)。値は年度合計(変更減額を含む),,334131.0,千円,,,-247316.0,-0.4253457322851438,減少,2021-04-01,2022-02-18,gen-election-shugiin_20211031_smd_09_5;gen-tokko-2021-tokko_dec,https://www.mlit.go.jp/common/001579048.xlsx
09,092029,足利市,kofu_total,10,国交省 交付決定額 計(年度合計),2022-04-01,2023-03-31,2023-02-01,1,年度内で最後の交付決定日(交付決定がない年度は年度末)。値は年度合計(変更減額を含む),,369829.0,千円,,,35698.0,0.10683833586228156,増加,2022-02-19,2023-02-01,gen-tokko-2021-tokko_march;gen-mlit-release-2022;gen-election-sangiin_20220710_smd_09_1;gen-tokko-2022-tokko_dec,https://www.mlit.go.jp/common/001426891.xlsx
09,092029,足利市,kofu_total,10,国交省 交付決定額 計(年度合計),2023-04-01,2024-03-31,2024-02-14,1,年度内で最後の交付決定日(交付決定がない年度は年度末)。値は年度合計(変更減額を含む),,544754.0,千円,,,174925.0,0.47298886782810434,増加,2023-02-02,2024-02-14,gen-tokko-2022-tokko_march;gen-mlit-release-2023;gen-tokko-2023-tokko_dec,https://www.mlit.go.jp/page/content/001749355.xlsx
09,092029,足利市,kofu_total,10,国交省 交付決定額 計(年度合計),2024-04-01,2025-03-31,2025-02-13,1,年度内で最後の交付決定日(交付決定がない年度は年度末)。値は年度合計(変更減額を含む),,576561.0,千円,,,31807.0,0.05838782276036523,増加,2024-02-15,2025-02-13,gen-tokko-2023-tokko_march;gen-mlit-release-2024;gen-election-shugiin_20241027_smd_09_5;gen-tokko-2024-tokko_dec,https://www.mlit.go.jp/page/content/001889200.xlsx
09,092029,足利市,kofu_total,10,国交省 交付決定額 計(年度合計),2025-04-01,2026-03-31,2026-03-06,1,年度内で最後の交付決定日(交付決定がない年度は年度末)。値は年度合計(変更減額を含む),,794683.0,千円,,,218122.0,0.3783155641814136,増加,2025-02-14,2026-03-06,gen-tokko-2024-tokko_march;gen-mlit-release-2025;gen-election-sangiin_20250720_smd_09_1;gen-tokko-2025-tokko_dec;gen-election-shugiin_20260208_smd_09_5;gen-cabinet-2026-02-18;gen-position-motegi_toshimitsu-外務大臣-2026-02-18,https://www.mlit.go.jp/page/content/001968987.xlsx
09,092029,足利市,kofu_shasoukou,10,国交省 交付決定額 社会資本整備総合交付金,2017-04-01,2018-03-31,2018-03-31,1,年度内で最後の交付決定日(交付決定がない年度は年度末)。値は年度合計(変更減額を含む),,533969.0,千円,,,,,未取得,,,,https://www.mlit.go.jp/common/001306061.xlsx
09,092029,足利市,kofu_shasoukou,10,国交省 交付決定額 社会資本整備総合交付金,2018-04-01,2019-03-31,2018-09-03,1,年度内で最後の交付決定日(交付決定がない年度は年度末)。値は年度合計(変更減額を含む),,574604.0,千円,,,40635.0,0.07609992340379311,増加,2018-04-01,2018-09-03,,https://www.mlit.go.jp/common/001288716.xlsx
09,092029,足利市,kofu_shasoukou,10,国交省 交付決定額 社会資本整備総合交付金,2019-04-01,2020-03-31,2020-03-31,1,年度内で最後の交付決定日(交付決定がない年度は年度末)。値は年度合計(変更減額を含む),,599466.0,千円,,,24862.0,0.04326805939394783,横ばい,2018-09-04,2020-03-31,,https://www.mlit.go.jp/common/001316186.xlsx
09,092029,足利市,kofu_shasoukou,10,国交省 交付決定額 社会資本整備総合交付金,2020-04-01,2021-03-31,2021-03-31,1,年度内で最後の交付決定日(交付決定がない年度は年度末)。値は年度合計(変更減額を含む),,422806.0,千円,,,-176660.0,-0.2946956124283946,減少,2020-04-01,2021-03-31,gen-tokko-2020-tokko_dec;gen-tokko-2020-tokko_march;gen-mlit-release-2021,https://www.mlit.go.jp/common/001371606.xlsx
09,092029,足利市,kofu_shasoukou,10,国交省 交付決定額 社会資本整備総合交付金,2021-04-01,2022-03-31,2022-03-31,1,年度内で最後の交付決定日(交付決定がない年度は年度末)。値は年度合計(変更減額を含む),,267365.0,千円,,,-155441.0,-0.36764142419927814,減少,2021-04-01,2022-03-31,gen-election-shugiin_20211031_smd_09_5;gen-tokko-2021-tokko_dec;gen-tokko-2021-tokko_march;gen-mlit-release-2022,https://www.mlit.go.jp/common/001579064.xlsx
09,092029,足利市,kofu_shasoukou,10,国交省 交付決定額 社会資本整備総合交付金,2022-04-01,2023-03-31,2023-03-31,1,年度内で最後の交付決定日(交付決定がない年度は年度末)。値は年度合計(変更減額を含む),,113253.0,千円,,,-154112.0,-0.5764105249378191,減少,2022-04-01,2023-03-31,gen-election-sangiin_20220710_smd_09_1;gen-tokko-2022-tokko_dec;gen-tokko-2022-tokko_march;gen-mlit-release-2023,https://www.mlit.go.jp/common/001426909.xlsx
09,092029,足利市,kofu_shasoukou,10,国交省 交付決定額 社会資本整備総合交付金,2023-04-01,2024-03-31,2023-06-20,1,年度内で最後の交付決定日(交付決定がない年度は年度末)。値は年度合計(変更減額を含む),,172830.0,千円,,,59577.0,0.5260522900055628,増加,2023-04-01,2023-06-20,,https://www.mlit.go.jp/page/content/001708175.xlsx
09,092029,足利市,kofu_shasoukou,10,国交省 交付決定額 社会資本整備総合交付金,2024-04-01,2025-03-31,2025-02-13,1,年度内で最後の交付決定日(交付決定がない年度は年度末)。値は年度合計(変更減額を含む),,314832.0,千円,,,142002.0,0.8216281895504253,増加,2023-06-21,2025-02-13,gen-tokko-2023-tokko_dec;gen-tokko-2023-tokko_march;gen-mlit-release-2024;gen-election-shugiin_20241027_smd_09_5;gen-tokko-2024-tokko_dec,https://www.mlit.go.jp/page/content/001842591.xlsx
09,092029,足利市,kofu_shasoukou,10,国交省 交付決定額 社会資本整備総合交付金,2025-04-01,2026-03-31,2026-03-04,1,年度内で最後の交付決定日(交付決定がない年度は年度末)。値は年度合計(変更減額を含む),,427111.0,千円,,,112279.0,0.35663147329369316,増加,2025-02-14,2026-03-04,gen-tokko-2024-tokko_march;gen-mlit-release-2025;gen-election-sangiin_20250720_smd_09_1;gen-tokko-2025-tokko_dec;gen-election-shugiin_20260208_smd_09_5;gen-cabinet-2026-02-18;gen-position-motegi_toshimitsu-外務大臣-2026-02-18,https://www.mlit.go.jp/page/content/001969014.xlsx
09,092029,足利市,kofu_bouan,10,国交省 交付決定額 防災・安全交付金,2017-04-01,2018-03-31,2018-03-31,1,年度内で最後の交付決定日(交付決定がない年度は年度末)。値は年度合計(変更減額を含む),,209567.0,千円,,,,,未取得,,,,https://www.mlit.go.jp/common/001306061.xlsx
09,092029,足利市,kofu_bouan,10,国交省 交付決定額 防災・安全交付金,2018-04-01,2019-03-31,2018-09-03,1,年度内で最後の交付決定日(交付決定がない年度は年度末)。値は年度合計(変更減額を含む),,349158.0,千円,,,139591.0,0.666092466848311,増加,2018-04-01,2018-09-03,,https://www.mlit.go.jp/common/001288716.xlsx
09,092029,足利市,kofu_bouan,10,国交省 交付決定額 防災・安全交付金,2019-04-01,2020-03-31,2020-03-31,1,年度内で最後の交付決定日(交付決定がない年度は年度末)。値は年度合計(変更減額を含む),,310676.0,千円,,,-38482.0,-0.11021371413514798,減少,2018-09-04,2020-03-31,,https://www.mlit.go.jp/common/001316186.xlsx
09,092029,足利市,kofu_bouan,10,国交省 交付決定額 防災・安全交付金,2020-04-01,2021-03-31,2021-03-31,1,年度内で最後の交付決定日(交付決定がない年度は年度末)。値は年度合計(変更減額を含む),,246206.0,千円,,,-64470.0,-0.20751522486448906,減少,2020-04-01,2021-03-31,gen-tokko-2020-tokko_dec;gen-tokko-2020-tokko_march;gen-mlit-release-2021,https://www.mlit.go.jp/common/001371606.xlsx
09,092029,足利市,kofu_bouan,10,国交省 交付決定額 防災・安全交付金,2021-04-01,2022-03-31,2022-03-31,1,年度内で最後の交付決定日(交付決定がない年度は年度末)。値は年度合計(変更減額を含む),,94037.0,千円,,,-152169.0,-0.6180556119672145,減少,2021-04-01,2022-03-31,gen-election-shugiin_20211031_smd_09_5;gen-tokko-2021-tokko_dec;gen-tokko-2021-tokko_march;gen-mlit-release-2022,https://www.mlit.go.jp/common/001579064.xlsx
09,092029,足利市,kofu_bouan,10,国交省 交付決定額 防災・安全交付金,2022-04-01,2023-03-31,2023-03-31,1,年度内で最後の交付決定日(交付決定がない年度は年度末)。値は年度合計(変更減額を含む),,131629.0,千円,,,37592.0,0.39975754224401033,増加,2022-04-01,2023-03-31,gen-election-sangiin_20220710_smd_09_1;gen-tokko-2022-tokko_dec;gen-tokko-2022-tokko_march;gen-mlit-release-2023,https://www.mlit.go.jp/common/001426909.xlsx
09,092029,足利市,kofu_bouan,10,国交省 交付決定額 防災・安全交付金,2023-04-01,2024-03-31,2023-06-07,1,年度内で最後の交付決定日(交付決定がない年度は年度末)。値は年度合計(変更減額を含む),,101044.0,千円,,,-30585.0,-0.23235761116471293,減少,2023-04-01,2023-06-07,,https://www.mlit.go.jp/page/content/001708175.xlsx
09,092029,足利市,kofu_bouan,10,国交省 交付決定額 防災・安全交付金,2024-04-01,2025-03-31,2025-01-28,1,年度内で最後の交付決定日(交付決定がない年度は年度末)。値は年度合計(変更減額を含む),,98848.0,千円,,,-2196.0,-0.021733106369502396,横ばい,2023-06-08,2025-01-28,gen-tokko-2023-tokko_dec;gen-tokko-2023-tokko_march;gen-mlit-release-2024;gen-election-shugiin_20241027_smd_09_5;gen-tokko-2024-tokko_dec,https://www.mlit.go.jp/page/content/001842591.xlsx
09,092029,足利市,kofu_bouan,10,国交省 交付決定額 防災・安全交付金,2025-04-01,2026-03-31,2026-03-06,1,年度内で最後の交付決定日(交付決定がない年度は年度末)。値は年度合計(変更減額を含む),,133079.0,千円,,,34231.0,0.3462993687277436,増加,2025-01-29,2026-03-06,gen-tokko-2024-tokko_march;gen-mlit-release-2025;gen-election-sangiin_20250720_smd_09_1;gen-tokko-2025-tokko_dec;gen-election-shugiin_20260208_smd_09_5;gen-cabinet-2026-02-18;gen-position-motegi_toshimitsu-外務大臣-2026-02-18,https://www.mlit.go.jp/page/content/001969014.xlsx
09,092029,足利市,kofu_road,10,国交省 交付決定額 道路関係の補助,2017-04-01,2018-03-31,2018-03-31,1,年度内で最後の交付決定日(交付決定がない年度は年度末)。値は年度合計(変更減額を含む),,0.0,千円,,,,,未取得,,,,https://www.mlit.go.jp/common/001234557.xlsx
09,092029,足利市,kofu_road,10,国交省 交付決定額 道路関係の補助,2018-04-01,2019-03-31,2019-03-31,1,年度内で最後の交付決定日(交付決定がない年度は年度末)。値は年度合計(変更減額を含む),,0.0,千円,,,0.0,,未取得,2018-04-01,2019-03-31,,https://www.mlit.go.jp/common/001260897.xlsx
09,092029,足利市,kofu_road,10,国交省 交付決定額 道路関係の補助,2019-04-01,2020-03-31,2020-03-31,1,年度内で最後の交付決定日(交付決定がない年度は年度末)。値は年度合計(変更減額を含む),,0.0,千円,,,0.0,,未取得,2019-04-01,2020-03-31,,https://www.mlit.go.jp/common/001316175.xlsx
09,092029,足利市,kofu_road,10,国交省 交付決定額 道路関係の補助,2020-04-01,2021-03-31,2021-03-31,1,年度内で最後の交付決定日(交付決定がない年度は年度末)。値は年度合計(変更減額を含む),,43450.0,千円,,,43450.0,,未取得,2020-04-01,2021-03-31,gen-tokko-2020-tokko_dec;gen-tokko-2020-tokko_march;gen-mlit-release-2021,https://www.mlit.go.jp/common/001371629.xlsx
09,092029,足利市,kofu_road,10,国交省 交付決定額 道路関係の補助,2021-04-01,2022-03-31,2022-02-18,1,年度内で最後の交付決定日(交付決定がない年度は年度末)。値は年度合計(変更減額を含む),,56579.00000000001,千円,,,13129.000000000007,0.3021634062140393,増加,2021-04-01,2022-02-18,gen-election-shugiin_20211031_smd_09_5;gen-tokko-2021-tokko_dec,https://www.mlit.go.jp/common/001579051.xlsx
09,092029,足利市,kofu_road,10,国交省 交付決定額 道路関係の補助,2022-04-01,2023-03-31,2023-01-20,1,年度内で最後の交付決定日(交付決定がない年度は年度末)。値は年度合計(変更減額を含む),,94699.0,千円,,,38119.99999999999,0.6737482104667808,増加,2022-02-19,2023-01-20,gen-tokko-2021-tokko_march;gen-mlit-release-2022;gen-election-sangiin_20220710_smd_09_1;gen-tokko-2022-tokko_dec,https://www.mlit.go.jp/common/001426897.xlsx
09,092029,足利市,kofu_road,10,国交省 交付決定額 道路関係の補助,2023-04-01,2024-03-31,2024-01-26,1,年度内で最後の交付決定日(交付決定がない年度は年度末)。値は年度合計(変更減額を含む),,226250.0,千円,,,131551.0,1.3891487766502286,増加,2023-01-21,2024-01-26,gen-tokko-2022-tokko_march;gen-mlit-release-2023;gen-tokko-2023-tokko_dec,https://www.mlit.go.jp/page/content/001708164.xlsx
09,092029,足利市,kofu_road,10,国交省 交付決定額 道路関係の補助,2024-04-01,2025-03-31,2025-01-24,1,年度内で最後の交付決定日(交付決定がない年度は年度末)。値は年度合計(変更減額を含む),,149533.0,千円,,,-76717.0,-0.33908066298342543,減少,2024-01-27,2025-01-24,gen-tokko-2023-tokko_march;gen-mlit-release-2024;gen-election-shugiin_20241027_smd_09_5;gen-tokko-2024-tokko_dec,https://www.mlit.go.jp/page/content/001889202.xlsx
09,092029,足利市,kofu_road,10,国交省 交付決定額 道路関係の補助,2025-04-01,2026-03-31,2026-01-23,1,年度内で最後の交付決定日(交付決定がない年度は年度末)。値は年度合計(変更減額を含む),,219211.0,千円,,,69678.0,0.46597072218172575,増加,2025-01-25,2026-01-23,gen-tokko-2024-tokko_march;gen-mlit-release-2025;gen-election-sangiin_20250720_smd_09_1;gen-tokko-2025-tokko_dec,https://www.mlit.go.jp/page/content/001969000.xlsx
09,092037,栃木市,card_kokko,1,国庫支出金(決算),2020-04-01,2021-03-31,2021-03-31,0,決算(年度末),,29021325.0,千円,,,,,未取得,,,,https://www.soumu.go.jp/main_content/000804135.xlsx
09,092037,栃木市,card_kokko,1,国庫支出金(決算),2021-04-01,2022-03-31,2022-03-31,0,決算(年度末),,14802987.0,千円,,,-14218338.0,-0.4899272517708961,減少,2021-04-01,2022-03-31,gen-election-shugiin_20211031_smd_09_2;gen-election-shugiin_20211031_smd_09_4;gen-election-shugiin_20211031_smd_09_5;gen-tokko-2021-tokko_dec;gen-tokko-2021-tokko_march;gen-mlit-release-2022,https://www.soumu.go.jp/main_content/000873399.xlsx
09,092037,栃木市,card_kokko,1,国庫支出金(決算),2022-04-01,2023-03-31,2023-03-31,0,決算(年度末),,11748258.0,千円,,,-3054729.0,-0.206358959850468,減少,2022-04-01,2023-03-31,gen-election-sangiin_20220710_smd_09_1;gen-tokko-2022-tokko_dec;gen-tokko-2022-tokko_march;gen-mlit-release-2023,https://www.soumu.go.jp/main_content/000937050.xlsx
09,092037,栃木市,card_kokko,1,国庫支出金(決算),2023-04-01,2024-03-31,2024-03-31,0,決算(年度末),,12760647.0,千円,,,1012389.0,0.08617354164336534,増加,2023-04-01,2024-03-31,gen-tokko-2023-tokko_dec;gen-tokko-2023-tokko_march,https://www.soumu.go.jp/main_content/000998938.xlsx
09,092037,栃木市,card_kokko,1,国庫支出金(決算),2024-04-01,2025-03-31,2025-03-31,0,決算(年度末),,12907616.0,千円,,,146969.0,0.011517362716796414,横ばい,2024-04-01,2025-03-31,gen-mlit-release-2024;gen-election-shugiin_20241027_smd_09_5;gen-tokko-2024-tokko_dec;gen-tokko-2024-tokko_march,https://www.soumu.go.jp/main_content/001063963.xlsx
09,092037,栃木市,card_pref,2,県支出金(決算),2020-04-01,2021-03-31,2021-03-31,0,決算(年度末),,5008655.0,千円,,,,,未取得,,,,https://www.soumu.go.jp/main_content/000804135.xlsx
09,092037,栃木市,card_pref,2,県支出金(決算),2021-04-01,2022-03-31,2022-03-31,0,決算(年度末),,4747026.0,千円,,,-261629.0,-0.05223538055625712,減少,2021-04-01,2022-03-31,gen-election-shugiin_20211031_smd_09_2;gen-election-shugiin_20211031_smd_09_4;gen-election-shugiin_20211031_smd_09_5;gen-tokko-2021-tokko_dec;gen-tokko-2021-tokko_march;gen-mlit-release-2022,https://www.soumu.go.jp/main_content/000873399.xlsx
09,092037,栃木市,card_pref,2,県支出金(決算),2022-04-01,2023-03-31,2023-03-31,0,決算(年度末),,4973467.0,千円,,,226441.0,0.047701655731398986,横ばい,2022-04-01,2023-03-31,gen-election-sangiin_20220710_smd_09_1;gen-tokko-2022-tokko_dec;gen-tokko-2022-tokko_march;gen-mlit-release-2023,https://www.soumu.go.jp/main_content/000937050.xlsx
09,092037,栃木市,card_pref,2,県支出金(決算),2023-04-01,2024-03-31,2024-03-31,0,決算(年度末),,5258072.0,千円,,,284605.0,0.05722466842546658,増加,2023-04-01,2024-03-31,gen-tokko-2023-tokko_dec;gen-tokko-2023-tokko_march,https://www.soumu.go.jp/main_content/000998938.xlsx
09,092037,栃木市,card_pref,2,県支出金(決算),2024-04-01,2025-03-31,2025-03-31,0,決算(年度末),,5198977.0,千円,,,-59095.0,-0.011238910383882153,横ばい,2024-04-01,2025-03-31,gen-mlit-release-2024;gen-election-shugiin_20241027_smd_09_5;gen-tokko-2024-tokko_dec;gen-tokko-2024-tokko_march,https://www.soumu.go.jp/main_content/001063963.xlsx
09,092037,栃木市,tokko_dec,3a,特別交付税 12月分,2020-04-01,2021-03-31,2020-12-08,0,交付決定日(報道発表),2020-12-08,90241.0,千円,,,,,未取得,,,,https://www.soumu.go.jp/main_content/000721607.pdf
09,092037,栃木市,tokko_dec,3a,特別交付税 12月分,2021-04-01,2022-03-31,2021-12-03,0,交付決定日(報道発表),2021-12-03,100721.0,千円,,,10480.0,0.11613346483305814,増加,2020-12-09,2021-12-03,gen-tokko-2020-tokko_march;gen-mlit-release-2021;gen-election-shugiin_20211031_smd_09_2;gen-election-shugiin_20211031_smd_09_4;gen-election-shugiin_20211031_smd_09_5;gen-tokko-2021-tokko_dec,https://www.soumu.go.jp/main_content/000780948.pdf
09,092037,栃木市,tokko_dec,3a,特別交付税 12月分,2022-04-01,2023-03-31,2022-12-13,0,交付決定日(報道発表),2022-12-13,97414.0,千円,,,-3307.0,-0.032833272108100595,横ばい,2021-12-04,2022-12-13,gen-tokko-2021-tokko_march;gen-mlit-release-2022;gen-election-sangiin_20220710_smd_09_1;gen-tokko-2022-tokko_dec,https://www.soumu.go.jp/main_content/000850537.pdf
09,092037,栃木市,tokko_dec,3a,特別交付税 12月分,2023-04-01,2024-03-31,2023-12-12,0,交付決定日(報道発表),2023-12-12,106509.0,千円,,,9095.0,0.09336440347383333,増加,2022-12-14,2023-12-12,gen-tokko-2022-tokko_march;gen-mlit-release-2023;gen-tokko-2023-tokko_dec,https://www.soumu.go.jp/main_content/000916643.pdf
09,092037,栃木市,tokko_dec,3a,特別交付税 12月分,2024-04-01,2025-03-31,2024-12-20,0,交付決定日(報道発表),2024-12-20,105446.0,千円,,,-1063.0,-0.009980377245115437,横ばい,2023-12-13,2024-12-20,gen-tokko-2023-tokko_march;gen-mlit-release-2024;gen-election-shugiin_20241027_smd_09_5;gen-tokko-2024-tokko_dec,https://www.soumu.go.jp/main_content/000983129.pdf
09,092037,栃木市,tokko_dec,3a,特別交付税 12月分,2025-04-01,2026-03-31,2025-12-19,0,交付決定日(報道発表),2025-12-19,103305.0,千円,,,-2141.0,-0.020304231549798,横ばい,2024-12-21,2025-12-19,gen-tokko-2024-tokko_march;gen-mlit-release-2025;gen-election-sangiin_20250720_smd_09_1;gen-tokko-2025-tokko_dec,https://www.soumu.go.jp/main_content/001046667.pdf
09,092037,栃木市,tokko_march,3b,特別交付税 3月分,2020-04-01,2021-03-31,2021-03-19,0,交付決定日(報道発表),2021-03-19,1054869.0,千円,,,,,未取得,,,,https://www.soumu.go.jp/main_content/000738961.pdf
09,092037,栃木市,tokko_march,3b,特別交付税 3月分,2021-04-01,2022-03-31,2022-03-18,0,交付決定日(報道発表),2022-03-18,1133482.0,千円,,,78613.0,0.07452394562737175,増加,2021-03-20,2022-03-18,gen-mlit-release-2021;gen-election-shugiin_20211031_smd_09_2;gen-election-shugiin_20211031_smd_09_4;gen-election-shugiin_20211031_smd_09_5;gen-tokko-2021-tokko_dec;gen-tokko-2021-tokko_march,https://www.soumu.go.jp/main_content/000799619.pdf
09,092037,栃木市,tokko_march,3b,特別交付税 3月分,2022-04-01,2023-03-31,2023-03-22,0,交付決定日(報道発表),2023-03-22,1153081.0,千円,,,19599.0,0.01729096712607699,横ばい,2022-03-19,2023-03-22,gen-mlit-release-2022;gen-election-sangiin_20220710_smd_09_1;gen-tokko-2022-tokko_dec;gen-tokko-2022-tokko_march,https://www.soumu.go.jp/main_content/000869990.pdf
09,092037,栃木市,tokko_march,3b,特別交付税 3月分,2023-04-01,2024-03-31,2024-03-22,0,交付決定日(報道発表),2024-03-22,1156148.0,千円,,,3067.0,0.002659830488924889,横ばい,2023-03-23,2024-03-22,gen-mlit-release-2023;gen-tokko-2023-tokko_dec;gen-tokko-2023-tokko_march,https://www.soumu.go.jp/main_content/000997045.pdf
09,092037,栃木市,tokko_march,3b,特別交付税 3月分,2024-04-01,2025-03-31,2025-03-21,0,交付決定日(報道発表),2025-03-21,1162198.0,千円,,,6050.0,0.005232894058546138,横ばい,2024-03-23,2025-03-21,gen-mlit-release-2024;gen-election-shugiin_20241027_smd_09_5;gen-tokko-2024-tokko_dec;gen-tokko-2024-tokko_march,https://www.soumu.go.jp/main_content/000998441.pdf
09,092037,栃木市,tokko_march,3b,特別交付税 3月分,2025-04-01,2026-03-31,2026-03-17,0,交付決定日(報道発表),2026-03-17,1191694.0,千円,,,29496.0,0.02537949643692383,横ばい,2025-03-22,2026-03-17,gen-mlit-release-2025;gen-election-sangiin_20250720_smd_09_1;gen-tokko-2025-tokko_dec;gen-election-shugiin_20260208_smd_09_5;gen-cabinet-2026-02-18;gen-position-motegi_toshimitsu-外務大臣-2026-02-18;gen-tokko-2025-tokko_march,https://www.soumu.go.jp/main_content/001061260.pdf
09,092037,栃木市,mlit_sole_grants,4,社総交・防安交 単独策定主体の国費,2021-04-01,2022-03-31,2021-03-30,1,当初配分の報道発表日を代用(交付決定日は未公表),2021-03-30,36000.0,千円,1,,,,未取得,,,,https://www.mlit.go.jp/common/001396522.pdf
09,092037,栃木市,mlit_sole_grants,4,社総交・防安交 単独策定主体の国費,2022-04-01,2023-03-31,2022-03-25,1,当初配分の報道発表日を代用(交付決定日は未公表),2022-03-25,30000.0,千円,1,,-6000.0,-0.16666666666666666,減少,2021-03-31,2022-03-25,gen-election-shugiin_20211031_smd_09_2;gen-election-shugiin_20211031_smd_09_4;gen-election-shugiin_20211031_smd_09_5;gen-tokko-2021-tokko_dec;gen-tokko-2021-tokko_march;gen-mlit-release-2022,https://www.mlit.go.jp/page/content/001472731.pdf
09,092037,栃木市,mlit_sole_grants,4,社総交・防安交 単独策定主体の国費,2023-04-01,2024-03-31,2023-03-31,1,当初配分の報道発表日を代用(交付決定日は未公表),2023-03-31,10000.0,千円,1,,-20000.0,-0.6666666666666666,減少,2022-03-26,2023-03-31,gen-election-sangiin_20220710_smd_09_1;gen-tokko-2022-tokko_dec;gen-tokko-2022-tokko_march;gen-mlit-release-2023,https://www.mlit.go.jp/page/content/001596924.pdf
09,092037,栃木市,mlit_sole_grants,4,社総交・防安交 単独策定主体の国費,2024-04-01,2025-03-31,2024-04-01,1,当初配分の報道発表日を代用(交付決定日は未公表),2024-04-01,10800.0,千円,1,,800.0,0.08,増加,2023-04-01,2024-04-01,gen-tokko-2023-tokko_dec;gen-tokko-2023-tokko_march;gen-mlit-release-2024,https://www.mlit.go.jp/page/content/001735005.pdf
09,092037,栃木市,mlit_sole_grants,4,社総交・防安交 単独策定主体の国費,2025-04-01,2026-03-31,2025-04-01,1,当初配分の報道発表日を代用(交付決定日は未公表),2025-04-01,650.0,千円,1,,-10150.0,-0.9398148148148148,減少,2024-04-02,2025-04-01,gen-election-shugiin_20241027_smd_09_5;gen-tokko-2024-tokko_dec;gen-tokko-2024-tokko_march;gen-mlit-release-2025,https://www.mlit.go.jp/page/content/001879738.pdf
09,092037,栃木市,mlit_sole_grants,4,社総交・防安交 単独策定主体の国費,2026-04-01,2027-03-31,2026-04-07,1,当初配分の報道発表日を代用(交付決定日は未公表),2026-04-07,11600.0,千円,1,,10950.0,16.846153846153847,増加,2025-04-02,2026-04-07,gen-election-sangiin_20250720_smd_09_1;gen-tokko-2025-tokko_dec;gen-election-shugiin_20260208_smd_09_5;gen-cabinet-2026-02-18;gen-position-motegi_toshimitsu-外務大臣-2026-02-18;gen-tokko-2025-tokko_march;gen-mlit-release-2026,https://www.mlit.go.jp/page/content/001994561.pdf
09,092037,栃木市,mlit_road,5,道路局箇所表 事業主体=当該市町の国費,2021-04-01,2022-03-31,2021-03-30,1,当初配分の報道発表日を代用(交付決定日は未公表),2021-03-30,368000.0,千円,3,,,,未取得,,,,https://www.mlit.go.jp/common/001396522.pdf
09,092037,栃木市,mlit_road,5,道路局箇所表 事業主体=当該市町の国費,2022-04-01,2023-03-31,2022-03-25,1,当初配分の報道発表日を代用(交付決定日は未公表),2022-03-25,443000.0,千円,4,,75000.0,0.20380434782608695,増加,2021-03-31,2022-03-25,gen-election-shugiin_20211031_smd_09_2;gen-election-shugiin_20211031_smd_09_4;gen-election-shugiin_20211031_smd_09_5;gen-tokko-2021-tokko_dec;gen-tokko-2021-tokko_march;gen-mlit-release-2022,https://www.mlit.go.jp/page/content/001472731.pdf
09,092037,栃木市,mlit_road,5,道路局箇所表 事業主体=当該市町の国費,2023-04-01,2024-03-31,2023-03-31,1,当初配分の報道発表日を代用(交付決定日は未公表),2023-03-31,209000.0,千円,4,,-234000.0,-0.5282167042889391,減少,2022-03-26,2023-03-31,gen-election-sangiin_20220710_smd_09_1;gen-tokko-2022-tokko_dec;gen-tokko-2022-tokko_march;gen-mlit-release-2023,https://www.mlit.go.jp/page/content/001596924.pdf
09,092037,栃木市,mlit_road,5,道路局箇所表 事業主体=当該市町の国費,2024-04-01,2025-03-31,2024-04-01,1,当初配分の報道発表日を代用(交付決定日は未公表),2024-04-01,275000.0,千円,2,,66000.0,0.3157894736842105,増加,2023-04-01,2024-04-01,gen-tokko-2023-tokko_dec;gen-tokko-2023-tokko_march;gen-mlit-release-2024,https://www.mlit.go.jp/page/content/001735005.pdf
09,092037,栃木市,mlit_road,5,道路局箇所表 事業主体=当該市町の国費,2025-04-01,2026-03-31,2025-04-01,1,当初配分の報道発表日を代用(交付決定日は未公表),2025-04-01,119000.0,千円,2,,-156000.0,-0.5672727272727273,減少,2024-04-02,2025-04-01,gen-election-shugiin_20241027_smd_09_5;gen-tokko-2024-tokko_dec;gen-tokko-2024-tokko_march;gen-mlit-release-2025,https://www.mlit.go.jp/page/content/001879738.pdf
09,092037,栃木市,mlit_road,5,道路局箇所表 事業主体=当該市町の国費,2026-04-01,2027-03-31,2026-04-07,1,当初配分の報道発表日を代用(交付決定日は未公表),2026-04-07,253000.0,千円,2,,134000.0,1.1260504201680672,増加,2025-04-02,2026-04-07,gen-election-sangiin_20250720_smd_09_1;gen-tokko-2025-tokko_dec;gen-election-shugiin_20260208_smd_09_5;gen-cabinet-2026-02-18;gen-position-motegi_toshimitsu-外務大臣-2026-02-18;gen-tokko-2025-tokko_march;gen-mlit-release-2026,https://www.mlit.go.jp/page/content/001994561.pdf
09,092037,栃木市,e_kokko,6,国庫支出金 計(決算、地方財政状況調査),2020-04-01,2021-03-31,2021-03-31,0,決算(年度末),,29021325.0,千円,,,,,未取得,,,,https://www.e-stat.go.jp/stat-search/file-download?statInfId=000032188698&fileKind=1
09,092037,栃木市,e_kokko,6,国庫支出金 計(決算、地方財政状況調査),2021-04-01,2022-03-31,2022-03-31,0,決算(年度末),,14802987.0,千円,,,-14218338.0,-0.4899272517708961,減少,2021-04-01,2022-03-31,gen-election-shugiin_20211031_smd_09_2;gen-election-shugiin_20211031_smd_09_4;gen-election-shugiin_20211031_smd_09_5;gen-tokko-2021-tokko_dec;gen-tokko-2021-tokko_march;gen-mlit-release-2022,https://www.e-stat.go.jp/stat-search/file-download?statInfId=000040044921&fileKind=1
09,092037,栃木市,e_kokko,6,国庫支出金 計(決算、地方財政状況調査),2022-04-01,2023-03-31,2023-03-31,0,決算(年度末),,11748258.0,千円,,,-3054729.0,-0.206358959850468,減少,2022-04-01,2023-03-31,gen-election-sangiin_20220710_smd_09_1;gen-tokko-2022-tokko_dec;gen-tokko-2022-tokko_march;gen-mlit-release-2023,https://www.e-stat.go.jp/stat-search/file-download?statInfId=000040171702&fileKind=1
09,092037,栃木市,e_kokko,6,国庫支出金 計(決算、地方財政状況調査),2023-04-01,2024-03-31,2024-03-31,0,決算(年度末),,12760647.0,千円,,,1012389.0,0.08617354164336534,増加,2023-04-01,2024-03-31,gen-tokko-2023-tokko_dec;gen-tokko-2023-tokko_march,https://www.e-stat.go.jp/stat-search/file-download?statInfId=000040231591&fileKind=1
09,092037,栃木市,e_kokko,6,国庫支出金 計(決算、地方財政状況調査),2024-04-01,2025-03-31,2025-03-31,0,決算(年度末),,12907616.0,千円,,,146969.0,0.011517362716796414,横ばい,2024-04-01,2025-03-31,gen-mlit-release-2024;gen-election-shugiin_20241027_smd_09_5;gen-tokko-2024-tokko_dec;gen-tokko-2024-tokko_march,https://www.e-stat.go.jp/stat-search/file-download?statInfId=000040375638&fileKind=1
09,092037,栃木市,e_kokko_futsuken,6,国庫支出金のうち普通建設事業費支出金(決算),2020-04-01,2021-03-31,2021-03-31,0,決算(年度末),,972394.0,千円,,,,,未取得,,,,https://www.e-stat.go.jp/stat-search/file-download?statInfId=000032188698&fileKind=1
09,092037,栃木市,e_kokko_futsuken,6,国庫支出金のうち普通建設事業費支出金(決算),2021-04-01,2022-03-31,2022-03-31,0,決算(年度末),,494583.0,千円,,,-477811.0,-0.4913759237510721,減少,2021-04-01,2022-03-31,gen-election-shugiin_20211031_smd_09_2;gen-election-shugiin_20211031_smd_09_4;gen-election-shugiin_20211031_smd_09_5;gen-tokko-2021-tokko_dec;gen-tokko-2021-tokko_march;gen-mlit-release-2022,https://www.e-stat.go.jp/stat-search/file-download?statInfId=000040044921&fileKind=1
09,092037,栃木市,e_kokko_futsuken,6,国庫支出金のうち普通建設事業費支出金(決算),2022-04-01,2023-03-31,2023-03-31,0,決算(年度末),,200542.0,千円,,,-294041.0,-0.5945230628630583,減少,2022-04-01,2023-03-31,gen-election-sangiin_20220710_smd_09_1;gen-tokko-2022-tokko_dec;gen-tokko-2022-tokko_march;gen-mlit-release-2023,https://www.e-stat.go.jp/stat-search/file-download?statInfId=000040171702&fileKind=1
09,092037,栃木市,e_kokko_futsuken,6,国庫支出金のうち普通建設事業費支出金(決算),2023-04-01,2024-03-31,2024-03-31,0,決算(年度末),,1188029.0,千円,,,987487.0,4.924090714164614,増加,2023-04-01,2024-03-31,gen-tokko-2023-tokko_dec;gen-tokko-2023-tokko_march,https://www.e-stat.go.jp/stat-search/file-download?statInfId=000040231591&fileKind=1
09,092037,栃木市,e_kokko_futsuken,6,国庫支出金のうち普通建設事業費支出金(決算),2024-04-01,2025-03-31,2025-03-31,0,決算(年度末),,1373177.0,千円,,,185148.0,0.1558446805591446,増加,2024-04-01,2025-03-31,gen-mlit-release-2024;gen-election-shugiin_20241027_smd_09_5;gen-tokko-2024-tokko_dec;gen-tokko-2024-tokko_march,https://www.e-stat.go.jp/stat-search/file-download?statInfId=000040375638&fileKind=1
09,092037,栃木市,e_kokko_saigai,6,国庫支出金のうち災害復旧事業費支出金(決算),2020-04-01,2021-03-31,2021-03-31,0,決算(年度末),,583957.0,千円,,,,,未取得,,,,https://www.e-stat.go.jp/stat-search/file-download?statInfId=000032188698&fileKind=1
09,092037,栃木市,e_kokko_saigai,6,国庫支出金のうち災害復旧事業費支出金(決算),2021-04-01,2022-03-31,2022-03-31,0,決算(年度末),,37468.0,千円,,,-546489.0,-0.9358377414775403,減少,2021-04-01,2022-03-31,gen-election-shugiin_20211031_smd_09_2;gen-election-shugiin_20211031_smd_09_4;gen-election-shugiin_20211031_smd_09_5;gen-tokko-2021-tokko_dec;gen-tokko-2021-tokko_march;gen-mlit-release-2022,https://www.e-stat.go.jp/stat-search/file-download?statInfId=000040044921&fileKind=1
09,092037,栃木市,e_kokko_saigai,6,国庫支出金のうち災害復旧事業費支出金(決算),2022-04-01,2023-03-31,2023-03-31,0,決算(年度末),,0.0,千円,,,-37468.0,-1.0,減少,2022-04-01,2023-03-31,gen-election-sangiin_20220710_smd_09_1;gen-tokko-2022-tokko_dec;gen-tokko-2022-tokko_march;gen-mlit-release-2023,https://www.e-stat.go.jp/stat-search/file-download?statInfId=000040171702&fileKind=1
09,092037,栃木市,e_kokko_saigai,6,国庫支出金のうち災害復旧事業費支出金(決算),2023-04-01,2024-03-31,2024-03-31,0,決算(年度末),,35946.0,千円,,,35946.0,,未取得,2023-04-01,2024-03-31,gen-tokko-2023-tokko_dec;gen-tokko-2023-tokko_march,https://www.e-stat.go.jp/stat-search/file-download?statInfId=000040231591&fileKind=1
09,092037,栃木市,e_kokko_saigai,6,国庫支出金のうち災害復旧事業費支出金(決算),2024-04-01,2025-03-31,2025-03-31,0,決算(年度末),,0.0,千円,,,-35946.0,-1.0,減少,2024-04-01,2025-03-31,gen-mlit-release-2024;gen-election-shugiin_20241027_smd_09_5;gen-tokko-2024-tokko_dec;gen-tokko-2024-tokko_march,https://www.e-stat.go.jp/stat-search/file-download?statInfId=000040375638&fileKind=1
09,092037,栃木市,e_kokko_shasoukou,6,国庫支出金のうち社会資本整備総合交付金(決算),2020-04-01,2021-03-31,2021-03-31,0,決算(年度末),,1209460.0,千円,,,,,未取得,,,,https://www.e-stat.go.jp/stat-search/file-download?statInfId=000032188698&fileKind=1
09,092037,栃木市,e_kokko_shasoukou,6,国庫支出金のうち社会資本整備総合交付金(決算),2021-04-01,2022-03-31,2022-03-31,0,決算(年度末),,472297.0,千円,,,-737163.0,-0.6094976270401666,減少,2021-04-01,2022-03-31,gen-election-shugiin_20211031_smd_09_2;gen-election-shugiin_20211031_smd_09_4;gen-election-shugiin_20211031_smd_09_5;gen-tokko-2021-tokko_dec;gen-tokko-2021-tokko_march;gen-mlit-release-2022,https://www.e-stat.go.jp/stat-search/file-download?statInfId=000040044921&fileKind=1
09,092037,栃木市,e_kokko_shasoukou,6,国庫支出金のうち社会資本整備総合交付金(決算),2022-04-01,2023-03-31,2023-03-31,0,決算(年度末),,405420.0,千円,,,-66877.0,-0.1415994596620347,減少,2022-04-01,2023-03-31,gen-election-sangiin_20220710_smd_09_1;gen-tokko-2022-tokko_dec;gen-tokko-2022-tokko_march;gen-mlit-release-2023,https://www.e-stat.go.jp/stat-search/file-download?statInfId=000040171702&fileKind=1
09,092037,栃木市,e_kokko_shasoukou,6,国庫支出金のうち社会資本整備総合交付金(決算),2023-04-01,2024-03-31,2024-03-31,0,決算(年度末),,446644.0,千円,,,41224.0,0.1016822061072468,増加,2023-04-01,2024-03-31,gen-tokko-2023-tokko_dec;gen-tokko-2023-tokko_march,https://www.e-stat.go.jp/stat-search/file-download?statInfId=000040231591&fileKind=1
09,092037,栃木市,e_kokko_shasoukou,6,国庫支出金のうち社会資本整備総合交付金(決算),2024-04-01,2025-03-31,2025-03-31,0,決算(年度末),,632105.0,千円,,,185461.0,0.41523226551795167,増加,2024-04-01,2025-03-31,gen-mlit-release-2024;gen-election-shugiin_20241027_smd_09_5;gen-tokko-2024-tokko_dec;gen-tokko-2024-tokko_march,https://www.e-stat.go.jp/stat-search/file-download?statInfId=000040375638&fileKind=1
09,092037,栃木市,e_pref,6,都道府県支出金 計(決算),2020-04-01,2021-03-31,2021-03-31,0,決算(年度末),,5008655.0,千円,,,,,未取得,,,,https://www.e-stat.go.jp/stat-search/file-download?statInfId=000032188698&fileKind=1
09,092037,栃木市,e_pref,6,都道府県支出金 計(決算),2021-04-01,2022-03-31,2022-03-31,0,決算(年度末),,4747026.0,千円,,,-261629.0,-0.05223538055625712,減少,2021-04-01,2022-03-31,gen-election-shugiin_20211031_smd_09_2;gen-election-shugiin_20211031_smd_09_4;gen-election-shugiin_20211031_smd_09_5;gen-tokko-2021-tokko_dec;gen-tokko-2021-tokko_march;gen-mlit-release-2022,https://www.e-stat.go.jp/stat-search/file-download?statInfId=000040044921&fileKind=1
09,092037,栃木市,e_pref,6,都道府県支出金 計(決算),2022-04-01,2023-03-31,2023-03-31,0,決算(年度末),,4973467.0,千円,,,226441.0,0.047701655731398986,横ばい,2022-04-01,2023-03-31,gen-election-sangiin_20220710_smd_09_1;gen-tokko-2022-tokko_dec;gen-tokko-2022-tokko_march;gen-mlit-release-2023,https://www.e-stat.go.jp/stat-search/file-download?statInfId=000040171702&fileKind=1
09,092037,栃木市,e_pref,6,都道府県支出金 計(決算),2023-04-01,2024-03-31,2024-03-31,0,決算(年度末),,5258072.0,千円,,,284605.0,0.05722466842546658,増加,2023-04-01,2024-03-31,gen-tokko-2023-tokko_dec;gen-tokko-2023-tokko_march,https://www.e-stat.go.jp/stat-search/file-download?statInfId=000040231591&fileKind=1
09,092037,栃木市,e_pref,6,都道府県支出金 計(決算),2024-04-01,2025-03-31,2025-03-31,0,決算(年度末),,5198977.0,千円,,,-59095.0,-0.011238910383882153,横ばい,2024-04-01,2025-03-31,gen-mlit-release-2024;gen-election-shugiin_20241027_smd_09_5;gen-tokko-2024-tokko_dec;gen-tokko-2024-tokko_march,https://www.e-stat.go.jp/stat-search/file-download?statInfId=000040375638&fileKind=1
09,092037,栃木市,e_futsu,6,普通交付税(決算),2020-04-01,2021-03-31,2021-03-31,0,決算(年度末),,8265422.0,千円,,,,,未取得,,,,https://www.e-stat.go.jp/stat-search/file-download?statInfId=000032188698&fileKind=1
09,092037,栃木市,e_futsu,6,普通交付税(決算),2021-04-01,2022-03-31,2022-03-31,0,決算(年度末),,9380560.0,千円,,,1115138.0,0.1349160393746381,増加,2021-04-01,2022-03-31,gen-election-shugiin_20211031_smd_09_2;gen-election-shugiin_20211031_smd_09_4;gen-election-shugiin_20211031_smd_09_5;gen-tokko-2021-tokko_dec;gen-tokko-2021-tokko_march;gen-mlit-release-2022,https://www.e-stat.go.jp/stat-search/file-download?statInfId=000040044921&fileKind=1
09,092037,栃木市,e_futsu,6,普通交付税(決算),2022-04-01,2023-03-31,2023-03-31,0,決算(年度末),,9514826.0,千円,,,134266.0,0.014313217974193439,横ばい,2022-04-01,2023-03-31,gen-election-sangiin_20220710_smd_09_1;gen-tokko-2022-tokko_dec;gen-tokko-2022-tokko_march;gen-mlit-release-2023,https://www.e-stat.go.jp/stat-search/file-download?statInfId=000040171702&fileKind=1
09,092037,栃木市,e_futsu,6,普通交付税(決算),2023-04-01,2024-03-31,2024-03-31,0,決算(年度末),,9508798.0,千円,,,-6028.0,-0.0006335375970091308,横ばい,2023-04-01,2024-03-31,gen-tokko-2023-tokko_dec;gen-tokko-2023-tokko_march,https://www.e-stat.go.jp/stat-search/file-download?statInfId=000040231591&fileKind=1
09,092037,栃木市,e_futsu,6,普通交付税(決算),2024-04-01,2025-03-31,2025-03-31,0,決算(年度末),,10509854.0,千円,,,1001056.0,0.10527681837388911,増加,2024-04-01,2025-03-31,gen-mlit-release-2024;gen-election-shugiin_20241027_smd_09_5;gen-tokko-2024-tokko_dec;gen-tokko-2024-tokko_march,https://www.e-stat.go.jp/stat-search/file-download?statInfId=000040375638&fileKind=1
09,092037,栃木市,e_tokko,6,特別交付税(決算),2020-04-01,2021-03-31,2021-03-31,0,決算(年度末),,1145110.0,千円,,,,,未取得,,,,https://www.e-stat.go.jp/stat-search/file-download?statInfId=000032188698&fileKind=1
09,092037,栃木市,e_tokko,6,特別交付税(決算),2021-04-01,2022-03-31,2022-03-31,0,決算(年度末),,1234203.0,千円,,,89093.0,0.07780300582476793,増加,2021-04-01,2022-03-31,gen-election-shugiin_20211031_smd_09_2;gen-election-shugiin_20211031_smd_09_4;gen-election-shugiin_20211031_smd_09_5;gen-tokko-2021-tokko_dec;gen-tokko-2021-tokko_march;gen-mlit-release-2022,https://www.e-stat.go.jp/stat-search/file-download?statInfId=000040044921&fileKind=1
09,092037,栃木市,e_tokko,6,特別交付税(決算),2022-04-01,2023-03-31,2023-03-31,0,決算(年度末),,1250495.0,千円,,,16292.0,0.013200421648626684,横ばい,2022-04-01,2023-03-31,gen-election-sangiin_20220710_smd_09_1;gen-tokko-2022-tokko_dec;gen-tokko-2022-tokko_march;gen-mlit-release-2023,https://www.e-stat.go.jp/stat-search/file-download?statInfId=000040171702&fileKind=1
09,092037,栃木市,e_tokko,6,特別交付税(決算),2023-04-01,2024-03-31,2024-03-31,0,決算(年度末),,1262657.0,千円,,,12162.0,0.009725748603552993,横ばい,2023-04-01,2024-03-31,gen-tokko-2023-tokko_dec;gen-tokko-2023-tokko_march,https://www.e-stat.go.jp/stat-search/file-download?statInfId=000040231591&fileKind=1
09,092037,栃木市,e_tokko,6,特別交付税(決算),2024-04-01,2025-03-31,2025-03-31,0,決算(年度末),,1267644.0,千円,,,4987.0,0.003949607850746481,横ばい,2024-04-01,2025-03-31,gen-mlit-release-2024;gen-election-shugiin_20241027_smd_09_5;gen-tokko-2024-tokko_dec;gen-tokko-2024-tokko_march,https://www.e-stat.go.jp/stat-search/file-download?statInfId=000040375638&fileKind=1
09,092037,栃木市,e_road_kokko,7,道路橋りょう費に充当した国庫支出金(決算),2020-04-01,2021-03-31,2021-03-31,0,決算(年度末),,424952.0,千円,,,,,未取得,,,,https://www.e-stat.go.jp/stat-search/file-download?statInfId=000032188710&fileKind=1
09,092037,栃木市,e_road_kokko,7,道路橋りょう費に充当した国庫支出金(決算),2021-04-01,2022-03-31,2022-03-31,0,決算(年度末),,470769.0,千円,,,45817.0,0.10781688284794518,増加,2021-04-01,2022-03-31,gen-election-shugiin_20211031_smd_09_2;gen-election-shugiin_20211031_smd_09_4;gen-election-shugiin_20211031_smd_09_5;gen-tokko-2021-tokko_dec;gen-tokko-2021-tokko_march;gen-mlit-release-2022,https://www.e-stat.go.jp/stat-search/file-download?statInfId=000040044933&fileKind=1
09,092037,栃木市,e_road_kokko,7,道路橋りょう費に充当した国庫支出金(決算),2022-04-01,2023-03-31,2023-03-31,0,決算(年度末),,339633.0,千円,,,-131136.0,-0.2785569992926467,減少,2022-04-01,2023-03-31,gen-election-sangiin_20220710_smd_09_1;gen-tokko-2022-tokko_dec;gen-tokko-2022-tokko_march;gen-mlit-release-2023,https://www.e-stat.go.jp/stat-search/file-download?statInfId=000040171714&fileKind=1
09,092037,栃木市,e_road_kokko,7,道路橋りょう費に充当した国庫支出金(決算),2023-04-01,2024-03-31,2024-03-31,0,決算(年度末),,564373.0,千円,,,224740.0,0.6617142621594486,増加,2023-04-01,2024-03-31,gen-tokko-2023-tokko_dec;gen-tokko-2023-tokko_march,https://www.e-stat.go.jp/stat-search/file-download?statInfId=000040231603&fileKind=1
09,092037,栃木市,e_road_kokko,7,道路橋りょう費に充当した国庫支出金(決算),2024-04-01,2025-03-31,2025-03-31,0,決算(年度末),,412754.0,千円,,,-151619.0,-0.2686503429469517,減少,2024-04-01,2025-03-31,gen-mlit-release-2024;gen-election-shugiin_20241027_smd_09_5;gen-tokko-2024-tokko_dec;gen-tokko-2024-tokko_march,https://www.e-stat.go.jp/stat-search/file-download?statInfId=000040375650&fileKind=1
09,092037,栃木市,e_hojo_road_kokko,8,補助事業費(道路・橋りょう)の国庫支出金(決算),2020-04-01,2021-03-31,2021-03-31,0,決算(年度末),,424952.0,千円,,,,,未取得,,,,https://www.e-stat.go.jp/stat-search/file-download?statInfId=000032188732&fileKind=1
09,092037,栃木市,e_hojo_road_kokko,8,補助事業費(道路・橋りょう)の国庫支出金(決算),2021-04-01,2022-03-31,2022-03-31,0,決算(年度末),,470769.0,千円,,,45817.0,0.10781688284794518,増加,2021-04-01,2022-03-31,gen-election-shugiin_20211031_smd_09_2;gen-election-shugiin_20211031_smd_09_4;gen-election-shugiin_20211031_smd_09_5;gen-tokko-2021-tokko_dec;gen-tokko-2021-tokko_march;gen-mlit-release-2022,https://www.e-stat.go.jp/stat-search/file-download?statInfId=000040044955&fileKind=1
09,092037,栃木市,e_hojo_road_kokko,8,補助事業費(道路・橋りょう)の国庫支出金(決算),2022-04-01,2023-03-31,2023-03-31,0,決算(年度末),,335633.0,千円,,,-135136.0,-0.28705373548385726,減少,2022-04-01,2023-03-31,gen-election-sangiin_20220710_smd_09_1;gen-tokko-2022-tokko_dec;gen-tokko-2022-tokko_march;gen-mlit-release-2023,https://www.e-stat.go.jp/stat-search/file-download?statInfId=000040171736&fileKind=1
09,092037,栃木市,e_hojo_road_kokko,8,補助事業費(道路・橋りょう)の国庫支出金(決算),2023-04-01,2024-03-31,2024-03-31,0,決算(年度末),,538997.0,千円,,,203364.0,0.6059118143925061,増加,2023-04-01,2024-03-31,gen-tokko-2023-tokko_dec;gen-tokko-2023-tokko_march,https://www.e-stat.go.jp/stat-search/file-download?statInfId=000040231625&fileKind=1
09,092037,栃木市,e_hojo_road_kokko,8,補助事業費(道路・橋りょう)の国庫支出金(決算),2024-04-01,2025-03-31,2025-03-31,0,決算(年度末),,379280.0,千円,,,-159717.0,-0.2963226140405234,減少,2024-04-01,2025-03-31,gen-mlit-release-2024;gen-election-shugiin_20241027_smd_09_5;gen-tokko-2024-tokko_dec;gen-tokko-2024-tokko_march,https://www.e-stat.go.jp/stat-search/file-download?statInfId=000040375672&fileKind=1
09,092037,栃木市,futsu_decided,9,普通交付税 当初決定額,2021-04-01,2022-03-31,2021-08-03,0,当初決定日(算定結果の報道資料の日付),2021-08-03,8400347.0,千円,,,,,未取得,,,,https://www.soumu.go.jp/main_content/000761570.xlsx
09,092037,栃木市,futsu_decided,9,普通交付税 当初決定額,2022-04-01,2023-03-31,2022-07-26,0,当初決定日(算定結果の報道資料の日付),2022-07-26,9266489.0,千円,,,866142.0,0.10310788351957366,増加,2021-08-04,2022-07-26,gen-election-shugiin_20211031_smd_09_2;gen-election-shugiin_20211031_smd_09_4;gen-election-shugiin_20211031_smd_09_5;gen-tokko-2021-tokko_dec;gen-tokko-2021-tokko_march;gen-mlit-release-2022;gen-election-sangiin_20220710_smd_09_1,https://www.soumu.go.jp/main_content/000762090.xlsx
09,092037,栃木市,futsu_decided,9,普通交付税 当初決定額,2023-04-01,2024-03-31,2023-07-28,0,当初決定日(算定結果の報道資料の日付),2023-07-28,9161890.0,千円,,,-104599.0,-0.01128787828917727,横ばい,2022-07-27,2023-07-28,gen-tokko-2022-tokko_dec;gen-tokko-2022-tokko_march;gen-mlit-release-2023,https://www.soumu.go.jp/main_content/000894237.xlsx
09,092037,栃木市,futsu_decided,9,普通交付税 当初決定額,2024-04-01,2025-03-31,2024-07-23,0,当初決定日(算定結果の報道資料の日付),2024-07-23,9865423.0,千円,,,703533.0,0.07678906863103574,増加,2023-07-29,2024-07-23,gen-tokko-2023-tokko_dec;gen-tokko-2023-tokko_march;gen-mlit-release-2024,https://www.soumu.go.jp/main_content/000958553.xlsx
09,092037,栃木市,futsu_decided,9,普通交付税 当初決定額,2025-04-01,2026-03-31,2025-07-29,0,当初決定日(算定結果の報道資料の日付),2025-07-29,9680971.0,千円,,,-184452.0,-0.0186968161426023,横ばい,2024-07-24,2025-07-29,gen-election-shugiin_20241027_smd_09_5;gen-tokko-2024-tokko_dec;gen-tokko-2024-tokko_march;gen-mlit-release-2025;gen-election-sangiin_20250720_smd_09_1,https://www.soumu.go.jp/main_content/001022466.xlsx
09,092037,栃木市,futsu_decided,9,普通交付税 当初決定額,2026-04-01,2027-03-31,2026-07-24,0,当初決定日(算定結果の報道資料の日付),2026-07-24,10311576.0,千円,,,630605.0,0.0651386105794553,増加,2025-07-30,2026-07-24,gen-tokko-2025-tokko_dec;gen-election-shugiin_20260208_smd_09_5;gen-cabinet-2026-02-18;gen-position-motegi_toshimitsu-外務大臣-2026-02-18;gen-tokko-2025-tokko_march;gen-mlit-release-2026,https://www.soumu.go.jp/main_content/001083404.xlsx
09,092037,栃木市,kofu_total,10,国交省 交付決定額 計(年度合計),2017-04-01,2018-03-31,2018-03-31,1,年度内で最後の交付決定日(交付決定がない年度は年度末)。値は年度合計(変更減額を含む),,1124170.0,千円,,,,,未取得,,,,https://www.mlit.go.jp/common/001210869.xlsx
09,092037,栃木市,kofu_total,10,国交省 交付決定額 計(年度合計),2018-04-01,2019-03-31,2018-09-06,1,年度内で最後の交付決定日(交付決定がない年度は年度末)。値は年度合計(変更減額を含む),,1487098.0,千円,,,362928.0,0.322840851472642,増加,2018-04-01,2018-09-06,,https://www.mlit.go.jp/common/001260907.xlsx
09,092037,栃木市,kofu_total,10,国交省 交付決定額 計(年度合計),2019-04-01,2020-03-31,2019-11-27,1,年度内で最後の交付決定日(交付決定がない年度は年度末)。値は年度合計(変更減額を含む),,1622566.0,千円,,,135468.0,0.09109554313165642,増加,2018-09-07,2019-11-27,,https://www.mlit.go.jp/common/001316172.xlsx
09,092037,栃木市,kofu_total,10,国交省 交付決定額 計(年度合計),2020-04-01,2021-03-31,2021-02-05,1,年度内で最後の交付決定日(交付決定がない年度は年度末)。値は年度合計(変更減額を含む),,1225548.0,千円,,,-397018.0,-0.24468527012152355,減少,2019-11-28,2021-02-05,gen-tokko-2020-tokko_dec,https://www.mlit.go.jp/common/001371589.xlsx
09,092037,栃木市,kofu_total,10,国交省 交付決定額 計(年度合計),2021-04-01,2022-03-31,2022-02-09,1,年度内で最後の交付決定日(交付決定がない年度は年度末)。値は年度合計(変更減額を含む),,828754.0,千円,,,-396794.0,-0.3237686324811431,減少,2021-02-06,2022-02-09,gen-tokko-2020-tokko_march;gen-mlit-release-2021;gen-election-shugiin_20211031_smd_09_2;gen-election-shugiin_20211031_smd_09_4;gen-election-shugiin_20211031_smd_09_5;gen-tokko-2021-tokko_dec,https://www.mlit.go.jp/common/001579048.xlsx
09,092037,栃木市,kofu_total,10,国交省 交付決定額 計(年度合計),2022-04-01,2023-03-31,2023-02-01,1,年度内で最後の交付決定日(交付決定がない年度は年度末)。値は年度合計(変更減額を含む),,1055691.0,千円,,,226937.0,0.27382914592267427,増加,2022-02-10,2023-02-01,gen-tokko-2021-tokko_march;gen-mlit-release-2022;gen-election-sangiin_20220710_smd_09_1;gen-tokko-2022-tokko_dec,https://www.mlit.go.jp/common/001426891.xlsx
09,092037,栃木市,kofu_total,10,国交省 交付決定額 計(年度合計),2023-04-01,2024-03-31,2024-02-14,1,年度内で最後の交付決定日(交付決定がない年度は年度末)。値は年度合計(変更減額を含む),,719890.0,千円,,,-335801.0,-0.3180864476442444,減少,2023-02-02,2024-02-14,gen-tokko-2022-tokko_march;gen-mlit-release-2023;gen-tokko-2023-tokko_dec,https://www.mlit.go.jp/page/content/001749355.xlsx
09,092037,栃木市,kofu_total,10,国交省 交付決定額 計(年度合計),2024-04-01,2025-03-31,2025-03-11,1,年度内で最後の交付決定日(交付決定がない年度は年度末)。値は年度合計(変更減額を含む),,949988.0,千円,,,230098.0,0.31962938782313965,増加,2024-02-15,2025-03-11,gen-tokko-2023-tokko_march;gen-mlit-release-2024;gen-election-shugiin_20241027_smd_09_5;gen-tokko-2024-tokko_dec,https://www.mlit.go.jp/page/content/001889200.xlsx
09,092037,栃木市,kofu_total,10,国交省 交付決定額 計(年度合計),2025-04-01,2026-03-31,2026-03-26,1,年度内で最後の交付決定日(交付決定がない年度は年度末)。値は年度合計(変更減額を含む),,626044.0,千円,,,-323944.0,-0.3409979915535775,減少,2025-03-12,2026-03-26,gen-tokko-2024-tokko_march;gen-mlit-release-2025;gen-election-sangiin_20250720_smd_09_1;gen-tokko-2025-tokko_dec;gen-election-shugiin_20260208_smd_09_5;gen-cabinet-2026-02-18;gen-position-motegi_toshimitsu-外務大臣-2026-02-18;gen-tokko-2025-tokko_march,https://www.mlit.go.jp/page/content/001968987.xlsx
09,092037,栃木市,kofu_shasoukou,10,国交省 交付決定額 社会資本整備総合交付金,2017-04-01,2018-03-31,2018-03-31,1,年度内で最後の交付決定日(交付決定がない年度は年度末)。値は年度合計(変更減額を含む),,1075785.0,千円,,,,,未取得,,,,https://www.mlit.go.jp/common/001306061.xlsx
09,092037,栃木市,kofu_shasoukou,10,国交省 交付決定額 社会資本整備総合交付金,2018-04-01,2019-03-31,2018-09-06,1,年度内で最後の交付決定日(交付決定がない年度は年度末)。値は年度合計(変更減額を含む),,1360351.0,千円,,,284566.0,0.26451939746324776,増加,2018-04-01,2018-09-06,,https://www.mlit.go.jp/common/001288716.xlsx
09,092037,栃木市,kofu_shasoukou,10,国交省 交付決定額 社会資本整備総合交付金,2019-04-01,2020-03-31,2020-03-31,1,年度内で最後の交付決定日(交付決定がない年度は年度末)。値は年度合計(変更減額を含む),,1318027.0,千円,,,-42324.0,-0.031112558449988274,横ばい,2018-09-07,2020-03-31,,https://www.mlit.go.jp/common/001316186.xlsx
09,092037,栃木市,kofu_shasoukou,10,国交省 交付決定額 社会資本整備総合交付金,2020-04-01,2021-03-31,2021-03-31,1,年度内で最後の交付決定日(交付決定がない年度は年度末)。値は年度合計(変更減額を含む),,1002956.0,千円,,,-315071.0,-0.23904745502178634,減少,2020-04-01,2021-03-31,gen-tokko-2020-tokko_dec;gen-tokko-2020-tokko_march;gen-mlit-release-2021,https://www.mlit.go.jp/common/001371606.xlsx
09,092037,栃木市,kofu_shasoukou,10,国交省 交付決定額 社会資本整備総合交付金,2021-04-01,2022-03-31,2022-03-31,1,年度内で最後の交付決定日(交付決定がない年度は年度末)。値は年度合計(変更減額を含む),,374698.0,千円,,,-628258.0,-0.6264063428505339,減少,2021-04-01,2022-03-31,gen-election-shugiin_20211031_smd_09_2;gen-election-shugiin_20211031_smd_09_4;gen-election-shugiin_20211031_smd_09_5;gen-tokko-2021-tokko_dec;gen-tokko-2021-tokko_march;gen-mlit-release-2022,https://www.mlit.go.jp/common/001579064.xlsx
09,092037,栃木市,kofu_shasoukou,10,国交省 交付決定額 社会資本整備総合交付金,2022-04-01,2023-03-31,2023-03-31,1,年度内で最後の交付決定日(交付決定がない年度は年度末)。値は年度合計(変更減額を含む),,285383.0,千円,,,-89315.0,-0.23836529685239846,減少,2022-04-01,2023-03-31,gen-election-sangiin_20220710_smd_09_1;gen-tokko-2022-tokko_dec;gen-tokko-2022-tokko_march;gen-mlit-release-2023,https://www.mlit.go.jp/common/001426909.xlsx
09,092037,栃木市,kofu_shasoukou,10,国交省 交付決定額 社会資本整備総合交付金,2023-04-01,2024-03-31,2023-08-03,1,年度内で最後の交付決定日(交付決定がない年度は年度末)。値は年度合計(変更減額を含む),,286111.0,千円,,,728.0,0.0025509578356103903,横ばい,2023-04-01,2023-08-03,,https://www.mlit.go.jp/page/content/001708175.xlsx
09,092037,栃木市,kofu_shasoukou,10,国交省 交付決定額 社会資本整備総合交付金,2024-04-01,2025-03-31,2025-01-17,1,年度内で最後の交付決定日(交付決定がない年度は年度末)。値は年度合計(変更減額を含む),,256257.0,千円,,,-29854.0,-0.10434411819189056,減少,2023-08-04,2025-01-17,gen-tokko-2023-tokko_dec;gen-tokko-2023-tokko_march;gen-mlit-release-2024;gen-election-shugiin_20241027_smd_09_5;gen-tokko-2024-tokko_dec,https://www.mlit.go.jp/page/content/001842591.xlsx
09,092037,栃木市,kofu_shasoukou,10,国交省 交付決定額 社会資本整備総合交付金,2025-04-01,2026-03-31,2026-03-04,1,年度内で最後の交付決定日(交付決定がない年度は年度末)。値は年度合計(変更減額を含む),,266527.0,千円,,,10270.0,0.04007695399540305,横ばい,2025-01-18,2026-03-04,gen-tokko-2024-tokko_march;gen-mlit-release-2025;gen-election-sangiin_20250720_smd_09_1;gen-tokko-2025-tokko_dec;gen-election-shugiin_20260208_smd_09_5;gen-cabinet-2026-02-18;gen-position-motegi_toshimitsu-外務大臣-2026-02-18,https://www.mlit.go.jp/page/content/001969014.xlsx
09,092037,栃木市,kofu_bouan,10,国交省 交付決定額 防災・安全交付金,2017-04-01,2018-03-31,2018-03-31,1,年度内で最後の交付決定日(交付決定がない年度は年度末)。値は年度合計(変更減額を含む),,279967.0,千円,,,,,未取得,,,,https://www.mlit.go.jp/common/001306061.xlsx
09,092037,栃木市,kofu_bouan,10,国交省 交付決定額 防災・安全交付金,2018-04-01,2019-03-31,2018-09-06,1,年度内で最後の交付決定日(交付決定がない年度は年度末)。値は年度合計(変更減額を含む),,327614.0,千円,,,47647.0,0.17018791500426836,増加,2018-04-01,2018-09-06,,https://www.mlit.go.jp/common/001288716.xlsx
09,092037,栃木市,kofu_bouan,10,国交省 交付決定額 防災・安全交付金,2019-04-01,2020-03-31,2020-03-31,1,年度内で最後の交付決定日(交付決定がない年度は年度末)。値は年度合計(変更減額を含む),,336472.0,千円,,,8858.0,0.027037916572551845,横ばい,2018-09-07,2020-03-31,,https://www.mlit.go.jp/common/001316186.xlsx
09,092037,栃木市,kofu_bouan,10,国交省 交付決定額 防災・安全交付金,2020-04-01,2021-03-31,2021-03-31,1,年度内で最後の交付決定日(交付決定がない年度は年度末)。値は年度合計(変更減額を含む),,291926.0,千円,,,-44546.0,-0.13239140255355572,減少,2020-04-01,2021-03-31,gen-tokko-2020-tokko_dec;gen-tokko-2020-tokko_march;gen-mlit-release-2021,https://www.mlit.go.jp/common/001371606.xlsx
09,092037,栃木市,kofu_bouan,10,国交省 交付決定額 防災・安全交付金,2021-04-01,2022-03-31,2022-03-31,1,年度内で最後の交付決定日(交付決定がない年度は年度末)。値は年度合計(変更減額を含む),,120982.0,千円,,,-170944.0,-0.5855730561854716,減少,2021-04-01,2022-03-31,gen-election-shugiin_20211031_smd_09_2;gen-election-shugiin_20211031_smd_09_4;gen-election-shugiin_20211031_smd_09_5;gen-tokko-2021-tokko_dec;gen-tokko-2021-tokko_march;gen-mlit-release-2022,https://www.mlit.go.jp/common/001579064.xlsx
09,092037,栃木市,kofu_bouan,10,国交省 交付決定額 防災・安全交付金,2022-04-01,2023-03-31,2023-03-31,1,年度内で最後の交付決定日(交付決定がない年度は年度末)。値は年度合計(変更減額を含む),,303636.0,千円,,,182654.0,1.5097617827445404,増加,2022-04-01,2023-03-31,gen-election-sangiin_20220710_smd_09_1;gen-tokko-2022-tokko_dec;gen-tokko-2022-tokko_march;gen-mlit-release-2023,https://www.mlit.go.jp/common/001426909.xlsx
09,092037,栃木市,kofu_bouan,10,国交省 交付決定額 防災・安全交付金,2023-04-01,2024-03-31,2023-08-18,1,年度内で最後の交付決定日(交付決定がない年度は年度末)。値は年度合計(変更減額を含む),,266172.0,千円,,,-37464.0,-0.12338457890368731,減少,2023-04-01,2023-08-18,,https://www.mlit.go.jp/page/content/001708175.xlsx
09,092037,栃木市,kofu_bouan,10,国交省 交付決定額 防災・安全交付金,2024-04-01,2025-03-31,2025-03-11,1,年度内で最後の交付決定日(交付決定がない年度は年度末)。値は年度合計(変更減額を含む),,267554.0,千円,,,1382.0,0.005192131403753963,横ばい,2023-08-19,2025-03-11,gen-tokko-2023-tokko_dec;gen-tokko-2023-tokko_march;gen-mlit-release-2024;gen-election-shugiin_20241027_smd_09_5;gen-tokko-2024-tokko_dec,https://www.mlit.go.jp/page/content/001842591.xlsx
09,092037,栃木市,kofu_bouan,10,国交省 交付決定額 防災・安全交付金,2025-04-01,2026-03-31,2026-03-26,1,年度内で最後の交付決定日(交付決定がない年度は年度末)。値は年度合計(変更減額を含む),,236432.0,千円,,,-31122.0,-0.11632044372351003,減少,2025-03-12,2026-03-26,gen-tokko-2024-tokko_march;gen-mlit-release-2025;gen-election-sangiin_20250720_smd_09_1;gen-tokko-2025-tokko_dec;gen-election-shugiin_20260208_smd_09_5;gen-cabinet-2026-02-18;gen-position-motegi_toshimitsu-外務大臣-2026-02-18;gen-tokko-2025-tokko_march,https://www.mlit.go.jp/page/content/001969014.xlsx
09,092037,栃木市,kofu_road,10,国交省 交付決定額 道路関係の補助,2017-04-01,2018-03-31,2018-03-31,1,年度内で最後の交付決定日(交付決定がない年度は年度末)。値は年度合計(変更減額を含む),,27500.0,千円,,,,,未取得,,,,https://www.mlit.go.jp/common/001234557.xlsx
09,092037,栃木市,kofu_road,10,国交省 交付決定額 道路関係の補助,2018-04-01,2019-03-31,2018-05-23,1,年度内で最後の交付決定日(交付決定がない年度は年度末)。値は年度合計(変更減額を含む),,71500.0,千円,,,44000.0,1.6,増加,2018-04-01,2018-05-23,,https://www.mlit.go.jp/common/001260897.xlsx
09,092037,栃木市,kofu_road,10,国交省 交付決定額 道路関係の補助,2019-04-01,2020-03-31,2020-03-31,1,年度内で最後の交付決定日(交付決定がない年度は年度末)。値は年度合計(変更減額を含む),,178750.0,千円,,,107250.0,1.5,増加,2018-05-24,2020-03-31,,https://www.mlit.go.jp/common/001316175.xlsx
09,092037,栃木市,kofu_road,10,国交省 交付決定額 道路関係の補助,2020-04-01,2021-03-31,2021-03-31,1,年度内で最後の交付決定日(交付決定がない年度は年度末)。値は年度合計(変更減額を含む),,77000.0,千円,,,-101750.0,-0.5692307692307692,減少,2020-04-01,2021-03-31,gen-tokko-2020-tokko_dec;gen-tokko-2020-tokko_march;gen-mlit-release-2021,https://www.mlit.go.jp/common/001371629.xlsx
09,092037,栃木市,kofu_road,10,国交省 交付決定額 道路関係の補助,2021-04-01,2022-03-31,2021-04-28,1,年度内で最後の交付決定日(交付決定がない年度は年度末)。値は年度合計(変更減額を含む),,202554.0,千円,,,125554.0,1.6305714285714286,増加,2021-04-01,2021-04-28,,https://www.mlit.go.jp/common/001579051.xlsx
09,092037,栃木市,kofu_road,10,国交省 交付決定額 道路関係の補助,2022-04-01,2023-03-31,2023-01-27,1,年度内で最後の交付決定日(交付決定がない年度は年度末)。値は年度合計(変更減額を含む),,260188.0,千円,,,57634.0,0.28453646928720244,増加,2021-04-29,2023-01-27,gen-election-shugiin_20211031_smd_09_2;gen-election-shugiin_20211031_smd_09_4;gen-election-shugiin_20211031_smd_09_5;gen-tokko-2021-tokko_dec;gen-tokko-2021-tokko_march;gen-mlit-release-2022;gen-election-sangiin_20220710_smd_09_1;gen-tokko-2022-tokko_dec,https://www.mlit.go.jp/common/001426897.xlsx
09,092037,栃木市,kofu_road,10,国交省 交付決定額 道路関係の補助,2023-04-01,2024-03-31,2023-06-16,1,年度内で最後の交付決定日(交付決定がない年度は年度末)。値は年度合計(変更減額を含む),,115038.0,千円,,,-145150.0,-0.5578658508463111,減少,2023-01-28,2023-06-16,gen-tokko-2022-tokko_march;gen-mlit-release-2023,https://www.mlit.go.jp/page/content/001708164.xlsx
09,092037,栃木市,kofu_road,10,国交省 交付決定額 道路関係の補助,2024-04-01,2025-03-31,2025-01-24,1,年度内で最後の交付決定日(交付決定がない年度は年度末)。値は年度合計(変更減額を含む),,164450.0,千円,,,49412.0,0.42952763434691144,増加,2023-06-17,2025-01-24,gen-tokko-2023-tokko_dec;gen-tokko-2023-tokko_march;gen-mlit-release-2024;gen-election-shugiin_20241027_smd_09_5;gen-tokko-2024-tokko_dec,https://www.mlit.go.jp/page/content/001889202.xlsx
09,092037,栃木市,kofu_road,10,国交省 交付決定額 道路関係の補助,2025-04-01,2026-03-31,2025-04-25,1,年度内で最後の交付決定日(交付決定がない年度は年度末)。値は年度合計(変更減額を含む),,65450.0,千円,,,-99000.0,-0.6020066889632107,減少,2025-01-25,2025-04-25,gen-tokko-2024-tokko_march;gen-mlit-release-2025,https://www.mlit.go.jp/page/content/001969000.xlsx
09,092045,佐野市,card_kokko,1,国庫支出金(決算),2020-04-01,2021-03-31,2021-03-31,0,決算(年度末),,21662160.0,千円,,,,,未取得,,,,https://www.soumu.go.jp/main_content/000804135.xlsx
09,092045,佐野市,card_kokko,1,国庫支出金(決算),2021-04-01,2022-03-31,2022-03-31,0,決算(年度末),,12350562.0,千円,,,-9311598.0,-0.42985547147652864,減少,2021-04-01,2022-03-31,gen-election-shugiin_20211031_smd_09_5;gen-tokko-2021-tokko_dec;gen-tokko-2021-tokko_march;gen-mlit-release-2022,https://www.soumu.go.jp/main_content/000873399.xlsx
09,092045,佐野市,card_kokko,1,国庫支出金(決算),2022-04-01,2023-03-31,2023-03-31,0,決算(年度末),,10470282.0,千円,,,-1880280.0,-0.15224246475585484,減少,2022-04-01,2023-03-31,gen-election-sangiin_20220710_smd_09_1;gen-tokko-2022-tokko_dec;gen-tokko-2022-tokko_march;gen-mlit-release-2023,https://www.soumu.go.jp/main_content/000937050.xlsx
09,092045,佐野市,card_kokko,1,国庫支出金(決算),2023-04-01,2024-03-31,2024-03-31,0,決算(年度末),,9603016.0,千円,,,-867266.0,-0.0828311978607644,減少,2023-04-01,2024-03-31,gen-tokko-2023-tokko_dec;gen-tokko-2023-tokko_march,https://www.soumu.go.jp/main_content/000998938.xlsx
09,092045,佐野市,card_kokko,1,国庫支出金(決算),2024-04-01,2025-03-31,2025-03-31,0,決算(年度末),,9422209.0,千円,,,-180807.0,-0.0188281473237158,横ばい,2024-04-01,2025-03-31,gen-mlit-release-2024;gen-election-shugiin_20241027_smd_09_5;gen-tokko-2024-tokko_dec;gen-tokko-2024-tokko_march,https://www.soumu.go.jp/main_content/001063963.xlsx
09,092045,佐野市,card_pref,2,県支出金(決算),2020-04-01,2021-03-31,2021-03-31,0,決算(年度末),,3729758.0,千円,,,,,未取得,,,,https://www.soumu.go.jp/main_content/000804135.xlsx
09,092045,佐野市,card_pref,2,県支出金(決算),2021-04-01,2022-03-31,2022-03-31,0,決算(年度末),,3536419.0,千円,,,-193339.0,-0.051836875207453136,減少,2021-04-01,2022-03-31,gen-election-shugiin_20211031_smd_09_5;gen-tokko-2021-tokko_dec;gen-tokko-2021-tokko_march;gen-mlit-release-2022,https://www.soumu.go.jp/main_content/000873399.xlsx
09,092045,佐野市,card_pref,2,県支出金(決算),2022-04-01,2023-03-31,2023-03-31,0,決算(年度末),,3517308.0,千円,,,-19111.0,-0.005404054214164102,横ばい,2022-04-01,2023-03-31,gen-election-sangiin_20220710_smd_09_1;gen-tokko-2022-tokko_dec;gen-tokko-2022-tokko_march;gen-mlit-release-2023,https://www.soumu.go.jp/main_content/000937050.xlsx
09,092045,佐野市,card_pref,2,県支出金(決算),2023-04-01,2024-03-31,2024-03-31,0,決算(年度末),,3576626.0,千円,,,59318.0,0.01686460213322234,横ばい,2023-04-01,2024-03-31,gen-tokko-2023-tokko_dec;gen-tokko-2023-tokko_march,https://www.soumu.go.jp/main_content/000998938.xlsx
09,092045,佐野市,card_pref,2,県支出金(決算),2024-04-01,2025-03-31,2025-03-31,0,決算(年度末),,4085117.0,千円,,,508491.0,0.1421705819954337,増加,2024-04-01,2025-03-31,gen-mlit-release-2024;gen-election-shugiin_20241027_smd_09_5;gen-tokko-2024-tokko_dec;gen-tokko-2024-tokko_march,https://www.soumu.go.jp/main_content/001063963.xlsx
09,092045,佐野市,tokko_dec,3a,特別交付税 12月分,2020-04-01,2021-03-31,2020-12-08,0,交付決定日(報道発表),2020-12-08,92344.0,千円,,,,,未取得,,,,https://www.soumu.go.jp/main_content/000721607.pdf
09,092045,佐野市,tokko_dec,3a,特別交付税 12月分,2021-04-01,2022-03-31,2021-12-03,0,交付決定日(報道発表),2021-12-03,83609.0,千円,,,-8735.0,-0.09459196049553842,減少,2020-12-09,2021-12-03,gen-tokko-2020-tokko_march;gen-mlit-release-2021;gen-election-shugiin_20211031_smd_09_5;gen-tokko-2021-tokko_dec,https://www.soumu.go.jp/main_content/000780948.pdf
09,092045,佐野市,tokko_dec,3a,特別交付税 12月分,2022-04-01,2023-03-31,2022-12-13,0,交付決定日(報道発表),2022-12-13,81024.0,千円,,,-2585.0,-0.030917724168450764,横ばい,2021-12-04,2022-12-13,gen-tokko-2021-tokko_march;gen-mlit-release-2022;gen-election-sangiin_20220710_smd_09_1;gen-tokko-2022-tokko_dec,https://www.soumu.go.jp/main_content/000850537.pdf
09,092045,佐野市,tokko_dec,3a,特別交付税 12月分,2023-04-01,2024-03-31,2023-12-12,0,交付決定日(報道発表),2023-12-12,86534.0,千円,,,5510.0,0.06800454186413903,増加,2022-12-14,2023-12-12,gen-tokko-2022-tokko_march;gen-mlit-release-2023;gen-tokko-2023-tokko_dec,https://www.soumu.go.jp/main_content/000916643.pdf
09,092045,佐野市,tokko_dec,3a,特別交付税 12月分,2024-04-01,2025-03-31,2024-12-20,0,交付決定日(報道発表),2024-12-20,99178.0,千円,,,12644.0,0.1461159775348418,増加,2023-12-13,2024-12-20,gen-tokko-2023-tokko_march;gen-mlit-release-2024;gen-election-shugiin_20241027_smd_09_5;gen-tokko-2024-tokko_dec,https://www.soumu.go.jp/main_content/000983129.pdf
09,092045,佐野市,tokko_dec,3a,特別交付税 12月分,2025-04-01,2026-03-31,2025-12-19,0,交付決定日(報道発表),2025-12-19,112453.0,千円,,,13275.0,0.13385024904716772,増加,2024-12-21,2025-12-19,gen-tokko-2024-tokko_march;gen-mlit-release-2025;gen-election-sangiin_20250720_smd_09_1;gen-tokko-2025-tokko_dec,https://www.soumu.go.jp/main_content/001046667.pdf
09,092045,佐野市,tokko_march,3b,特別交付税 3月分,2020-04-01,2021-03-31,2021-03-19,0,交付決定日(報道発表),2021-03-19,708560.0,千円,,,,,未取得,,,,https://www.soumu.go.jp/main_content/000738961.pdf
09,092045,佐野市,tokko_march,3b,特別交付税 3月分,2021-04-01,2022-03-31,2022-03-18,0,交付決定日(報道発表),2022-03-18,744224.0,千円,,,35664.0,0.050333069888224,増加,2021-03-20,2022-03-18,gen-mlit-release-2021;gen-election-shugiin_20211031_smd_09_5;gen-tokko-2021-tokko_dec;gen-tokko-2021-tokko_march,https://www.soumu.go.jp/main_content/000799619.pdf
09,092045,佐野市,tokko_march,3b,特別交付税 3月分,2022-04-01,2023-03-31,2023-03-22,0,交付決定日(報道発表),2023-03-22,757602.0,千円,,,13378.0,0.01797577073569248,横ばい,2022-03-19,2023-03-22,gen-mlit-release-2022;gen-election-sangiin_20220710_smd_09_1;gen-tokko-2022-tokko_dec;gen-tokko-2022-tokko_march,https://www.soumu.go.jp/main_content/000869990.pdf
09,092045,佐野市,tokko_march,3b,特別交付税 3月分,2023-04-01,2024-03-31,2024-03-22,0,交付決定日(報道発表),2024-03-22,765140.0,千円,,,7538.0,0.009949815338396678,横ばい,2023-03-23,2024-03-22,gen-mlit-release-2023;gen-tokko-2023-tokko_dec;gen-tokko-2023-tokko_march,https://www.soumu.go.jp/main_content/000997045.pdf
09,092045,佐野市,tokko_march,3b,特別交付税 3月分,2024-04-01,2025-03-31,2025-03-21,0,交付決定日(報道発表),2025-03-21,730397.0,千円,,,-34743.0,-0.04540737642784327,横ばい,2024-03-23,2025-03-21,gen-mlit-release-2024;gen-election-shugiin_20241027_smd_09_5;gen-tokko-2024-tokko_dec;gen-tokko-2024-tokko_march,https://www.soumu.go.jp/main_content/000998441.pdf
09,092045,佐野市,tokko_march,3b,特別交付税 3月分,2025-04-01,2026-03-31,2026-03-17,0,交付決定日(報道発表),2026-03-17,757455.0,千円,,,27058.0,0.03704560670429917,横ばい,2025-03-22,2026-03-17,gen-mlit-release-2025;gen-election-sangiin_20250720_smd_09_1;gen-tokko-2025-tokko_dec;gen-election-shugiin_20260208_smd_09_5;gen-cabinet-2026-02-18;gen-position-motegi_toshimitsu-外務大臣-2026-02-18;gen-tokko-2025-tokko_march,https://www.soumu.go.jp/main_content/001061260.pdf
09,092045,佐野市,mlit_sole_grants,4,社総交・防安交 単独策定主体の国費,2021-04-01,2022-03-31,2021-03-30,1,当初配分の報道発表日を代用(交付決定日は未公表),2021-03-30,129643.0,千円,2,,,,未取得,,,,https://www.mlit.go.jp/common/001396522.pdf
09,092045,佐野市,mlit_sole_grants,4,社総交・防安交 単独策定主体の国費,2022-04-01,2023-03-31,2022-03-25,1,当初配分の報道発表日を代用(交付決定日は未公表),2022-03-25,96144.0,千円,3,,-33499.0,-0.2583942056262197,減少,2021-03-31,2022-03-25,gen-election-shugiin_20211031_smd_09_5;gen-tokko-2021-tokko_dec;gen-tokko-2021-tokko_march;gen-mlit-release-2022,https://www.mlit.go.jp/page/content/001472731.pdf
09,092045,佐野市,mlit_sole_grants,4,社総交・防安交 単独策定主体の国費,2023-04-01,2024-03-31,2023-03-31,1,当初配分の報道発表日を代用(交付決定日は未公表),2023-03-31,137346.0,千円,3,,41202.0,0.4285446829755367,増加,2022-03-26,2023-03-31,gen-election-sangiin_20220710_smd_09_1;gen-tokko-2022-tokko_dec;gen-tokko-2022-tokko_march;gen-mlit-release-2023,https://www.mlit.go.jp/page/content/001596924.pdf
09,092045,佐野市,mlit_sole_grants,4,社総交・防安交 単独策定主体の国費,2024-04-01,2025-03-31,2024-04-01,1,当初配分の報道発表日を代用(交付決定日は未公表),2024-04-01,134980.0,千円,2,,-2366.0,-0.017226566481732267,横ばい,2023-04-01,2024-04-01,gen-tokko-2023-tokko_dec;gen-tokko-2023-tokko_march;gen-mlit-release-2024,https://www.mlit.go.jp/page/content/001735005.pdf
09,092045,佐野市,mlit_sole_grants,4,社総交・防安交 単独策定主体の国費,2025-04-01,2026-03-31,2025-04-01,1,当初配分の報道発表日を代用(交付決定日は未公表),2025-04-01,70677.0,千円,2,,-64303.0,-0.47638909468069346,減少,2024-04-02,2025-04-01,gen-election-shugiin_20241027_smd_09_5;gen-tokko-2024-tokko_dec;gen-tokko-2024-tokko_march;gen-mlit-release-2025,https://www.mlit.go.jp/page/content/001879738.pdf
09,092045,佐野市,mlit_sole_grants,4,社総交・防安交 単独策定主体の国費,2026-04-01,2027-03-31,2026-04-07,1,当初配分の報道発表日を代用(交付決定日は未公表),2026-04-07,63120.0,千円,2,,-7557.0,-0.10692304427182818,減少,2025-04-02,2026-04-07,gen-election-sangiin_20250720_smd_09_1;gen-tokko-2025-tokko_dec;gen-election-shugiin_20260208_smd_09_5;gen-cabinet-2026-02-18;gen-position-motegi_toshimitsu-外務大臣-2026-02-18;gen-tokko-2025-tokko_march;gen-mlit-release-2026,https://www.mlit.go.jp/page/content/001994561.pdf
09,092045,佐野市,mlit_road,5,道路局箇所表 事業主体=当該市町の国費,2021-04-01,2022-03-31,2021-03-30,1,当初配分の報道発表日を代用(交付決定日は未公表),2021-03-30,182000.0,千円,3,,,,未取得,,,,https://www.mlit.go.jp/common/001396522.pdf
09,092045,佐野市,mlit_road,5,道路局箇所表 事業主体=当該市町の国費,2022-04-01,2023-03-31,2022-03-25,1,当初配分の報道発表日を代用(交付決定日は未公表),2022-03-25,97000.0,千円,3,,-85000.0,-0.46703296703296704,減少,2021-03-31,2022-03-25,gen-election-shugiin_20211031_smd_09_5;gen-tokko-2021-tokko_dec;gen-tokko-2021-tokko_march;gen-mlit-release-2022,https://www.mlit.go.jp/page/content/001472731.pdf
09,092045,佐野市,mlit_road,5,道路局箇所表 事業主体=当該市町の国費,2023-04-01,2024-03-31,2023-03-31,1,当初配分の報道発表日を代用(交付決定日は未公表),2023-03-31,67000.0,千円,1,,-30000.0,-0.30927835051546393,減少,2022-03-26,2023-03-31,gen-election-sangiin_20220710_smd_09_1;gen-tokko-2022-tokko_dec;gen-tokko-2022-tokko_march;gen-mlit-release-2023,https://www.mlit.go.jp/page/content/001596924.pdf
09,092045,佐野市,mlit_road,5,道路局箇所表 事業主体=当該市町の国費,2024-04-01,2025-03-31,2024-04-01,1,当初配分の報道発表日を代用(交付決定日は未公表),2024-04-01,55000.0,千円,1,,-12000.0,-0.1791044776119403,減少,2023-04-01,2024-04-01,gen-tokko-2023-tokko_dec;gen-tokko-2023-tokko_march;gen-mlit-release-2024,https://www.mlit.go.jp/page/content/001735005.pdf
09,092045,佐野市,mlit_road,5,道路局箇所表 事業主体=当該市町の国費,2025-04-01,2026-03-31,2025-04-01,1,当初配分の報道発表日を代用(交付決定日は未公表),2025-04-01,144000.0,千円,1,,89000.0,1.6181818181818182,増加,2024-04-02,2025-04-01,gen-election-shugiin_20241027_smd_09_5;gen-tokko-2024-tokko_dec;gen-tokko-2024-tokko_march;gen-mlit-release-2025,https://www.mlit.go.jp/page/content/001879738.pdf
09,092045,佐野市,mlit_road,5,道路局箇所表 事業主体=当該市町の国費,2026-04-01,2027-03-31,2026-04-07,1,当初配分の報道発表日を代用(交付決定日は未公表),2026-04-07,78000.0,千円,1,,-66000.0,-0.4583333333333333,減少,2025-04-02,2026-04-07,gen-election-sangiin_20250720_smd_09_1;gen-tokko-2025-tokko_dec;gen-election-shugiin_20260208_smd_09_5;gen-cabinet-2026-02-18;gen-position-motegi_toshimitsu-外務大臣-2026-02-18;gen-tokko-2025-tokko_march;gen-mlit-release-2026,https://www.mlit.go.jp/page/content/001994561.pdf
09,092045,佐野市,e_kokko,6,国庫支出金 計(決算、地方財政状況調査),2020-04-01,2021-03-31,2021-03-31,0,決算(年度末),,21662160.0,千円,,,,,未取得,,,,https://www.e-stat.go.jp/stat-search/file-download?statInfId=000032188698&fileKind=1
09,092045,佐野市,e_kokko,6,国庫支出金 計(決算、地方財政状況調査),2021-04-01,2022-03-31,2022-03-31,0,決算(年度末),,12350562.0,千円,,,-9311598.0,-0.42985547147652864,減少,2021-04-01,2022-03-31,gen-election-shugiin_20211031_smd_09_5;gen-tokko-2021-tokko_dec;gen-tokko-2021-tokko_march;gen-mlit-release-2022,https://www.e-stat.go.jp/stat-search/file-download?statInfId=000040044921&fileKind=1
09,092045,佐野市,e_kokko,6,国庫支出金 計(決算、地方財政状況調査),2022-04-01,2023-03-31,2023-03-31,0,決算(年度末),,10470282.0,千円,,,-1880280.0,-0.15224246475585484,減少,2022-04-01,2023-03-31,gen-election-sangiin_20220710_smd_09_1;gen-tokko-2022-tokko_dec;gen-tokko-2022-tokko_march;gen-mlit-release-2023,https://www.e-stat.go.jp/stat-search/file-download?statInfId=000040171702&fileKind=1
09,092045,佐野市,e_kokko,6,国庫支出金 計(決算、地方財政状況調査),2023-04-01,2024-03-31,2024-03-31,0,決算(年度末),,9603016.0,千円,,,-867266.0,-0.0828311978607644,減少,2023-04-01,2024-03-31,gen-tokko-2023-tokko_dec;gen-tokko-2023-tokko_march,https://www.e-stat.go.jp/stat-search/file-download?statInfId=000040231591&fileKind=1
09,092045,佐野市,e_kokko,6,国庫支出金 計(決算、地方財政状況調査),2024-04-01,2025-03-31,2025-03-31,0,決算(年度末),,9422209.0,千円,,,-180807.0,-0.0188281473237158,横ばい,2024-04-01,2025-03-31,gen-mlit-release-2024;gen-election-shugiin_20241027_smd_09_5;gen-tokko-2024-tokko_dec;gen-tokko-2024-tokko_march,https://www.e-stat.go.jp/stat-search/file-download?statInfId=000040375638&fileKind=1
09,092045,佐野市,e_kokko_futsuken,6,国庫支出金のうち普通建設事業費支出金(決算),2020-04-01,2021-03-31,2021-03-31,0,決算(年度末),,696649.0,千円,,,,,未取得,,,,https://www.e-stat.go.jp/stat-search/file-download?statInfId=000032188698&fileKind=1
09,092045,佐野市,e_kokko_futsuken,6,国庫支出金のうち普通建設事業費支出金(決算),2021-04-01,2022-03-31,2022-03-31,0,決算(年度末),,1132384.0,千円,,,435735.0,0.6254727990709812,増加,2021-04-01,2022-03-31,gen-election-shugiin_20211031_smd_09_5;gen-tokko-2021-tokko_dec;gen-tokko-2021-tokko_march;gen-mlit-release-2022,https://www.e-stat.go.jp/stat-search/file-download?statInfId=000040044921&fileKind=1
09,092045,佐野市,e_kokko_futsuken,6,国庫支出金のうち普通建設事業費支出金(決算),2022-04-01,2023-03-31,2023-03-31,0,決算(年度末),,386131.0,千円,,,-746253.0,-0.6590105476587448,減少,2022-04-01,2023-03-31,gen-election-sangiin_20220710_smd_09_1;gen-tokko-2022-tokko_dec;gen-tokko-2022-tokko_march;gen-mlit-release-2023,https://www.e-stat.go.jp/stat-search/file-download?statInfId=000040171702&fileKind=1
09,092045,佐野市,e_kokko_futsuken,6,国庫支出金のうち普通建設事業費支出金(決算),2023-04-01,2024-03-31,2024-03-31,0,決算(年度末),,294001.0,千円,,,-92130.0,-0.23859778158189837,減少,2023-04-01,2024-03-31,gen-tokko-2023-tokko_dec;gen-tokko-2023-tokko_march,https://www.e-stat.go.jp/stat-search/file-download?statInfId=000040231591&fileKind=1
09,092045,佐野市,e_kokko_futsuken,6,国庫支出金のうち普通建設事業費支出金(決算),2024-04-01,2025-03-31,2025-03-31,0,決算(年度末),,309352.0,千円,,,15351.0,0.05221410811527852,増加,2024-04-01,2025-03-31,gen-mlit-release-2024;gen-election-shugiin_20241027_smd_09_5;gen-tokko-2024-tokko_dec;gen-tokko-2024-tokko_march,https://www.e-stat.go.jp/stat-search/file-download?statInfId=000040375638&fileKind=1
09,092045,佐野市,e_kokko_saigai,6,国庫支出金のうち災害復旧事業費支出金(決算),2020-04-01,2021-03-31,2021-03-31,0,決算(年度末),,724413.0,千円,,,,,未取得,,,,https://www.e-stat.go.jp/stat-search/file-download?statInfId=000032188698&fileKind=1
09,092045,佐野市,e_kokko_saigai,6,国庫支出金のうち災害復旧事業費支出金(決算),2021-04-01,2022-03-31,2022-03-31,0,決算(年度末),,132256.0,千円,,,-592157.0,-0.8174301123806448,減少,2021-04-01,2022-03-31,gen-election-shugiin_20211031_smd_09_5;gen-tokko-2021-tokko_dec;gen-tokko-2021-tokko_march;gen-mlit-release-2022,https://www.e-stat.go.jp/stat-search/file-download?statInfId=000040044921&fileKind=1
09,092045,佐野市,e_kokko_saigai,6,国庫支出金のうち災害復旧事業費支出金(決算),2022-04-01,2023-03-31,2023-03-31,0,決算(年度末),,126082.0,千円,,,-6174.0,-0.04668219211226712,横ばい,2022-04-01,2023-03-31,gen-election-sangiin_20220710_smd_09_1;gen-tokko-2022-tokko_dec;gen-tokko-2022-tokko_march;gen-mlit-release-2023,https://www.e-stat.go.jp/stat-search/file-download?statInfId=000040171702&fileKind=1
09,092045,佐野市,e_kokko_saigai,6,国庫支出金のうち災害復旧事業費支出金(決算),2023-04-01,2024-03-31,2024-03-31,0,決算(年度末),,0.0,千円,,,-126082.0,-1.0,減少,2023-04-01,2024-03-31,gen-tokko-2023-tokko_dec;gen-tokko-2023-tokko_march,https://www.e-stat.go.jp/stat-search/file-download?statInfId=000040231591&fileKind=1
09,092045,佐野市,e_kokko_saigai,6,国庫支出金のうち災害復旧事業費支出金(決算),2024-04-01,2025-03-31,2025-03-31,0,決算(年度末),,0.0,千円,,,0.0,,未取得,2024-04-01,2025-03-31,gen-mlit-release-2024;gen-election-shugiin_20241027_smd_09_5;gen-tokko-2024-tokko_dec;gen-tokko-2024-tokko_march,https://www.e-stat.go.jp/stat-search/file-download?statInfId=000040375638&fileKind=1
09,092045,佐野市,e_kokko_shasoukou,6,国庫支出金のうち社会資本整備総合交付金(決算),2020-04-01,2021-03-31,2021-03-31,0,決算(年度末),,14454.0,千円,,,,,未取得,,,,https://www.e-stat.go.jp/stat-search/file-download?statInfId=000032188698&fileKind=1
09,092045,佐野市,e_kokko_shasoukou,6,国庫支出金のうち社会資本整備総合交付金(決算),2021-04-01,2022-03-31,2022-03-31,0,決算(年度末),,11038.0,千円,,,-3416.0,-0.23633596236335963,減少,2021-04-01,2022-03-31,gen-election-shugiin_20211031_smd_09_5;gen-tokko-2021-tokko_dec;gen-tokko-2021-tokko_march;gen-mlit-release-2022,https://www.e-stat.go.jp/stat-search/file-download?statInfId=000040044921&fileKind=1
09,092045,佐野市,e_kokko_shasoukou,6,国庫支出金のうち社会資本整備総合交付金(決算),2022-04-01,2023-03-31,2023-03-31,0,決算(年度末),,31300.0,千円,,,20262.0,1.835658633810473,増加,2022-04-01,2023-03-31,gen-election-sangiin_20220710_smd_09_1;gen-tokko-2022-tokko_dec;gen-tokko-2022-tokko_march;gen-mlit-release-2023,https://www.e-stat.go.jp/stat-search/file-download?statInfId=000040171702&fileKind=1
09,092045,佐野市,e_kokko_shasoukou,6,国庫支出金のうち社会資本整備総合交付金(決算),2023-04-01,2024-03-31,2024-03-31,0,決算(年度末),,6421.0,千円,,,-24879.0,-0.7948562300319488,減少,2023-04-01,2024-03-31,gen-tokko-2023-tokko_dec;gen-tokko-2023-tokko_march,https://www.e-stat.go.jp/stat-search/file-download?statInfId=000040231591&fileKind=1
09,092045,佐野市,e_kokko_shasoukou,6,国庫支出金のうち社会資本整備総合交付金(決算),2024-04-01,2025-03-31,2025-03-31,0,決算(年度末),,4710.0,千円,,,-1711.0,-0.26646939729014174,減少,2024-04-01,2025-03-31,gen-mlit-release-2024;gen-election-shugiin_20241027_smd_09_5;gen-tokko-2024-tokko_dec;gen-tokko-2024-tokko_march,https://www.e-stat.go.jp/stat-search/file-download?statInfId=000040375638&fileKind=1
09,092045,佐野市,e_pref,6,都道府県支出金 計(決算),2020-04-01,2021-03-31,2021-03-31,0,決算(年度末),,3729758.0,千円,,,,,未取得,,,,https://www.e-stat.go.jp/stat-search/file-download?statInfId=000032188698&fileKind=1
09,092045,佐野市,e_pref,6,都道府県支出金 計(決算),2021-04-01,2022-03-31,2022-03-31,0,決算(年度末),,3536419.0,千円,,,-193339.0,-0.051836875207453136,減少,2021-04-01,2022-03-31,gen-election-shugiin_20211031_smd_09_5;gen-tokko-2021-tokko_dec;gen-tokko-2021-tokko_march;gen-mlit-release-2022,https://www.e-stat.go.jp/stat-search/file-download?statInfId=000040044921&fileKind=1
09,092045,佐野市,e_pref,6,都道府県支出金 計(決算),2022-04-01,2023-03-31,2023-03-31,0,決算(年度末),,3517308.0,千円,,,-19111.0,-0.005404054214164102,横ばい,2022-04-01,2023-03-31,gen-election-sangiin_20220710_smd_09_1;gen-tokko-2022-tokko_dec;gen-tokko-2022-tokko_march;gen-mlit-release-2023,https://www.e-stat.go.jp/stat-search/file-download?statInfId=000040171702&fileKind=1
09,092045,佐野市,e_pref,6,都道府県支出金 計(決算),2023-04-01,2024-03-31,2024-03-31,0,決算(年度末),,3576626.0,千円,,,59318.0,0.01686460213322234,横ばい,2023-04-01,2024-03-31,gen-tokko-2023-tokko_dec;gen-tokko-2023-tokko_march,https://www.e-stat.go.jp/stat-search/file-download?statInfId=000040231591&fileKind=1
09,092045,佐野市,e_pref,6,都道府県支出金 計(決算),2024-04-01,2025-03-31,2025-03-31,0,決算(年度末),,4085117.0,千円,,,508491.0,0.1421705819954337,増加,2024-04-01,2025-03-31,gen-mlit-release-2024;gen-election-shugiin_20241027_smd_09_5;gen-tokko-2024-tokko_dec;gen-tokko-2024-tokko_march,https://www.e-stat.go.jp/stat-search/file-download?statInfId=000040375638&fileKind=1
09,092045,佐野市,e_futsu,6,普通交付税(決算),2020-04-01,2021-03-31,2021-03-31,0,決算(年度末),,5659524.0,千円,,,,,未取得,,,,https://www.e-stat.go.jp/stat-search/file-download?statInfId=000032188698&fileKind=1
09,092045,佐野市,e_futsu,6,普通交付税(決算),2021-04-01,2022-03-31,2022-03-31,0,決算(年度末),,6849685.0,千円,,,1190161.0,0.21029348051178862,増加,2021-04-01,2022-03-31,gen-election-shugiin_20211031_smd_09_5;gen-tokko-2021-tokko_dec;gen-tokko-2021-tokko_march;gen-mlit-release-2022,https://www.e-stat.go.jp/stat-search/file-download?statInfId=000040044921&fileKind=1
09,092045,佐野市,e_futsu,6,普通交付税(決算),2022-04-01,2023-03-31,2023-03-31,0,決算(年度末),,7023846.0,千円,,,174161.0,0.025426132734571005,横ばい,2022-04-01,2023-03-31,gen-election-sangiin_20220710_smd_09_1;gen-tokko-2022-tokko_dec;gen-tokko-2022-tokko_march;gen-mlit-release-2023,https://www.e-stat.go.jp/stat-search/file-download?statInfId=000040171702&fileKind=1
09,092045,佐野市,e_futsu,6,普通交付税(決算),2023-04-01,2024-03-31,2024-03-31,0,決算(年度末),,7188452.0,千円,,,164606.0,0.023435308803752247,横ばい,2023-04-01,2024-03-31,gen-tokko-2023-tokko_dec;gen-tokko-2023-tokko_march,https://www.e-stat.go.jp/stat-search/file-download?statInfId=000040231591&fileKind=1
09,092045,佐野市,e_futsu,6,普通交付税(決算),2024-04-01,2025-03-31,2025-03-31,0,決算(年度末),,7846410.0,千円,,,657958.0,0.09152985927985607,増加,2024-04-01,2025-03-31,gen-mlit-release-2024;gen-election-shugiin_20241027_smd_09_5;gen-tokko-2024-tokko_dec;gen-tokko-2024-tokko_march,https://www.e-stat.go.jp/stat-search/file-download?statInfId=000040375638&fileKind=1
09,092045,佐野市,e_tokko,6,特別交付税(決算),2020-04-01,2021-03-31,2021-03-31,0,決算(年度末),,800904.0,千円,,,,,未取得,,,,https://www.e-stat.go.jp/stat-search/file-download?statInfId=000032188698&fileKind=1
09,092045,佐野市,e_tokko,6,特別交付税(決算),2021-04-01,2022-03-31,2022-03-31,0,決算(年度末),,827833.0,千円,,,26929.0,0.03362325572103523,横ばい,2021-04-01,2022-03-31,gen-election-shugiin_20211031_smd_09_5;gen-tokko-2021-tokko_dec;gen-tokko-2021-tokko_march;gen-mlit-release-2022,https://www.e-stat.go.jp/stat-search/file-download?statInfId=000040044921&fileKind=1
09,092045,佐野市,e_tokko,6,特別交付税(決算),2022-04-01,2023-03-31,2023-03-31,0,決算(年度末),,838626.0,千円,,,10793.0,0.013037653729677362,横ばい,2022-04-01,2023-03-31,gen-election-sangiin_20220710_smd_09_1;gen-tokko-2022-tokko_dec;gen-tokko-2022-tokko_march;gen-mlit-release-2023,https://www.e-stat.go.jp/stat-search/file-download?statInfId=000040171702&fileKind=1
09,092045,佐野市,e_tokko,6,特別交付税(決算),2023-04-01,2024-03-31,2024-03-31,0,決算(年度末),,851674.0,千円,,,13048.0,0.015558783057048076,横ばい,2023-04-01,2024-03-31,gen-tokko-2023-tokko_dec;gen-tokko-2023-tokko_march,https://www.e-stat.go.jp/stat-search/file-download?statInfId=000040231591&fileKind=1
09,092045,佐野市,e_tokko,6,特別交付税(決算),2024-04-01,2025-03-31,2025-03-31,0,決算(年度末),,829575.0,千円,,,-22099.0,-0.025947721780869206,横ばい,2024-04-01,2025-03-31,gen-mlit-release-2024;gen-election-shugiin_20241027_smd_09_5;gen-tokko-2024-tokko_dec;gen-tokko-2024-tokko_march,https://www.e-stat.go.jp/stat-search/file-download?statInfId=000040375638&fileKind=1
09,092045,佐野市,e_road_kokko,7,道路橋りょう費に充当した国庫支出金(決算),2020-04-01,2021-03-31,2021-03-31,0,決算(年度末),,65118.0,千円,,,,,未取得,,,,https://www.e-stat.go.jp/stat-search/file-download?statInfId=000032188710&fileKind=1
09,092045,佐野市,e_road_kokko,7,道路橋りょう費に充当した国庫支出金(決算),2021-04-01,2022-03-31,2022-03-31,0,決算(年度末),,157686.0,千円,,,92568.0,1.4215424306643325,増加,2021-04-01,2022-03-31,gen-election-shugiin_20211031_smd_09_5;gen-tokko-2021-tokko_dec;gen-tokko-2021-tokko_march;gen-mlit-release-2022,https://www.e-stat.go.jp/stat-search/file-download?statInfId=000040044933&fileKind=1
09,092045,佐野市,e_road_kokko,7,道路橋りょう費に充当した国庫支出金(決算),2022-04-01,2023-03-31,2023-03-31,0,決算(年度末),,77026.0,千円,,,-80660.0,-0.5115228999403879,減少,2022-04-01,2023-03-31,gen-election-sangiin_20220710_smd_09_1;gen-tokko-2022-tokko_dec;gen-tokko-2022-tokko_march;gen-mlit-release-2023,https://www.e-stat.go.jp/stat-search/file-download?statInfId=000040171714&fileKind=1
09,092045,佐野市,e_road_kokko,7,道路橋りょう費に充当した国庫支出金(決算),2023-04-01,2024-03-31,2024-03-31,0,決算(年度末),,44641.0,千円,,,-32385.0,-0.42044244800456987,減少,2023-04-01,2024-03-31,gen-tokko-2023-tokko_dec;gen-tokko-2023-tokko_march,https://www.e-stat.go.jp/stat-search/file-download?statInfId=000040231603&fileKind=1
09,092045,佐野市,e_road_kokko,7,道路橋りょう費に充当した国庫支出金(決算),2024-04-01,2025-03-31,2025-03-31,0,決算(年度末),,39141.0,千円,,,-5500.0,-0.12320512533321386,減少,2024-04-01,2025-03-31,gen-mlit-release-2024;gen-election-shugiin_20241027_smd_09_5;gen-tokko-2024-tokko_dec;gen-tokko-2024-tokko_march,https://www.e-stat.go.jp/stat-search/file-download?statInfId=000040375650&fileKind=1
09,092045,佐野市,e_hojo_road_kokko,8,補助事業費(道路・橋りょう)の国庫支出金(決算),2020-04-01,2021-03-31,2021-03-31,0,決算(年度末),,38543.0,千円,,,,,未取得,,,,https://www.e-stat.go.jp/stat-search/file-download?statInfId=000032188732&fileKind=1
09,092045,佐野市,e_hojo_road_kokko,8,補助事業費(道路・橋りょう)の国庫支出金(決算),2021-04-01,2022-03-31,2022-03-31,0,決算(年度末),,135785.0,千円,,,97242.0,2.5229483952987573,増加,2021-04-01,2022-03-31,gen-election-shugiin_20211031_smd_09_5;gen-tokko-2021-tokko_dec;gen-tokko-2021-tokko_march;gen-mlit-release-2022,https://www.e-stat.go.jp/stat-search/file-download?statInfId=000040044955&fileKind=1
09,092045,佐野市,e_hojo_road_kokko,8,補助事業費(道路・橋りょう)の国庫支出金(決算),2022-04-01,2023-03-31,2023-03-31,0,決算(年度末),,62175.0,千円,,,-73610.0,-0.5421070074014066,減少,2022-04-01,2023-03-31,gen-election-sangiin_20220710_smd_09_1;gen-tokko-2022-tokko_dec;gen-tokko-2022-tokko_march;gen-mlit-release-2023,https://www.e-stat.go.jp/stat-search/file-download?statInfId=000040171736&fileKind=1
09,092045,佐野市,e_hojo_road_kokko,8,補助事業費(道路・橋りょう)の国庫支出金(決算),2023-04-01,2024-03-31,2024-03-31,0,決算(年度末),,31727.0,千円,,,-30448.0,-0.4897145154804986,減少,2023-04-01,2024-03-31,gen-tokko-2023-tokko_dec;gen-tokko-2023-tokko_march,https://www.e-stat.go.jp/stat-search/file-download?statInfId=000040231625&fileKind=1
09,092045,佐野市,e_hojo_road_kokko,8,補助事業費(道路・橋りょう)の国庫支出金(決算),2024-04-01,2025-03-31,2025-03-31,0,決算(年度末),,25801.0,千円,,,-5926.0,-0.1867809751946292,減少,2024-04-01,2025-03-31,gen-mlit-release-2024;gen-election-shugiin_20241027_smd_09_5;gen-tokko-2024-tokko_dec;gen-tokko-2024-tokko_march,https://www.e-stat.go.jp/stat-search/file-download?statInfId=000040375672&fileKind=1
09,092045,佐野市,futsu_decided,9,普通交付税 当初決定額,2021-04-01,2022-03-31,2021-08-03,0,当初決定日(算定結果の報道資料の日付),2021-08-03,6038159.0,千円,,,,,未取得,,,,https://www.soumu.go.jp/main_content/000761570.xlsx
09,092045,佐野市,futsu_decided,9,普通交付税 当初決定額,2022-04-01,2023-03-31,2022-07-26,0,当初決定日(算定結果の報道資料の日付),2022-07-26,6802013.0,千円,,,763854.0,0.1265044527644933,増加,2021-08-04,2022-07-26,gen-election-shugiin_20211031_smd_09_5;gen-tokko-2021-tokko_dec;gen-tokko-2021-tokko_march;gen-mlit-release-2022;gen-election-sangiin_20220710_smd_09_1,https://www.soumu.go.jp/main_content/000762090.xlsx
09,092045,佐野市,futsu_decided,9,普通交付税 当初決定額,2023-04-01,2024-03-31,2023-07-28,0,当初決定日(算定結果の報道資料の日付),2023-07-28,6920813.0,千円,,,118800.0,0.01746541795788982,横ばい,2022-07-27,2023-07-28,gen-tokko-2022-tokko_dec;gen-tokko-2022-tokko_march;gen-mlit-release-2023,https://www.soumu.go.jp/main_content/000894237.xlsx
09,092045,佐野市,futsu_decided,9,普通交付税 当初決定額,2024-04-01,2025-03-31,2024-07-23,0,当初決定日(算定結果の報道資料の日付),2024-07-23,7344613.0,千円,,,423800.0,0.06123558027069941,増加,2023-07-29,2024-07-23,gen-tokko-2023-tokko_dec;gen-tokko-2023-tokko_march;gen-mlit-release-2024,https://www.soumu.go.jp/main_content/000958553.xlsx
09,092045,佐野市,futsu_decided,9,普通交付税 当初決定額,2025-04-01,2026-03-31,2025-07-29,0,当初決定日(算定結果の報道資料の日付),2025-07-29,7579820.0,千円,,,235207.0,0.03202442388727629,横ばい,2024-07-24,2025-07-29,gen-election-shugiin_20241027_smd_09_5;gen-tokko-2024-tokko_dec;gen-tokko-2024-tokko_march;gen-mlit-release-2025;gen-election-sangiin_20250720_smd_09_1,https://www.soumu.go.jp/main_content/001022466.xlsx
09,092045,佐野市,futsu_decided,9,普通交付税 当初決定額,2026-04-01,2027-03-31,2026-07-24,0,当初決定日(算定結果の報道資料の日付),2026-07-24,7708793.0,千円,,,128973.0,0.017015311709249033,横ばい,2025-07-30,2026-07-24,gen-tokko-2025-tokko_dec;gen-election-shugiin_20260208_smd_09_5;gen-cabinet-2026-02-18;gen-position-motegi_toshimitsu-外務大臣-2026-02-18;gen-tokko-2025-tokko_march;gen-mlit-release-2026,https://www.soumu.go.jp/main_content/001083404.xlsx
09,092045,佐野市,kofu_total,10,国交省 交付決定額 計(年度合計),2017-04-01,2018-03-31,2018-03-31,1,年度内で最後の交付決定日(交付決定がない年度は年度末)。値は年度合計(変更減額を含む),,724493.0279999999,千円,,,,,未取得,,,,https://www.mlit.go.jp/common/001210869.xlsx
09,092045,佐野市,kofu_total,10,国交省 交付決定額 計(年度合計),2018-04-01,2019-03-31,2018-09-03,1,年度内で最後の交付決定日(交付決定がない年度は年度末)。値は年度合計(変更減額を含む),,563251.0,千円,,,-161242.02799999993,-0.22255842605568862,減少,2018-04-01,2018-09-03,,https://www.mlit.go.jp/common/001260907.xlsx
09,092045,佐野市,kofu_total,10,国交省 交付決定額 計(年度合計),2019-04-01,2020-03-31,2020-02-18,1,年度内で最後の交付決定日(交付決定がない年度は年度末)。値は年度合計(変更減額を含む),,2692915.0,千円,,,2129664.0,3.78102124985131,増加,2018-09-04,2020-02-18,,https://www.mlit.go.jp/common/001316172.xlsx
09,092045,佐野市,kofu_total,10,国交省 交付決定額 計(年度合計),2020-04-01,2021-03-31,2021-02-05,1,年度内で最後の交付決定日(交付決定がない年度は年度末)。値は年度合計(変更減額を含む),,1145739.0,千円,,,-1547176.0,-0.5745357725735866,減少,2020-02-19,2021-02-05,gen-tokko-2020-tokko_dec,https://www.mlit.go.jp/common/001371589.xlsx
09,092045,佐野市,kofu_total,10,国交省 交付決定額 計(年度合計),2021-04-01,2022-03-31,2022-02-09,1,年度内で最後の交付決定日(交付決定がない年度は年度末)。値は年度合計(変更減額を含む),,999274.0,千円,,,-146465.0,-0.12783452426774336,減少,2021-02-06,2022-02-09,gen-tokko-2020-tokko_march;gen-mlit-release-2021;gen-election-shugiin_20211031_smd_09_5;gen-tokko-2021-tokko_dec,https://www.mlit.go.jp/common/001579048.xlsx
09,092045,佐野市,kofu_total,10,国交省 交付決定額 計(年度合計),2022-04-01,2023-03-31,2023-02-20,1,年度内で最後の交付決定日(交付決定がない年度は年度末)。値は年度合計(変更減額を含む),,653800.0,千円,,,-345474.0,-0.34572499634734816,減少,2022-02-10,2023-02-20,gen-tokko-2021-tokko_march;gen-mlit-release-2022;gen-election-sangiin_20220710_smd_09_1;gen-tokko-2022-tokko_dec,https://www.mlit.go.jp/common/001426891.xlsx
09,092045,佐野市,kofu_total,10,国交省 交付決定額 計(年度合計),2023-04-01,2024-03-31,2024-02-14,1,年度内で最後の交付決定日(交付決定がない年度は年度末)。値は年度合計(変更減額を含む),,659659.0,千円,,,5859.0,0.008961456102783726,横ばい,2023-02-21,2024-02-14,gen-tokko-2022-tokko_march;gen-mlit-release-2023;gen-tokko-2023-tokko_dec,https://www.mlit.go.jp/page/content/001749355.xlsx
09,092045,佐野市,kofu_total,10,国交省 交付決定額 計(年度合計),2024-04-01,2025-03-31,2025-02-26,1,年度内で最後の交付決定日(交付決定がない年度は年度末)。値は年度合計(変更減額を含む),,580329.0,千円,,,-79330.0,-0.12025910356714606,減少,2024-02-15,2025-02-26,gen-tokko-2023-tokko_march;gen-mlit-release-2024;gen-election-shugiin_20241027_smd_09_5;gen-tokko-2024-tokko_dec,https://www.mlit.go.jp/page/content/001889200.xlsx
09,092045,佐野市,kofu_total,10,国交省 交付決定額 計(年度合計),2025-04-01,2026-03-31,2026-03-26,1,年度内で最後の交付決定日(交付決定がない年度は年度末)。値は年度合計(変更減額を含む),,743737.0,千円,,,163408.0,0.28157820822326646,増加,2025-02-27,2026-03-26,gen-tokko-2024-tokko_march;gen-mlit-release-2025;gen-election-sangiin_20250720_smd_09_1;gen-tokko-2025-tokko_dec;gen-election-shugiin_20260208_smd_09_5;gen-cabinet-2026-02-18;gen-position-motegi_toshimitsu-外務大臣-2026-02-18;gen-tokko-2025-tokko_march,https://www.mlit.go.jp/page/content/001968987.xlsx
09,092045,佐野市,kofu_shasoukou,10,国交省 交付決定額 社会資本整備総合交付金,2017-04-01,2018-03-31,2018-03-31,1,年度内で最後の交付決定日(交付決定がない年度は年度末)。値は年度合計(変更減額を含む),,556190.0,千円,,,,,未取得,,,,https://www.mlit.go.jp/common/001306061.xlsx
09,092045,佐野市,kofu_shasoukou,10,国交省 交付決定額 社会資本整備総合交付金,2018-04-01,2019-03-31,2018-09-03,1,年度内で最後の交付決定日(交付決定がない年度は年度末)。値は年度合計(変更減額を含む),,529297.0,千円,,,-26893.0,-0.04835218180837483,横ばい,2018-04-01,2018-09-03,,https://www.mlit.go.jp/common/001288716.xlsx
09,092045,佐野市,kofu_shasoukou,10,国交省 交付決定額 社会資本整備総合交付金,2019-04-01,2020-03-31,2020-03-31,1,年度内で最後の交付決定日(交付決定がない年度は年度末)。値は年度合計(変更減額を含む),,640493.0,千円,,,111196.0,0.21008243009123423,増加,2018-09-04,2020-03-31,,https://www.mlit.go.jp/common/001316186.xlsx
09,092045,佐野市,kofu_shasoukou,10,国交省 交付決定額 社会資本整備総合交付金,2020-04-01,2021-03-31,2021-03-31,1,年度内で最後の交付決定日(交付決定がない年度は年度末)。値は年度合計(変更減額を含む),,878715.0,千円,,,238222.0,0.3719353685364243,増加,2020-04-01,2021-03-31,gen-tokko-2020-tokko_dec;gen-tokko-2020-tokko_march;gen-mlit-release-2021,https://www.mlit.go.jp/common/001371606.xlsx
09,092045,佐野市,kofu_shasoukou,10,国交省 交付決定額 社会資本整備総合交付金,2021-04-01,2022-03-31,2022-03-31,1,年度内で最後の交付決定日(交付決定がない年度は年度末)。値は年度合計(変更減額を含む),,694559.0,千円,,,-184156.0,-0.20957420779205999,減少,2021-04-01,2022-03-31,gen-election-shugiin_20211031_smd_09_5;gen-tokko-2021-tokko_dec;gen-tokko-2021-tokko_march;gen-mlit-release-2022,https://www.mlit.go.jp/common/001579064.xlsx
09,092045,佐野市,kofu_shasoukou,10,国交省 交付決定額 社会資本整備総合交付金,2022-04-01,2023-03-31,2023-03-31,1,年度内で最後の交付決定日(交付決定がない年度は年度末)。値は年度合計(変更減額を含む),,259492.0,千円,,,-435067.0,-0.6263931501859453,減少,2022-04-01,2023-03-31,gen-election-sangiin_20220710_smd_09_1;gen-tokko-2022-tokko_dec;gen-tokko-2022-tokko_march;gen-mlit-release-2023,https://www.mlit.go.jp/common/001426909.xlsx
09,092045,佐野市,kofu_shasoukou,10,国交省 交付決定額 社会資本整備総合交付金,2023-04-01,2024-03-31,2023-06-20,1,年度内で最後の交付決定日(交付決定がない年度は年度末)。値は年度合計(変更減額を含む),,260568.0,千円,,,1076.0,0.004146563285187982,横ばい,2023-04-01,2023-06-20,,https://www.mlit.go.jp/page/content/001708175.xlsx
09,092045,佐野市,kofu_shasoukou,10,国交省 交付決定額 社会資本整備総合交付金,2024-04-01,2025-03-31,2025-01-28,1,年度内で最後の交付決定日(交付決定がない年度は年度末)。値は年度合計(変更減額を含む),,193478.0,千円,,,-67090.0,-0.2574759755610819,減少,2023-06-21,2025-01-28,gen-tokko-2023-tokko_dec;gen-tokko-2023-tokko_march;gen-mlit-release-2024;gen-election-shugiin_20241027_smd_09_5;gen-tokko-2024-tokko_dec,https://www.mlit.go.jp/page/content/001842591.xlsx
09,092045,佐野市,kofu_shasoukou,10,国交省 交付決定額 社会資本整備総合交付金,2025-04-01,2026-03-31,2026-01-26,1,年度内で最後の交付決定日(交付決定がない年度は年度末)。値は年度合計(変更減額を含む),,315205.0,千円,,,121727.0,0.629151634811193,増加,2025-01-29,2026-01-26,gen-tokko-2024-tokko_march;gen-mlit-release-2025;gen-election-sangiin_20250720_smd_09_1;gen-tokko-2025-tokko_dec,https://www.mlit.go.jp/page/content/001969014.xlsx
09,092045,佐野市,kofu_bouan,10,国交省 交付決定額 防災・安全交付金,2017-04-01,2018-03-31,2018-03-31,1,年度内で最後の交付決定日(交付決定がない年度は年度末)。値は年度合計(変更減額を含む),,231400.0,千円,,,,,未取得,,,,https://www.mlit.go.jp/common/001306061.xlsx
09,092045,佐野市,kofu_bouan,10,国交省 交付決定額 防災・安全交付金,2018-04-01,2019-03-31,2018-09-03,1,年度内で最後の交付決定日(交付決定がない年度は年度末)。値は年度合計(変更減額を含む),,188385.0,千円,,,-43015.0,-0.18589023336214347,減少,2018-04-01,2018-09-03,,https://www.mlit.go.jp/common/001288716.xlsx
09,092045,佐野市,kofu_bouan,10,国交省 交付決定額 防災・安全交付金,2019-04-01,2020-03-31,2020-03-31,1,年度内で最後の交付決定日(交付決定がない年度は年度末)。値は年度合計(変更減額を含む),,187276.0,千円,,,-1109.0,-0.005886880590280543,横ばい,2018-09-04,2020-03-31,,https://www.mlit.go.jp/common/001316186.xlsx
09,092045,佐野市,kofu_bouan,10,国交省 交付決定額 防災・安全交付金,2020-04-01,2021-03-31,2021-03-31,1,年度内で最後の交付決定日(交付決定がない年度は年度末)。値は年度合計(変更減額を含む),,387065.0,千円,,,199789.0,1.0668158226361093,増加,2020-04-01,2021-03-31,gen-tokko-2020-tokko_dec;gen-tokko-2020-tokko_march;gen-mlit-release-2021,https://www.mlit.go.jp/common/001371606.xlsx
09,092045,佐野市,kofu_bouan,10,国交省 交付決定額 防災・安全交付金,2021-04-01,2022-03-31,2022-03-31,1,年度内で最後の交付決定日(交付決定がない年度は年度末)。値は年度合計(変更減額を含む),,339556.0,千円,,,-47509.0,-0.12274165837779184,減少,2021-04-01,2022-03-31,gen-election-shugiin_20211031_smd_09_5;gen-tokko-2021-tokko_dec;gen-tokko-2021-tokko_march;gen-mlit-release-2022,https://www.mlit.go.jp/common/001579064.xlsx
09,092045,佐野市,kofu_bouan,10,国交省 交付決定額 防災・安全交付金,2022-04-01,2023-03-31,2023-03-31,1,年度内で最後の交付決定日(交付決定がない年度は年度末)。値は年度合計(変更減額を含む),,327614.0,千円,,,-11942.0,-0.03516945658448091,横ばい,2022-04-01,2023-03-31,gen-election-sangiin_20220710_smd_09_1;gen-tokko-2022-tokko_dec;gen-tokko-2022-tokko_march;gen-mlit-release-2023,https://www.mlit.go.jp/common/001426909.xlsx
09,092045,佐野市,kofu_bouan,10,国交省 交付決定額 防災・安全交付金,2023-04-01,2024-03-31,2023-06-07,1,年度内で最後の交付決定日(交付決定がない年度は年度末)。値は年度合計(変更減額を含む),,355809.0,千円,,,28195.0,0.08606164571721599,増加,2023-04-01,2023-06-07,,https://www.mlit.go.jp/page/content/001708175.xlsx
09,092045,佐野市,kofu_bouan,10,国交省 交付決定額 防災・安全交付金,2024-04-01,2025-03-31,2025-02-26,1,年度内で最後の交付決定日(交付決定がない年度は年度末)。値は年度合計(変更減額を含む),,321150.0,千円,,,-34659.0,-0.09740900314494574,減少,2023-06-08,2025-02-26,gen-tokko-2023-tokko_dec;gen-tokko-2023-tokko_march;gen-mlit-release-2024;gen-election-shugiin_20241027_smd_09_5;gen-tokko-2024-tokko_dec,https://www.mlit.go.jp/page/content/001842591.xlsx
09,092045,佐野市,kofu_bouan,10,国交省 交付決定額 防災・安全交付金,2025-04-01,2026-03-31,2026-03-26,1,年度内で最後の交付決定日(交付決定がない年度は年度末)。値は年度合計(変更減額を含む),,278278.0,千円,,,-42872.0,-0.13349525144013702,減少,2025-02-27,2026-03-26,gen-tokko-2024-tokko_march;gen-mlit-release-2025;gen-election-sangiin_20250720_smd_09_1;gen-tokko-2025-tokko_dec;gen-election-shugiin_20260208_smd_09_5;gen-cabinet-2026-02-18;gen-position-motegi_toshimitsu-外務大臣-2026-02-18;gen-tokko-2025-tokko_march,https://www.mlit.go.jp/page/content/001969014.xlsx
09,092045,佐野市,kofu_road,10,国交省 交付決定額 道路関係の補助,2017-04-01,2018-03-31,2018-03-31,1,年度内で最後の交付決定日(交付決定がない年度は年度末)。値は年度合計(変更減額を含む),,0.0,千円,,,,,未取得,,,,https://www.mlit.go.jp/common/001234557.xlsx
09,092045,佐野市,kofu_road,10,国交省 交付決定額 道路関係の補助,2018-04-01,2019-03-31,2018-06-29,1,年度内で最後の交付決定日(交付決定がない年度は年度末)。値は年度合計(変更減額を含む),,12650.0,千円,,,12650.0,,未取得,2018-04-01,2018-06-29,,https://www.mlit.go.jp/common/001260897.xlsx
09,092045,佐野市,kofu_road,10,国交省 交付決定額 道路関係の補助,2019-04-01,2020-03-31,2020-03-31,1,年度内で最後の交付決定日(交付決定がない年度は年度末)。値は年度合計(変更減額を含む),,66550.0,千円,,,53900.0,4.260869565217392,増加,2018-06-30,2020-03-31,,https://www.mlit.go.jp/common/001316175.xlsx
09,092045,佐野市,kofu_road,10,国交省 交付決定額 道路関係の補助,2020-04-01,2021-03-31,2021-03-31,1,年度内で最後の交付決定日(交付決定がない年度は年度末)。値は年度合計(変更減額を含む),,93775.0,千円,,,27225.0,0.4090909090909091,増加,2020-04-01,2021-03-31,gen-tokko-2020-tokko_dec;gen-tokko-2020-tokko_march;gen-mlit-release-2021,https://www.mlit.go.jp/common/001371629.xlsx
09,092045,佐野市,kofu_road,10,国交省 交付決定額 道路関係の補助,2021-04-01,2022-03-31,2021-06-18,1,年度内で最後の交付決定日(交付決定がない年度は年度末)。値は年度合計(変更減額を含む),,100365.0,千円,,,6590.0,0.07027459344174887,増加,2021-04-01,2021-06-18,,https://www.mlit.go.jp/common/001579051.xlsx
09,092045,佐野市,kofu_road,10,国交省 交付決定額 道路関係の補助,2022-04-01,2023-03-31,2023-01-20,1,年度内で最後の交付決定日(交付決定がない年度は年度末)。値は年度合計(変更減額を含む),,53331.99999999999,千円,,,-47033.00000000001,-0.4686195386838042,減少,2021-06-19,2023-01-20,gen-election-shugiin_20211031_smd_09_5;gen-tokko-2021-tokko_dec;gen-tokko-2021-tokko_march;gen-mlit-release-2022;gen-election-sangiin_20220710_smd_09_1;gen-tokko-2022-tokko_dec,https://www.mlit.go.jp/common/001426897.xlsx
09,092045,佐野市,kofu_road,10,国交省 交付決定額 道路関係の補助,2023-04-01,2024-03-31,2023-04-28,1,年度内で最後の交付決定日(交付決定がない年度は年度末)。値は年度合計(変更減額を含む),,36854.0,千円,,,-16477.999999999993,-0.3089702242556063,減少,2023-01-21,2023-04-28,gen-tokko-2022-tokko_march;gen-mlit-release-2023,https://www.mlit.go.jp/page/content/001708164.xlsx
09,092045,佐野市,kofu_road,10,国交省 交付決定額 道路関係の補助,2024-04-01,2025-03-31,2024-06-14,1,年度内で最後の交付決定日(交付決定がない年度は年度末)。値は年度合計(変更減額を含む),,32340.000000000004,千円,,,-4513.999999999996,-0.12248331253052576,減少,2023-04-29,2024-06-14,gen-tokko-2023-tokko_dec;gen-tokko-2023-tokko_march;gen-mlit-release-2024,https://www.mlit.go.jp/page/content/001889202.xlsx
09,092045,佐野市,kofu_road,10,国交省 交付決定額 道路関係の補助,2025-04-01,2026-03-31,2026-01-23,1,年度内で最後の交付決定日(交付決定がない年度は年度末)。値は年度合計(変更減額を含む),,104453.0,千円,,,72113.0,2.229839208410637,増加,2024-06-15,2026-01-23,gen-election-shugiin_20241027_smd_09_5;gen-tokko-2024-tokko_dec;gen-tokko-2024-tokko_march;gen-mlit-release-2025;gen-election-sangiin_20250720_smd_09_1;gen-tokko-2025-tokko_dec,https://www.mlit.go.jp/page/content/001969000.xlsx
09,092053,鹿沼市,card_kokko,1,国庫支出金(決算),2020-04-01,2021-03-31,2021-03-31,0,決算(年度末),,17675436.0,千円,,,,,未取得,,,,https://www.soumu.go.jp/main_content/000804135.xlsx
09,092053,鹿沼市,card_kokko,1,国庫支出金(決算),2021-04-01,2022-03-31,2022-03-31,0,決算(年度末),,9880122.0,千円,,,-7795314.0,-0.44102527371884914,減少,2021-04-01,2022-03-31,gen-election-shugiin_20211031_smd_09_2;gen-tokko-2021-tokko_dec;gen-tokko-2021-tokko_march;gen-mlit-release-2022,https://www.soumu.go.jp/main_content/000873399.xlsx
09,092053,鹿沼市,card_kokko,1,国庫支出金(決算),2022-04-01,2023-03-31,2023-03-31,0,決算(年度末),,8520862.0,千円,,,-1359260.0,-0.13757522427354643,減少,2022-04-01,2023-03-31,gen-election-sangiin_20220710_smd_09_1;gen-tokko-2022-tokko_dec;gen-tokko-2022-tokko_march;gen-mlit-release-2023,https://www.soumu.go.jp/main_content/000937050.xlsx
09,092053,鹿沼市,card_kokko,1,国庫支出金(決算),2023-04-01,2024-03-31,2024-03-31,0,決算(年度末),,8737864.0,千円,,,217002.0,0.025467141704677298,横ばい,2023-04-01,2024-03-31,gen-tokko-2023-tokko_dec;gen-tokko-2023-tokko_march,https://www.soumu.go.jp/main_content/000998938.xlsx
09,092053,鹿沼市,card_kokko,1,国庫支出金(決算),2024-04-01,2025-03-31,2025-03-31,0,決算(年度末),,8092308.0,千円,,,-645556.0,-0.07388029843449154,減少,2024-04-01,2025-03-31,gen-mlit-release-2024;gen-election-shugiin_20241027_smd_09_2;gen-tokko-2024-tokko_dec;gen-tokko-2024-tokko_march,https://www.soumu.go.jp/main_content/001063963.xlsx
09,092053,鹿沼市,card_pref,2,県支出金(決算),2020-04-01,2021-03-31,2021-03-31,0,決算(年度末),,3897966.0,千円,,,,,未取得,,,,https://www.soumu.go.jp/main_content/000804135.xlsx
09,092053,鹿沼市,card_pref,2,県支出金(決算),2021-04-01,2022-03-31,2022-03-31,0,決算(年度末),,2973224.0,千円,,,-924742.0,-0.23723706158545252,減少,2021-04-01,2022-03-31,gen-election-shugiin_20211031_smd_09_2;gen-tokko-2021-tokko_dec;gen-tokko-2021-tokko_march;gen-mlit-release-2022,https://www.soumu.go.jp/main_content/000873399.xlsx
09,092053,鹿沼市,card_pref,2,県支出金(決算),2022-04-01,2023-03-31,2023-03-31,0,決算(年度末),,3278999.0,千円,,,305775.0,0.10284290722797879,増加,2022-04-01,2023-03-31,gen-election-sangiin_20220710_smd_09_1;gen-tokko-2022-tokko_dec;gen-tokko-2022-tokko_march;gen-mlit-release-2023,https://www.soumu.go.jp/main_content/000937050.xlsx
09,092053,鹿沼市,card_pref,2,県支出金(決算),2023-04-01,2024-03-31,2024-03-31,0,決算(年度末),,4000219.0,千円,,,721220.0,0.21995127171432502,増加,2023-04-01,2024-03-31,gen-tokko-2023-tokko_dec;gen-tokko-2023-tokko_march,https://www.soumu.go.jp/main_content/000998938.xlsx
09,092053,鹿沼市,card_pref,2,県支出金(決算),2024-04-01,2025-03-31,2025-03-31,0,決算(年度末),,3404184.0,千円,,,-596035.0,-0.14900059221757608,減少,2024-04-01,2025-03-31,gen-mlit-release-2024;gen-election-shugiin_20241027_smd_09_2;gen-tokko-2024-tokko_dec;gen-tokko-2024-tokko_march,https://www.soumu.go.jp/main_content/001063963.xlsx
09,092053,鹿沼市,tokko_dec,3a,特別交付税 12月分,2020-04-01,2021-03-31,2020-12-08,0,交付決定日(報道発表),2020-12-08,62049.0,千円,,,,,未取得,,,,https://www.soumu.go.jp/main_content/000721607.pdf
09,092053,鹿沼市,tokko_dec,3a,特別交付税 12月分,2021-04-01,2022-03-31,2021-12-03,0,交付決定日(報道発表),2021-12-03,49446.0,千円,,,-12603.0,-0.2031136682299473,減少,2020-12-09,2021-12-03,gen-tokko-2020-tokko_march;gen-mlit-release-2021;gen-election-shugiin_20211031_smd_09_2;gen-tokko-2021-tokko_dec,https://www.soumu.go.jp/main_content/000780948.pdf
09,092053,鹿沼市,tokko_dec,3a,特別交付税 12月分,2022-04-01,2023-03-31,2022-12-13,0,交付決定日(報道発表),2022-12-13,69314.0,千円,,,19868.0,0.40181207782227074,増加,2021-12-04,2022-12-13,gen-tokko-2021-tokko_march;gen-mlit-release-2022;gen-election-sangiin_20220710_smd_09_1;gen-tokko-2022-tokko_dec,https://www.soumu.go.jp/main_content/000850537.pdf
09,092053,鹿沼市,tokko_dec,3a,特別交付税 12月分,2023-04-01,2024-03-31,2023-12-12,0,交付決定日(報道発表),2023-12-12,63445.0,千円,,,-5869.0,-0.0846726491040771,減少,2022-12-14,2023-12-12,gen-tokko-2022-tokko_march;gen-mlit-release-2023;gen-tokko-2023-tokko_dec,https://www.soumu.go.jp/main_content/000916643.pdf
09,092053,鹿沼市,tokko_dec,3a,特別交付税 12月分,2024-04-01,2025-03-31,2024-12-20,0,交付決定日(報道発表),2024-12-20,99353.0,千円,,,35908.0,0.5659705256521397,増加,2023-12-13,2024-12-20,gen-tokko-2023-tokko_march;gen-mlit-release-2024;gen-election-shugiin_20241027_smd_09_2;gen-tokko-2024-tokko_dec,https://www.soumu.go.jp/main_content/000983129.pdf
09,092053,鹿沼市,tokko_dec,3a,特別交付税 12月分,2025-04-01,2026-03-31,2025-12-19,0,交付決定日(報道発表),2025-12-19,96980.0,千円,,,-2373.0,-0.023884532928044447,横ばい,2024-12-21,2025-12-19,gen-tokko-2024-tokko_march;gen-mlit-release-2025;gen-election-sangiin_20250720_smd_09_1;gen-tokko-2025-tokko_dec,https://www.soumu.go.jp/main_content/001046667.pdf
09,092053,鹿沼市,tokko_march,3b,特別交付税 3月分,2020-04-01,2021-03-31,2021-03-19,0,交付決定日(報道発表),2021-03-19,492961.0,千円,,,,,未取得,,,,https://www.soumu.go.jp/main_content/000738961.pdf
09,092053,鹿沼市,tokko_march,3b,特別交付税 3月分,2021-04-01,2022-03-31,2022-03-18,0,交付決定日(報道発表),2022-03-18,566187.0,千円,,,73226.0,0.14854319104351055,増加,2021-03-20,2022-03-18,gen-mlit-release-2021;gen-election-shugiin_20211031_smd_09_2;gen-tokko-2021-tokko_dec;gen-tokko-2021-tokko_march,https://www.soumu.go.jp/main_content/000799619.pdf
09,092053,鹿沼市,tokko_march,3b,特別交付税 3月分,2022-04-01,2023-03-31,2023-03-22,0,交付決定日(報道発表),2023-03-22,575298.0,千円,,,9111.0,0.016091856577420533,横ばい,2022-03-19,2023-03-22,gen-mlit-release-2022;gen-election-sangiin_20220710_smd_09_1;gen-tokko-2022-tokko_dec;gen-tokko-2022-tokko_march,https://www.soumu.go.jp/main_content/000869990.pdf
09,092053,鹿沼市,tokko_march,3b,特別交付税 3月分,2023-04-01,2024-03-31,2024-03-22,0,交付決定日(報道発表),2024-03-22,584335.0,千円,,,9037.0,0.015708380700089345,横ばい,2023-03-23,2024-03-22,gen-mlit-release-2023;gen-tokko-2023-tokko_dec;gen-tokko-2023-tokko_march,https://www.soumu.go.jp/main_content/000997045.pdf
09,092053,鹿沼市,tokko_march,3b,特別交付税 3月分,2024-04-01,2025-03-31,2025-03-21,0,交付決定日(報道発表),2025-03-21,578359.0,千円,,,-5976.0,-0.010227010191071903,横ばい,2024-03-23,2025-03-21,gen-mlit-release-2024;gen-election-shugiin_20241027_smd_09_2;gen-tokko-2024-tokko_dec;gen-tokko-2024-tokko_march,https://www.soumu.go.jp/main_content/000998441.pdf
09,092053,鹿沼市,tokko_march,3b,特別交付税 3月分,2025-04-01,2026-03-31,2026-03-17,0,交付決定日(報道発表),2026-03-17,612602.0,千円,,,34243.0,0.05920717063277307,増加,2025-03-22,2026-03-17,gen-mlit-release-2025;gen-election-sangiin_20250720_smd_09_1;gen-tokko-2025-tokko_dec;gen-election-shugiin_20260208_smd_09_2;gen-cabinet-2026-02-18;gen-position-motegi_toshimitsu-外務大臣-2026-02-18;gen-tokko-2025-tokko_march,https://www.soumu.go.jp/main_content/001061260.pdf
09,092053,鹿沼市,mlit_sole_grants,4,社総交・防安交 単独策定主体の国費,2021-04-01,2022-03-31,2021-03-30,1,当初配分の報道発表日を代用(交付決定日は未公表),2021-03-30,0.0,千円,0,,,,未取得,,,,https://www.mlit.go.jp/common/001396522.pdf
09,092053,鹿沼市,mlit_sole_grants,4,社総交・防安交 単独策定主体の国費,2022-04-01,2023-03-31,2022-03-25,1,当初配分の報道発表日を代用(交付決定日は未公表),2022-03-25,39500.0,千円,1,,39500.0,,未取得,2021-03-31,2022-03-25,gen-election-shugiin_20211031_smd_09_2;gen-tokko-2021-tokko_dec;gen-tokko-2021-tokko_march;gen-mlit-release-2022,https://www.mlit.go.jp/page/content/001472731.pdf
09,092053,鹿沼市,mlit_sole_grants,4,社総交・防安交 単独策定主体の国費,2023-04-01,2024-03-31,2023-03-31,1,当初配分の報道発表日を代用(交付決定日は未公表),2023-03-31,156750.0,千円,1,,117250.0,2.9683544303797467,増加,2022-03-26,2023-03-31,gen-election-sangiin_20220710_smd_09_1;gen-tokko-2022-tokko_dec;gen-tokko-2022-tokko_march;gen-mlit-release-2023,https://www.mlit.go.jp/page/content/001596924.pdf
09,092053,鹿沼市,mlit_sole_grants,4,社総交・防安交 単独策定主体の国費,2024-04-01,2025-03-31,2024-04-01,1,当初配分の報道発表日を代用(交付決定日は未公表),2024-04-01,0.0,千円,0,,-156750.0,-1.0,減少,2023-04-01,2024-04-01,gen-tokko-2023-tokko_dec;gen-tokko-2023-tokko_march;gen-mlit-release-2024,https://www.mlit.go.jp/page/content/001735005.pdf
09,092053,鹿沼市,mlit_sole_grants,4,社総交・防安交 単独策定主体の国費,2025-04-01,2026-03-31,2025-04-01,1,当初配分の報道発表日を代用(交付決定日は未公表),2025-04-01,10000.0,千円,1,,10000.0,,未取得,2024-04-02,2025-04-01,gen-election-shugiin_20241027_smd_09_2;gen-tokko-2024-tokko_dec;gen-tokko-2024-tokko_march;gen-mlit-release-2025,https://www.mlit.go.jp/page/content/001879738.pdf
09,092053,鹿沼市,mlit_sole_grants,4,社総交・防安交 単独策定主体の国費,2026-04-01,2027-03-31,2026-04-07,1,当初配分の報道発表日を代用(交付決定日は未公表),2026-04-07,84000.0,千円,1,,74000.0,7.4,増加,2025-04-02,2026-04-07,gen-election-sangiin_20250720_smd_09_1;gen-tokko-2025-tokko_dec;gen-election-shugiin_20260208_smd_09_2;gen-cabinet-2026-02-18;gen-position-motegi_toshimitsu-外務大臣-2026-02-18;gen-tokko-2025-tokko_march;gen-mlit-release-2026,https://www.mlit.go.jp/page/content/001994561.pdf
09,092053,鹿沼市,mlit_road,5,道路局箇所表 事業主体=当該市町の国費,2021-04-01,2022-03-31,2021-03-30,1,当初配分の報道発表日を代用(交付決定日は未公表),2021-03-30,215000.0,千円,2,,,,未取得,,,,https://www.mlit.go.jp/common/001396522.pdf
09,092053,鹿沼市,mlit_road,5,道路局箇所表 事業主体=当該市町の国費,2022-04-01,2023-03-31,2022-03-25,1,当初配分の報道発表日を代用(交付決定日は未公表),2022-03-25,288000.0,千円,2,,73000.0,0.3395348837209302,増加,2021-03-31,2022-03-25,gen-election-shugiin_20211031_smd_09_2;gen-tokko-2021-tokko_dec;gen-tokko-2021-tokko_march;gen-mlit-release-2022,https://www.mlit.go.jp/page/content/001472731.pdf
09,092053,鹿沼市,mlit_road,5,道路局箇所表 事業主体=当該市町の国費,2023-04-01,2024-03-31,2023-03-31,1,当初配分の報道発表日を代用(交付決定日は未公表),2023-03-31,96000.0,千円,2,,-192000.0,-0.6666666666666666,減少,2022-03-26,2023-03-31,gen-election-sangiin_20220710_smd_09_1;gen-tokko-2022-tokko_dec;gen-tokko-2022-tokko_march;gen-mlit-release-2023,https://www.mlit.go.jp/page/content/001596924.pdf
09,092053,鹿沼市,mlit_road,5,道路局箇所表 事業主体=当該市町の国費,2024-04-01,2025-03-31,2024-04-01,1,当初配分の報道発表日を代用(交付決定日は未公表),2024-04-01,314000.0,千円,2,,218000.0,2.2708333333333335,増加,2023-04-01,2024-04-01,gen-tokko-2023-tokko_dec;gen-tokko-2023-tokko_march;gen-mlit-release-2024,https://www.mlit.go.jp/page/content/001735005.pdf
09,092053,鹿沼市,mlit_road,5,道路局箇所表 事業主体=当該市町の国費,2025-04-01,2026-03-31,2025-04-01,1,当初配分の報道発表日を代用(交付決定日は未公表),2025-04-01,47000.0,千円,2,,-267000.0,-0.8503184713375797,減少,2024-04-02,2025-04-01,gen-election-shugiin_20241027_smd_09_2;gen-tokko-2024-tokko_dec;gen-tokko-2024-tokko_march;gen-mlit-release-2025,https://www.mlit.go.jp/page/content/001879738.pdf
09,092053,鹿沼市,mlit_road,5,道路局箇所表 事業主体=当該市町の国費,2026-04-01,2027-03-31,2026-04-07,1,当初配分の報道発表日を代用(交付決定日は未公表),2026-04-07,236000.0,千円,2,,189000.0,4.0212765957446805,増加,2025-04-02,2026-04-07,gen-election-sangiin_20250720_smd_09_1;gen-tokko-2025-tokko_dec;gen-election-shugiin_20260208_smd_09_2;gen-cabinet-2026-02-18;gen-position-motegi_toshimitsu-外務大臣-2026-02-18;gen-tokko-2025-tokko_march;gen-mlit-release-2026,https://www.mlit.go.jp/page/content/001994561.pdf
09,092053,鹿沼市,e_kokko,6,国庫支出金 計(決算、地方財政状況調査),2020-04-01,2021-03-31,2021-03-31,0,決算(年度末),,17675436.0,千円,,,,,未取得,,,,https://www.e-stat.go.jp/stat-search/file-download?statInfId=000032188698&fileKind=1
09,092053,鹿沼市,e_kokko,6,国庫支出金 計(決算、地方財政状況調査),2021-04-01,2022-03-31,2022-03-31,0,決算(年度末),,9880122.0,千円,,,-7795314.0,-0.44102527371884914,減少,2021-04-01,2022-03-31,gen-election-shugiin_20211031_smd_09_2;gen-tokko-2021-tokko_dec;gen-tokko-2021-tokko_march;gen-mlit-release-2022,https://www.e-stat.go.jp/stat-search/file-download?statInfId=000040044921&fileKind=1
09,092053,鹿沼市,e_kokko,6,国庫支出金 計(決算、地方財政状況調査),2022-04-01,2023-03-31,2023-03-31,0,決算(年度末),,8520862.0,千円,,,-1359260.0,-0.13757522427354643,減少,2022-04-01,2023-03-31,gen-election-sangiin_20220710_smd_09_1;gen-tokko-2022-tokko_dec;gen-tokko-2022-tokko_march;gen-mlit-release-2023,https://www.e-stat.go.jp/stat-search/file-download?statInfId=000040171702&fileKind=1
09,092053,鹿沼市,e_kokko,6,国庫支出金 計(決算、地方財政状況調査),2023-04-01,2024-03-31,2024-03-31,0,決算(年度末),,8737864.0,千円,,,217002.0,0.025467141704677298,横ばい,2023-04-01,2024-03-31,gen-tokko-2023-tokko_dec;gen-tokko-2023-tokko_march,https://www.e-stat.go.jp/stat-search/file-download?statInfId=000040231591&fileKind=1
09,092053,鹿沼市,e_kokko,6,国庫支出金 計(決算、地方財政状況調査),2024-04-01,2025-03-31,2025-03-31,0,決算(年度末),,8092308.0,千円,,,-645556.0,-0.07388029843449154,減少,2024-04-01,2025-03-31,gen-mlit-release-2024;gen-election-shugiin_20241027_smd_09_2;gen-tokko-2024-tokko_dec;gen-tokko-2024-tokko_march,https://www.e-stat.go.jp/stat-search/file-download?statInfId=000040375638&fileKind=1
09,092053,鹿沼市,e_kokko_futsuken,6,国庫支出金のうち普通建設事業費支出金(決算),2020-04-01,2021-03-31,2021-03-31,0,決算(年度末),,320201.0,千円,,,,,未取得,,,,https://www.e-stat.go.jp/stat-search/file-download?statInfId=000032188698&fileKind=1
09,092053,鹿沼市,e_kokko_futsuken,6,国庫支出金のうち普通建設事業費支出金(決算),2021-04-01,2022-03-31,2022-03-31,0,決算(年度末),,325390.0,千円,,,5189.0,0.01620544595425998,横ばい,2021-04-01,2022-03-31,gen-election-shugiin_20211031_smd_09_2;gen-tokko-2021-tokko_dec;gen-tokko-2021-tokko_march;gen-mlit-release-2022,https://www.e-stat.go.jp/stat-search/file-download?statInfId=000040044921&fileKind=1
09,092053,鹿沼市,e_kokko_futsuken,6,国庫支出金のうち普通建設事業費支出金(決算),2022-04-01,2023-03-31,2023-03-31,0,決算(年度末),,581129.0,千円,,,255739.0,0.7859460954546852,増加,2022-04-01,2023-03-31,gen-election-sangiin_20220710_smd_09_1;gen-tokko-2022-tokko_dec;gen-tokko-2022-tokko_march;gen-mlit-release-2023,https://www.e-stat.go.jp/stat-search/file-download?statInfId=000040171702&fileKind=1
09,092053,鹿沼市,e_kokko_futsuken,6,国庫支出金のうち普通建設事業費支出金(決算),2023-04-01,2024-03-31,2024-03-31,0,決算(年度末),,953014.0,千円,,,371885.0,0.6399353671904173,増加,2023-04-01,2024-03-31,gen-tokko-2023-tokko_dec;gen-tokko-2023-tokko_march,https://www.e-stat.go.jp/stat-search/file-download?statInfId=000040231591&fileKind=1
09,092053,鹿沼市,e_kokko_futsuken,6,国庫支出金のうち普通建設事業費支出金(決算),2024-04-01,2025-03-31,2025-03-31,0,決算(年度末),,199055.0,千円,,,-753959.0,-0.791131085167689,減少,2024-04-01,2025-03-31,gen-mlit-release-2024;gen-election-shugiin_20241027_smd_09_2;gen-tokko-2024-tokko_dec;gen-tokko-2024-tokko_march,https://www.e-stat.go.jp/stat-search/file-download?statInfId=000040375638&fileKind=1
09,092053,鹿沼市,e_kokko_saigai,6,国庫支出金のうち災害復旧事業費支出金(決算),2020-04-01,2021-03-31,2021-03-31,0,決算(年度末),,765001.0,千円,,,,,未取得,,,,https://www.e-stat.go.jp/stat-search/file-download?statInfId=000032188698&fileKind=1
09,092053,鹿沼市,e_kokko_saigai,6,国庫支出金のうち災害復旧事業費支出金(決算),2021-04-01,2022-03-31,2022-03-31,0,決算(年度末),,444102.0,千円,,,-320899.0,-0.4194752686597795,減少,2021-04-01,2022-03-31,gen-election-shugiin_20211031_smd_09_2;gen-tokko-2021-tokko_dec;gen-tokko-2021-tokko_march;gen-mlit-release-2022,https://www.e-stat.go.jp/stat-search/file-download?statInfId=000040044921&fileKind=1
09,092053,鹿沼市,e_kokko_saigai,6,国庫支出金のうち災害復旧事業費支出金(決算),2022-04-01,2023-03-31,2023-03-31,0,決算(年度末),,48236.0,千円,,,-395866.0,-0.8913853123831913,減少,2022-04-01,2023-03-31,gen-election-sangiin_20220710_smd_09_1;gen-tokko-2022-tokko_dec;gen-tokko-2022-tokko_march;gen-mlit-release-2023,https://www.e-stat.go.jp/stat-search/file-download?statInfId=000040171702&fileKind=1
09,092053,鹿沼市,e_kokko_saigai,6,国庫支出金のうち災害復旧事業費支出金(決算),2023-04-01,2024-03-31,2024-03-31,0,決算(年度末),,0.0,千円,,,-48236.0,-1.0,減少,2023-04-01,2024-03-31,gen-tokko-2023-tokko_dec;gen-tokko-2023-tokko_march,https://www.e-stat.go.jp/stat-search/file-download?statInfId=000040231591&fileKind=1
09,092053,鹿沼市,e_kokko_saigai,6,国庫支出金のうち災害復旧事業費支出金(決算),2024-04-01,2025-03-31,2025-03-31,0,決算(年度末),,0.0,千円,,,0.0,,未取得,2024-04-01,2025-03-31,gen-mlit-release-2024;gen-election-shugiin_20241027_smd_09_2;gen-tokko-2024-tokko_dec;gen-tokko-2024-tokko_march,https://www.e-stat.go.jp/stat-search/file-download?statInfId=000040375638&fileKind=1
09,092053,鹿沼市,e_kokko_shasoukou,6,国庫支出金のうち社会資本整備総合交付金(決算),2020-04-01,2021-03-31,2021-03-31,0,決算(年度末),,471260.0,千円,,,,,未取得,,,,https://www.e-stat.go.jp/stat-search/file-download?statInfId=000032188698&fileKind=1
09,092053,鹿沼市,e_kokko_shasoukou,6,国庫支出金のうち社会資本整備総合交付金(決算),2021-04-01,2022-03-31,2022-03-31,0,決算(年度末),,584417.0,千円,,,113157.0,0.24011585961040616,増加,2021-04-01,2022-03-31,gen-election-shugiin_20211031_smd_09_2;gen-tokko-2021-tokko_dec;gen-tokko-2021-tokko_march;gen-mlit-release-2022,https://www.e-stat.go.jp/stat-search/file-download?statInfId=000040044921&fileKind=1
09,092053,鹿沼市,e_kokko_shasoukou,6,国庫支出金のうち社会資本整備総合交付金(決算),2022-04-01,2023-03-31,2023-03-31,0,決算(年度末),,470270.0,千円,,,-114147.0,-0.1953177268970615,減少,2022-04-01,2023-03-31,gen-election-sangiin_20220710_smd_09_1;gen-tokko-2022-tokko_dec;gen-tokko-2022-tokko_march;gen-mlit-release-2023,https://www.e-stat.go.jp/stat-search/file-download?statInfId=000040171702&fileKind=1
09,092053,鹿沼市,e_kokko_shasoukou,6,国庫支出金のうち社会資本整備総合交付金(決算),2023-04-01,2024-03-31,2024-03-31,0,決算(年度末),,460164.0,千円,,,-10106.0,-0.02148978246539222,横ばい,2023-04-01,2024-03-31,gen-tokko-2023-tokko_dec;gen-tokko-2023-tokko_march,https://www.e-stat.go.jp/stat-search/file-download?statInfId=000040231591&fileKind=1
09,092053,鹿沼市,e_kokko_shasoukou,6,国庫支出金のうち社会資本整備総合交付金(決算),2024-04-01,2025-03-31,2025-03-31,0,決算(年度末),,590280.0,千円,,,130116.0,0.2827600594570631,増加,2024-04-01,2025-03-31,gen-mlit-release-2024;gen-election-shugiin_20241027_smd_09_2;gen-tokko-2024-tokko_dec;gen-tokko-2024-tokko_march,https://www.e-stat.go.jp/stat-search/file-download?statInfId=000040375638&fileKind=1
09,092053,鹿沼市,e_pref,6,都道府県支出金 計(決算),2020-04-01,2021-03-31,2021-03-31,0,決算(年度末),,3897966.0,千円,,,,,未取得,,,,https://www.e-stat.go.jp/stat-search/file-download?statInfId=000032188698&fileKind=1
09,092053,鹿沼市,e_pref,6,都道府県支出金 計(決算),2021-04-01,2022-03-31,2022-03-31,0,決算(年度末),,2973224.0,千円,,,-924742.0,-0.23723706158545252,減少,2021-04-01,2022-03-31,gen-election-shugiin_20211031_smd_09_2;gen-tokko-2021-tokko_dec;gen-tokko-2021-tokko_march;gen-mlit-release-2022,https://www.e-stat.go.jp/stat-search/file-download?statInfId=000040044921&fileKind=1
09,092053,鹿沼市,e_pref,6,都道府県支出金 計(決算),2022-04-01,2023-03-31,2023-03-31,0,決算(年度末),,3278999.0,千円,,,305775.0,0.10284290722797879,増加,2022-04-01,2023-03-31,gen-election-sangiin_20220710_smd_09_1;gen-tokko-2022-tokko_dec;gen-tokko-2022-tokko_march;gen-mlit-release-2023,https://www.e-stat.go.jp/stat-search/file-download?statInfId=000040171702&fileKind=1
09,092053,鹿沼市,e_pref,6,都道府県支出金 計(決算),2023-04-01,2024-03-31,2024-03-31,0,決算(年度末),,4000219.0,千円,,,721220.0,0.21995127171432502,増加,2023-04-01,2024-03-31,gen-tokko-2023-tokko_dec;gen-tokko-2023-tokko_march,https://www.e-stat.go.jp/stat-search/file-download?statInfId=000040231591&fileKind=1
09,092053,鹿沼市,e_pref,6,都道府県支出金 計(決算),2024-04-01,2025-03-31,2025-03-31,0,決算(年度末),,3404184.0,千円,,,-596035.0,-0.14900059221757608,減少,2024-04-01,2025-03-31,gen-mlit-release-2024;gen-election-shugiin_20241027_smd_09_2;gen-tokko-2024-tokko_dec;gen-tokko-2024-tokko_march,https://www.e-stat.go.jp/stat-search/file-download?statInfId=000040375638&fileKind=1
09,092053,鹿沼市,e_futsu,6,普通交付税(決算),2020-04-01,2021-03-31,2021-03-31,0,決算(年度末),,5181678.0,千円,,,,,未取得,,,,https://www.e-stat.go.jp/stat-search/file-download?statInfId=000032188698&fileKind=1
09,092053,鹿沼市,e_futsu,6,普通交付税(決算),2021-04-01,2022-03-31,2022-03-31,0,決算(年度末),,6232791.0,千円,,,1051113.0,0.20285185609758075,増加,2021-04-01,2022-03-31,gen-election-shugiin_20211031_smd_09_2;gen-tokko-2021-tokko_dec;gen-tokko-2021-tokko_march;gen-mlit-release-2022,https://www.e-stat.go.jp/stat-search/file-download?statInfId=000040044921&fileKind=1
09,092053,鹿沼市,e_futsu,6,普通交付税(決算),2022-04-01,2023-03-31,2023-03-31,0,決算(年度末),,5941737.0,千円,,,-291054.0,-0.0466972179878966,横ばい,2022-04-01,2023-03-31,gen-election-sangiin_20220710_smd_09_1;gen-tokko-2022-tokko_dec;gen-tokko-2022-tokko_march;gen-mlit-release-2023,https://www.e-stat.go.jp/stat-search/file-download?statInfId=000040171702&fileKind=1
09,092053,鹿沼市,e_futsu,6,普通交付税(決算),2023-04-01,2024-03-31,2024-03-31,0,決算(年度末),,5881232.0,千円,,,-60505.0,-0.01018304916558912,横ばい,2023-04-01,2024-03-31,gen-tokko-2023-tokko_dec;gen-tokko-2023-tokko_march,https://www.e-stat.go.jp/stat-search/file-download?statInfId=000040231591&fileKind=1
09,092053,鹿沼市,e_futsu,6,普通交付税(決算),2024-04-01,2025-03-31,2025-03-31,0,決算(年度末),,6198601.0,千円,,,317369.0,0.05396301319179383,増加,2024-04-01,2025-03-31,gen-mlit-release-2024;gen-election-shugiin_20241027_smd_09_2;gen-tokko-2024-tokko_dec;gen-tokko-2024-tokko_march,https://www.e-stat.go.jp/stat-search/file-download?statInfId=000040375638&fileKind=1
09,092053,鹿沼市,e_tokko,6,特別交付税(決算),2020-04-01,2021-03-31,2021-03-31,0,決算(年度末),,555010.0,千円,,,,,未取得,,,,https://www.e-stat.go.jp/stat-search/file-download?statInfId=000032188698&fileKind=1
09,092053,鹿沼市,e_tokko,6,特別交付税(決算),2021-04-01,2022-03-31,2022-03-31,0,決算(年度末),,615633.0,千円,,,60623.0,0.10922866254662078,増加,2021-04-01,2022-03-31,gen-election-shugiin_20211031_smd_09_2;gen-tokko-2021-tokko_dec;gen-tokko-2021-tokko_march;gen-mlit-release-2022,https://www.e-stat.go.jp/stat-search/file-download?statInfId=000040044921&fileKind=1
09,092053,鹿沼市,e_tokko,6,特別交付税(決算),2022-04-01,2023-03-31,2023-03-31,0,決算(年度末),,644612.0,千円,,,28979.0,0.047071875614205214,横ばい,2022-04-01,2023-03-31,gen-election-sangiin_20220710_smd_09_1;gen-tokko-2022-tokko_dec;gen-tokko-2022-tokko_march;gen-mlit-release-2023,https://www.e-stat.go.jp/stat-search/file-download?statInfId=000040171702&fileKind=1
09,092053,鹿沼市,e_tokko,6,特別交付税(決算),2023-04-01,2024-03-31,2024-03-31,0,決算(年度末),,647780.0,千円,,,3168.0,0.004914584277053483,横ばい,2023-04-01,2024-03-31,gen-tokko-2023-tokko_dec;gen-tokko-2023-tokko_march,https://www.e-stat.go.jp/stat-search/file-download?statInfId=000040231591&fileKind=1
09,092053,鹿沼市,e_tokko,6,特別交付税(決算),2024-04-01,2025-03-31,2025-03-31,0,決算(年度末),,677712.0,千円,,,29932.0,0.04620704560190188,横ばい,2024-04-01,2025-03-31,gen-mlit-release-2024;gen-election-shugiin_20241027_smd_09_2;gen-tokko-2024-tokko_dec;gen-tokko-2024-tokko_march,https://www.e-stat.go.jp/stat-search/file-download?statInfId=000040375638&fileKind=1
09,092053,鹿沼市,e_road_kokko,7,道路橋りょう費に充当した国庫支出金(決算),2020-04-01,2021-03-31,2021-03-31,0,決算(年度末),,368150.0,千円,,,,,未取得,,,,https://www.e-stat.go.jp/stat-search/file-download?statInfId=000032188710&fileKind=1
09,092053,鹿沼市,e_road_kokko,7,道路橋りょう費に充当した国庫支出金(決算),2021-04-01,2022-03-31,2022-03-31,0,決算(年度末),,325735.0,千円,,,-42415.0,-0.11521119109058807,減少,2021-04-01,2022-03-31,gen-election-shugiin_20211031_smd_09_2;gen-tokko-2021-tokko_dec;gen-tokko-2021-tokko_march;gen-mlit-release-2022,https://www.e-stat.go.jp/stat-search/file-download?statInfId=000040044933&fileKind=1
09,092053,鹿沼市,e_road_kokko,7,道路橋りょう費に充当した国庫支出金(決算),2022-04-01,2023-03-31,2023-03-31,0,決算(年度末),,361439.0,千円,,,35704.0,0.10961057301180407,増加,2022-04-01,2023-03-31,gen-election-sangiin_20220710_smd_09_1;gen-tokko-2022-tokko_dec;gen-tokko-2022-tokko_march;gen-mlit-release-2023,https://www.e-stat.go.jp/stat-search/file-download?statInfId=000040171714&fileKind=1
09,092053,鹿沼市,e_road_kokko,7,道路橋りょう費に充当した国庫支出金(決算),2023-04-01,2024-03-31,2024-03-31,0,決算(年度末),,297816.0,千円,,,-63623.0,-0.1760269367721801,減少,2023-04-01,2024-03-31,gen-tokko-2023-tokko_dec;gen-tokko-2023-tokko_march,https://www.e-stat.go.jp/stat-search/file-download?statInfId=000040231603&fileKind=1
09,092053,鹿沼市,e_road_kokko,7,道路橋りょう費に充当した国庫支出金(決算),2024-04-01,2025-03-31,2025-03-31,0,決算(年度末),,481666.0,千円,,,183850.0,0.6173274773685765,増加,2024-04-01,2025-03-31,gen-mlit-release-2024;gen-election-shugiin_20241027_smd_09_2;gen-tokko-2024-tokko_dec;gen-tokko-2024-tokko_march,https://www.e-stat.go.jp/stat-search/file-download?statInfId=000040375650&fileKind=1
09,092053,鹿沼市,e_hojo_road_kokko,8,補助事業費(道路・橋りょう)の国庫支出金(決算),2020-04-01,2021-03-31,2021-03-31,0,決算(年度末),,368150.0,千円,,,,,未取得,,,,https://www.e-stat.go.jp/stat-search/file-download?statInfId=000032188732&fileKind=1
09,092053,鹿沼市,e_hojo_road_kokko,8,補助事業費(道路・橋りょう)の国庫支出金(決算),2021-04-01,2022-03-31,2022-03-31,0,決算(年度末),,325735.0,千円,,,-42415.0,-0.11521119109058807,減少,2021-04-01,2022-03-31,gen-election-shugiin_20211031_smd_09_2;gen-tokko-2021-tokko_dec;gen-tokko-2021-tokko_march;gen-mlit-release-2022,https://www.e-stat.go.jp/stat-search/file-download?statInfId=000040044955&fileKind=1
09,092053,鹿沼市,e_hojo_road_kokko,8,補助事業費(道路・橋りょう)の国庫支出金(決算),2022-04-01,2023-03-31,2023-03-31,0,決算(年度末),,361439.0,千円,,,35704.0,0.10961057301180407,増加,2022-04-01,2023-03-31,gen-election-sangiin_20220710_smd_09_1;gen-tokko-2022-tokko_dec;gen-tokko-2022-tokko_march;gen-mlit-release-2023,https://www.e-stat.go.jp/stat-search/file-download?statInfId=000040171736&fileKind=1
09,092053,鹿沼市,e_hojo_road_kokko,8,補助事業費(道路・橋りょう)の国庫支出金(決算),2023-04-01,2024-03-31,2024-03-31,0,決算(年度末),,297816.0,千円,,,-63623.0,-0.1760269367721801,減少,2023-04-01,2024-03-31,gen-tokko-2023-tokko_dec;gen-tokko-2023-tokko_march,https://www.e-stat.go.jp/stat-search/file-download?statInfId=000040231625&fileKind=1
09,092053,鹿沼市,e_hojo_road_kokko,8,補助事業費(道路・橋りょう)の国庫支出金(決算),2024-04-01,2025-03-31,2025-03-31,0,決算(年度末),,481666.0,千円,,,183850.0,0.6173274773685765,増加,2024-04-01,2025-03-31,gen-mlit-release-2024;gen-election-shugiin_20241027_smd_09_2;gen-tokko-2024-tokko_dec;gen-tokko-2024-tokko_march,https://www.e-stat.go.jp/stat-search/file-download?statInfId=000040375672&fileKind=1
09,092053,鹿沼市,futsu_decided,9,普通交付税 当初決定額,2021-04-01,2022-03-31,2021-08-03,0,当初決定日(算定結果の報道資料の日付),2021-08-03,5528318.0,千円,,,,,未取得,,,,https://www.soumu.go.jp/main_content/000761570.xlsx
09,092053,鹿沼市,futsu_decided,9,普通交付税 当初決定額,2022-04-01,2023-03-31,2022-07-26,0,当初決定日(算定結果の報道資料の日付),2022-07-26,5760302.0,千円,,,231984.0,0.04196285380110189,横ばい,2021-08-04,2022-07-26,gen-election-shugiin_20211031_smd_09_2;gen-tokko-2021-tokko_dec;gen-tokko-2021-tokko_march;gen-mlit-release-2022;gen-election-sangiin_20220710_smd_09_1,https://www.soumu.go.jp/main_content/000762090.xlsx
09,092053,鹿沼市,futsu_decided,9,普通交付税 当初決定額,2023-04-01,2024-03-31,2023-07-28,0,当初決定日(算定結果の報道資料の日付),2023-07-28,5652696.0,千円,,,-107606.0,-0.018680617787053527,横ばい,2022-07-27,2023-07-28,gen-tokko-2022-tokko_dec;gen-tokko-2022-tokko_march;gen-mlit-release-2023,https://www.soumu.go.jp/main_content/000894237.xlsx
09,092053,鹿沼市,futsu_decided,9,普通交付税 当初決定額,2024-04-01,2025-03-31,2024-07-23,0,当初決定日(算定結果の報道資料の日付),2024-07-23,5761695.0,千円,,,108999.0,0.019282657337313026,横ばい,2023-07-29,2024-07-23,gen-tokko-2023-tokko_dec;gen-tokko-2023-tokko_march;gen-mlit-release-2024,https://www.soumu.go.jp/main_content/000958553.xlsx
09,092053,鹿沼市,futsu_decided,9,普通交付税 当初決定額,2025-04-01,2026-03-31,2025-07-29,0,当初決定日(算定結果の報道資料の日付),2025-07-29,5858529.0,千円,,,96834.0,0.016806512666845432,横ばい,2024-07-24,2025-07-29,gen-election-shugiin_20241027_smd_09_2;gen-tokko-2024-tokko_dec;gen-tokko-2024-tokko_march;gen-mlit-release-2025;gen-election-sangiin_20250720_smd_09_1,https://www.soumu.go.jp/main_content/001022466.xlsx
09,092053,鹿沼市,futsu_decided,9,普通交付税 当初決定額,2026-04-01,2027-03-31,2026-07-24,0,当初決定日(算定結果の報道資料の日付),2026-07-24,5750830.0,千円,,,-107699.0,-0.018383283585350522,横ばい,2025-07-30,2026-07-24,gen-tokko-2025-tokko_dec;gen-election-shugiin_20260208_smd_09_2;gen-cabinet-2026-02-18;gen-position-motegi_toshimitsu-外務大臣-2026-02-18;gen-tokko-2025-tokko_march;gen-mlit-release-2026,https://www.soumu.go.jp/main_content/001083404.xlsx
09,092053,鹿沼市,kofu_total,10,国交省 交付決定額 計(年度合計),2017-04-01,2018-03-31,2018-03-31,1,年度内で最後の交付決定日(交付決定がない年度は年度末)。値は年度合計(変更減額を含む),,497816.0,千円,,,,,未取得,,,,https://www.mlit.go.jp/common/001210869.xlsx
09,092053,鹿沼市,kofu_total,10,国交省 交付決定額 計(年度合計),2018-04-01,2019-03-31,2018-09-03,1,年度内で最後の交付決定日(交付決定がない年度は年度末)。値は年度合計(変更減額を含む),,571577.0,千円,,,73761.0,0.1481692030790493,増加,2018-04-01,2018-09-03,,https://www.mlit.go.jp/common/001260907.xlsx
09,092053,鹿沼市,kofu_total,10,国交省 交付決定額 計(年度合計),2019-04-01,2020-03-31,2020-02-18,1,年度内で最後の交付決定日(交付決定がない年度は年度末)。値は年度合計(変更減額を含む),,1154439.0,千円,,,582862.0,1.0197436215942908,増加,2018-09-04,2020-02-18,,https://www.mlit.go.jp/common/001316172.xlsx
09,092053,鹿沼市,kofu_total,10,国交省 交付決定額 計(年度合計),2020-04-01,2021-03-31,2021-02-05,1,年度内で最後の交付決定日(交付決定がない年度は年度末)。値は年度合計(変更減額を含む),,1621939.0,千円,,,467500.0,0.40495859893853203,増加,2020-02-19,2021-02-05,gen-tokko-2020-tokko_dec,https://www.mlit.go.jp/common/001371589.xlsx
09,092053,鹿沼市,kofu_total,10,国交省 交付決定額 計(年度合計),2021-04-01,2022-03-31,2022-02-09,1,年度内で最後の交付決定日(交付決定がない年度は年度末)。値は年度合計(変更減額を含む),,588877.0,千円,,,-1033062.0,-0.6369302421361099,減少,2021-02-06,2022-02-09,gen-tokko-2020-tokko_march;gen-mlit-release-2021;gen-election-shugiin_20211031_smd_09_2;gen-tokko-2021-tokko_dec,https://www.mlit.go.jp/common/001579048.xlsx
09,092053,鹿沼市,kofu_total,10,国交省 交付決定額 計(年度合計),2022-04-01,2023-03-31,2023-02-27,1,年度内で最後の交付決定日(交付決定がない年度は年度末)。値は年度合計(変更減額を含む),,798422.0,千円,,,209545.0,0.3558383159810962,増加,2022-02-10,2023-02-27,gen-tokko-2021-tokko_march;gen-mlit-release-2022;gen-election-sangiin_20220710_smd_09_1;gen-tokko-2022-tokko_dec,https://www.mlit.go.jp/common/001426891.xlsx
09,092053,鹿沼市,kofu_total,10,国交省 交付決定額 計(年度合計),2023-04-01,2024-03-31,2024-03-26,1,年度内で最後の交付決定日(交付決定がない年度は年度末)。値は年度合計(変更減額を含む),,878618.0,千円,,,80196.0,0.10044312406221272,増加,2023-02-28,2024-03-26,gen-tokko-2022-tokko_march;gen-mlit-release-2023;gen-tokko-2023-tokko_dec;gen-tokko-2023-tokko_march,https://www.mlit.go.jp/page/content/001749355.xlsx
09,092053,鹿沼市,kofu_total,10,国交省 交付決定額 計(年度合計),2024-04-01,2025-03-31,2025-03-11,1,年度内で最後の交付決定日(交付決定がない年度は年度末)。値は年度合計(変更減額を含む),,831077.0,千円,,,-47541.0,-0.05410883910869115,減少,2024-03-27,2025-03-11,gen-mlit-release-2024;gen-election-shugiin_20241027_smd_09_2;gen-tokko-2024-tokko_dec,https://www.mlit.go.jp/page/content/001889200.xlsx
09,092053,鹿沼市,kofu_total,10,国交省 交付決定額 計(年度合計),2025-04-01,2026-03-31,2026-03-09,1,年度内で最後の交付決定日(交付決定がない年度は年度末)。値は年度合計(変更減額を含む),,949904.0,千円,,,118827.0,0.14297953137916222,増加,2025-03-12,2026-03-09,gen-tokko-2024-tokko_march;gen-mlit-release-2025;gen-election-sangiin_20250720_smd_09_1;gen-tokko-2025-tokko_dec;gen-election-shugiin_20260208_smd_09_2;gen-cabinet-2026-02-18;gen-position-motegi_toshimitsu-外務大臣-2026-02-18,https://www.mlit.go.jp/page/content/001968987.xlsx
09,092053,鹿沼市,kofu_shasoukou,10,国交省 交付決定額 社会資本整備総合交付金,2017-04-01,2018-03-31,2018-03-31,1,年度内で最後の交付決定日(交付決定がない年度は年度末)。値は年度合計(変更減額を含む),,353744.0,千円,,,,,未取得,,,,https://www.mlit.go.jp/common/001306061.xlsx
09,092053,鹿沼市,kofu_shasoukou,10,国交省 交付決定額 社会資本整備総合交付金,2018-04-01,2019-03-31,2018-09-03,1,年度内で最後の交付決定日(交付決定がない年度は年度末)。値は年度合計(変更減額を含む),,399860.0,千円,,,46116.0,0.13036546202903795,増加,2018-04-01,2018-09-03,,https://www.mlit.go.jp/common/001288716.xlsx
09,092053,鹿沼市,kofu_shasoukou,10,国交省 交付決定額 社会資本整備総合交付金,2019-04-01,2020-03-31,2020-03-31,1,年度内で最後の交付決定日(交付決定がない年度は年度末)。値は年度合計(変更減額を含む),,601960.0,千円,,,202100.0,0.5054268994147951,増加,2018-09-04,2020-03-31,,https://www.mlit.go.jp/common/001316186.xlsx
09,092053,鹿沼市,kofu_shasoukou,10,国交省 交付決定額 社会資本整備総合交付金,2020-04-01,2021-03-31,2021-03-31,1,年度内で最後の交付決定日(交付決定がない年度は年度末)。値は年度合計(変更減額を含む),,595934.0,千円,,,-6026.0,-0.010010631935676789,横ばい,2020-04-01,2021-03-31,gen-tokko-2020-tokko_dec;gen-tokko-2020-tokko_march;gen-mlit-release-2021,https://www.mlit.go.jp/common/001371606.xlsx
09,092053,鹿沼市,kofu_shasoukou,10,国交省 交付決定額 社会資本整備総合交付金,2021-04-01,2022-03-31,2022-03-31,1,年度内で最後の交付決定日(交付決定がない年度は年度末)。値は年度合計(変更減額を含む),,235815.0,千円,,,-360119.0,-0.6042934284669108,減少,2021-04-01,2022-03-31,gen-election-shugiin_20211031_smd_09_2;gen-tokko-2021-tokko_dec;gen-tokko-2021-tokko_march;gen-mlit-release-2022,https://www.mlit.go.jp/common/001579064.xlsx
09,092053,鹿沼市,kofu_shasoukou,10,国交省 交付決定額 社会資本整備総合交付金,2022-04-01,2023-03-31,2023-03-31,1,年度内で最後の交付決定日(交付決定がない年度は年度末)。値は年度合計(変更減額を含む),,39561.0,千円,,,-196254.0,-0.8322371350423001,減少,2022-04-01,2023-03-31,gen-election-sangiin_20220710_smd_09_1;gen-tokko-2022-tokko_dec;gen-tokko-2022-tokko_march;gen-mlit-release-2023,https://www.mlit.go.jp/common/001426909.xlsx
09,092053,鹿沼市,kofu_shasoukou,10,国交省 交付決定額 社会資本整備総合交付金,2023-04-01,2024-03-31,2023-06-20,1,年度内で最後の交付決定日(交付決定がない年度は年度末)。値は年度合計(変更減額を含む),,26627.0,千円,,,-12934.0,-0.3269381461540406,減少,2023-04-01,2023-06-20,,https://www.mlit.go.jp/page/content/001708175.xlsx
09,092053,鹿沼市,kofu_shasoukou,10,国交省 交付決定額 社会資本整備総合交付金,2024-04-01,2025-03-31,2025-01-17,1,年度内で最後の交付決定日(交付決定がない年度は年度末)。値は年度合計(変更減額を含む),,5588.0,千円,,,-21039.0,-0.790137830022158,減少,2023-06-21,2025-01-17,gen-tokko-2023-tokko_dec;gen-tokko-2023-tokko_march;gen-mlit-release-2024;gen-election-shugiin_20241027_smd_09_2;gen-tokko-2024-tokko_dec,https://www.mlit.go.jp/page/content/001842591.xlsx
09,092053,鹿沼市,kofu_shasoukou,10,国交省 交付決定額 社会資本整備総合交付金,2025-04-01,2026-03-31,2026-01-22,1,年度内で最後の交付決定日(交付決定がない年度は年度末)。値は年度合計(変更減額を含む),,28506.0,千円,,,22918.0,4.101288475304223,増加,2025-01-18,2026-01-22,gen-tokko-2024-tokko_march;gen-mlit-release-2025;gen-election-sangiin_20250720_smd_09_1;gen-tokko-2025-tokko_dec,https://www.mlit.go.jp/page/content/001969014.xlsx
09,092053,鹿沼市,kofu_bouan,10,国交省 交付決定額 防災・安全交付金,2017-04-01,2018-03-31,2018-03-31,1,年度内で最後の交付決定日(交付決定がない年度は年度末)。値は年度合計(変更減額を含む),,274183.0,千円,,,,,未取得,,,,https://www.mlit.go.jp/common/001306061.xlsx
09,092053,鹿沼市,kofu_bouan,10,国交省 交付決定額 防災・安全交付金,2018-04-01,2019-03-31,2018-09-03,1,年度内で最後の交付決定日(交付決定がない年度は年度末)。値は年度合計(変更減額を含む),,322395.0,千円,,,48212.0,0.17583876462070952,増加,2018-04-01,2018-09-03,,https://www.mlit.go.jp/common/001288716.xlsx
09,092053,鹿沼市,kofu_bouan,10,国交省 交付決定額 防災・安全交付金,2019-04-01,2020-03-31,2020-03-31,1,年度内で最後の交付決定日(交付決定がない年度は年度末)。値は年度合計(変更減額を含む),,280184.0,千円,,,-42211.0,-0.13092944989841654,減少,2018-09-04,2020-03-31,,https://www.mlit.go.jp/common/001316186.xlsx
09,092053,鹿沼市,kofu_bouan,10,国交省 交付決定額 防災・安全交付金,2020-04-01,2021-03-31,2021-03-31,1,年度内で最後の交付決定日(交付決定がない年度は年度末)。値は年度合計(変更減額を含む),,284122.0,千円,,,3938.0,0.014055049538874454,横ばい,2020-04-01,2021-03-31,gen-tokko-2020-tokko_dec;gen-tokko-2020-tokko_march;gen-mlit-release-2021,https://www.mlit.go.jp/common/001371606.xlsx
09,092053,鹿沼市,kofu_bouan,10,国交省 交付決定額 防災・安全交付金,2021-04-01,2022-03-31,2022-03-31,1,年度内で最後の交付決定日(交付決定がない年度は年度末)。値は年度合計(変更減額を含む),,205974.0,千円,,,-78148.0,-0.27505085843405297,減少,2021-04-01,2022-03-31,gen-election-shugiin_20211031_smd_09_2;gen-tokko-2021-tokko_dec;gen-tokko-2021-tokko_march;gen-mlit-release-2022,https://www.mlit.go.jp/common/001579064.xlsx
09,092053,鹿沼市,kofu_bouan,10,国交省 交付決定額 防災・安全交付金,2022-04-01,2023-03-31,2023-03-31,1,年度内で最後の交付決定日(交付決定がない年度は年度末)。値は年度合計(変更減額を含む),,338956.0,千円,,,132982.0,0.6456251759930866,増加,2022-04-01,2023-03-31,gen-election-sangiin_20220710_smd_09_1;gen-tokko-2022-tokko_dec;gen-tokko-2022-tokko_march;gen-mlit-release-2023,https://www.mlit.go.jp/common/001426909.xlsx
09,092053,鹿沼市,kofu_bouan,10,国交省 交付決定額 防災・安全交付金,2023-04-01,2024-03-31,2023-08-18,1,年度内で最後の交付決定日(交付決定がない年度は年度末)。値は年度合計(変更減額を含む),,570909.0,千円,,,231953.0,0.6843159584134814,増加,2023-04-01,2023-08-18,,https://www.mlit.go.jp/page/content/001708175.xlsx
09,092053,鹿沼市,kofu_bouan,10,国交省 交付決定額 防災・安全交付金,2024-04-01,2025-03-31,2025-03-11,1,年度内で最後の交付決定日(交付決定がない年度は年度末)。値は年度合計(変更減額を含む),,435031.0,千円,,,-135878.0,-0.23800290414058983,減少,2023-08-19,2025-03-11,gen-tokko-2023-tokko_dec;gen-tokko-2023-tokko_march;gen-mlit-release-2024;gen-election-shugiin_20241027_smd_09_2;gen-tokko-2024-tokko_dec,https://www.mlit.go.jp/page/content/001842591.xlsx
09,092053,鹿沼市,kofu_bouan,10,国交省 交付決定額 防災・安全交付金,2025-04-01,2026-03-31,2026-03-09,1,年度内で最後の交付決定日(交付決定がない年度は年度末)。値は年度合計(変更減額を含む),,533359.0,千円,,,98328.0,0.22602527176224224,増加,2025-03-12,2026-03-09,gen-tokko-2024-tokko_march;gen-mlit-release-2025;gen-election-sangiin_20250720_smd_09_1;gen-tokko-2025-tokko_dec;gen-election-shugiin_20260208_smd_09_2;gen-cabinet-2026-02-18;gen-position-motegi_toshimitsu-外務大臣-2026-02-18,https://www.mlit.go.jp/page/content/001969014.xlsx
09,092053,鹿沼市,kofu_road,10,国交省 交付決定額 道路関係の補助,2017-04-01,2018-03-31,2018-03-31,1,年度内で最後の交付決定日(交付決定がない年度は年度末)。値は年度合計(変更減額を含む),,0.0,千円,,,,,未取得,,,,https://www.mlit.go.jp/common/001234557.xlsx
09,092053,鹿沼市,kofu_road,10,国交省 交付決定額 道路関係の補助,2018-04-01,2019-03-31,2019-03-31,1,年度内で最後の交付決定日(交付決定がない年度は年度末)。値は年度合計(変更減額を含む),,0.0,千円,,,0.0,,未取得,2018-04-01,2019-03-31,,https://www.mlit.go.jp/common/001260897.xlsx
09,092053,鹿沼市,kofu_road,10,国交省 交付決定額 道路関係の補助,2019-04-01,2020-03-31,2020-03-31,1,年度内で最後の交付決定日(交付決定がない年度は年度末)。値は年度合計(変更減額を含む),,0.0,千円,,,0.0,,未取得,2019-04-01,2020-03-31,,https://www.mlit.go.jp/common/001316175.xlsx
09,092053,鹿沼市,kofu_road,10,国交省 交付決定額 道路関係の補助,2020-04-01,2021-03-31,2021-03-31,1,年度内で最後の交付決定日(交付決定がない年度は年度末)。値は年度合計(変更減額を含む),,14850.0,千円,,,14850.0,,未取得,2020-04-01,2021-03-31,gen-tokko-2020-tokko_dec;gen-tokko-2020-tokko_march;gen-mlit-release-2021,https://www.mlit.go.jp/common/001371629.xlsx
09,092053,鹿沼市,kofu_road,10,国交省 交付決定額 道路関係の補助,2021-04-01,2022-03-31,2021-06-18,1,年度内で最後の交付決定日(交付決定がない年度は年度末)。値は年度合計(変更減額を含む),,29647.0,千円,,,14797.0,0.9964309764309764,増加,2021-04-01,2021-06-18,,https://www.mlit.go.jp/common/001579051.xlsx
09,092053,鹿沼市,kofu_road,10,国交省 交付決定額 道路関係の補助,2022-04-01,2023-03-31,2022-06-17,1,年度内で最後の交付決定日(交付決定がない年度は年度末)。値は年度合計(変更減額を含む),,49048.0,千円,,,19401.0,0.6544001079367221,増加,2021-06-19,2022-06-17,gen-election-shugiin_20211031_smd_09_2;gen-tokko-2021-tokko_dec;gen-tokko-2021-tokko_march;gen-mlit-release-2022,https://www.mlit.go.jp/common/001426897.xlsx
09,092053,鹿沼市,kofu_road,10,国交省 交付決定額 道路関係の補助,2023-04-01,2024-03-31,2023-11-17,1,年度内で最後の交付決定日(交付決定がない年度は年度末)。値は年度合計(変更減額を含む),,12079.0,千円,,,-36969.0,-0.7537310389822215,減少,2022-06-18,2023-11-17,gen-election-sangiin_20220710_smd_09_1;gen-tokko-2022-tokko_dec;gen-tokko-2022-tokko_march;gen-mlit-release-2023,https://www.mlit.go.jp/page/content/001708164.xlsx
09,092053,鹿沼市,kofu_road,10,国交省 交付決定額 道路関係の補助,2024-04-01,2025-03-31,2024-06-14,1,年度内で最後の交付決定日(交付決定がない年度は年度末)。値は年度合計(変更減額を含む),,13620.0,千円,,,1541.0,0.12757678615779453,増加,2023-11-18,2024-06-14,gen-tokko-2023-tokko_dec;gen-tokko-2023-tokko_march;gen-mlit-release-2024,https://www.mlit.go.jp/page/content/001889202.xlsx
09,092053,鹿沼市,kofu_road,10,国交省 交付決定額 道路関係の補助,2025-04-01,2026-03-31,2025-05-16,1,年度内で最後の交付決定日(交付決定がない年度は年度末)。値は年度合計(変更減額を含む),,25849.0,千円,,,12229.0,0.897870778267254,増加,2024-06-15,2025-05-16,gen-election-shugiin_20241027_smd_09_2;gen-tokko-2024-tokko_dec;gen-tokko-2024-tokko_march;gen-mlit-release-2025,https://www.mlit.go.jp/page/content/001969000.xlsx
09,092061,日光市,card_kokko,1,国庫支出金(決算),2020-04-01,2021-03-31,2021-03-31,0,決算(年度末),,14246565.0,千円,,,,,未取得,,,,https://www.soumu.go.jp/main_content/000804135.xlsx
09,092061,日光市,card_kokko,1,国庫支出金(決算),2021-04-01,2022-03-31,2022-03-31,0,決算(年度末),,8364099.0,千円,,,-5882466.0,-0.41290416321408,減少,2021-04-01,2022-03-31,gen-election-shugiin_20211031_smd_09_2;gen-tokko-2021-tokko_dec;gen-tokko-2021-tokko_march;gen-mlit-release-2022,https://www.soumu.go.jp/main_content/000873399.xlsx
09,092061,日光市,card_kokko,1,国庫支出金(決算),2022-04-01,2023-03-31,2023-03-31,0,決算(年度末),,6749633.0,千円,,,-1614466.0,-0.19302330113500568,減少,2022-04-01,2023-03-31,gen-election-sangiin_20220710_smd_09_1;gen-tokko-2022-tokko_dec;gen-tokko-2022-tokko_march;gen-mlit-release-2023,https://www.soumu.go.jp/main_content/000937050.xlsx
09,092061,日光市,card_kokko,1,国庫支出金(決算),2023-04-01,2024-03-31,2024-03-31,0,決算(年度末),,6042849.0,千円,,,-706784.0,-0.10471443410330607,減少,2023-04-01,2024-03-31,gen-tokko-2023-tokko_dec;gen-tokko-2023-tokko_march,https://www.soumu.go.jp/main_content/000998938.xlsx
09,092061,日光市,card_kokko,1,国庫支出金(決算),2024-04-01,2025-03-31,2025-03-31,0,決算(年度末),,6385098.0,千円,,,342249.0,0.05663702667400757,増加,2024-04-01,2025-03-31,gen-mlit-release-2024;gen-election-shugiin_20241027_smd_09_2;gen-tokko-2024-tokko_dec;gen-tokko-2024-tokko_march,https://www.soumu.go.jp/main_content/001063963.xlsx
09,092061,日光市,card_pref,2,県支出金(決算),2020-04-01,2021-03-31,2021-03-31,0,決算(年度末),,3232663.0,千円,,,,,未取得,,,,https://www.soumu.go.jp/main_content/000804135.xlsx
09,092061,日光市,card_pref,2,県支出金(決算),2021-04-01,2022-03-31,2022-03-31,0,決算(年度末),,2853342.0,千円,,,-379321.0,-0.11734010009704074,減少,2021-04-01,2022-03-31,gen-election-shugiin_20211031_smd_09_2;gen-tokko-2021-tokko_dec;gen-tokko-2021-tokko_march;gen-mlit-release-2022,https://www.soumu.go.jp/main_content/000873399.xlsx
09,092061,日光市,card_pref,2,県支出金(決算),2022-04-01,2023-03-31,2023-03-31,0,決算(年度末),,2739118.0,千円,,,-114224.0,-0.040031654109461814,横ばい,2022-04-01,2023-03-31,gen-election-sangiin_20220710_smd_09_1;gen-tokko-2022-tokko_dec;gen-tokko-2022-tokko_march;gen-mlit-release-2023,https://www.soumu.go.jp/main_content/000937050.xlsx
09,092061,日光市,card_pref,2,県支出金(決算),2023-04-01,2024-03-31,2024-03-31,0,決算(年度末),,2707539.0,千円,,,-31579.0,-0.011528893607358282,横ばい,2023-04-01,2024-03-31,gen-tokko-2023-tokko_dec;gen-tokko-2023-tokko_march,https://www.soumu.go.jp/main_content/000998938.xlsx
09,092061,日光市,card_pref,2,県支出金(決算),2024-04-01,2025-03-31,2025-03-31,0,決算(年度末),,2828298.0,千円,,,120759.0,0.044601019597501644,横ばい,2024-04-01,2025-03-31,gen-mlit-release-2024;gen-election-shugiin_20241027_smd_09_2;gen-tokko-2024-tokko_dec;gen-tokko-2024-tokko_march,https://www.soumu.go.jp/main_content/001063963.xlsx
09,092061,日光市,tokko_dec,3a,特別交付税 12月分,2020-04-01,2021-03-31,2020-12-08,0,交付決定日(報道発表),2020-12-08,147868.0,千円,,,,,未取得,,,,https://www.soumu.go.jp/main_content/000721607.pdf
09,092061,日光市,tokko_dec,3a,特別交付税 12月分,2021-04-01,2022-03-31,2021-12-03,0,交付決定日(報道発表),2021-12-03,138125.0,千円,,,-9743.0,-0.06588984770200448,減少,2020-12-09,2021-12-03,gen-tokko-2020-tokko_march;gen-mlit-release-2021;gen-election-shugiin_20211031_smd_09_2;gen-tokko-2021-tokko_dec,https://www.soumu.go.jp/main_content/000780948.pdf
09,092061,日光市,tokko_dec,3a,特別交付税 12月分,2022-04-01,2023-03-31,2022-12-13,0,交付決定日(報道発表),2022-12-13,200903.0,千円,,,62778.0,0.45450135746606335,増加,2021-12-04,2022-12-13,gen-tokko-2021-tokko_march;gen-mlit-release-2022;gen-election-sangiin_20220710_smd_09_1;gen-tokko-2022-tokko_dec,https://www.soumu.go.jp/main_content/000850537.pdf
09,092061,日光市,tokko_dec,3a,特別交付税 12月分,2023-04-01,2024-03-31,2023-12-12,0,交付決定日(報道発表),2023-12-12,193434.0,千円,,,-7469.0,-0.037177145189469546,横ばい,2022-12-14,2023-12-12,gen-tokko-2022-tokko_march;gen-mlit-release-2023;gen-tokko-2023-tokko_dec,https://www.soumu.go.jp/main_content/000916643.pdf
09,092061,日光市,tokko_dec,3a,特別交付税 12月分,2024-04-01,2025-03-31,2024-12-20,0,交付決定日(報道発表),2024-12-20,211211.0,千円,,,17777.0,0.09190214750250732,増加,2023-12-13,2024-12-20,gen-tokko-2023-tokko_march;gen-mlit-release-2024;gen-election-shugiin_20241027_smd_09_2;gen-tokko-2024-tokko_dec,https://www.soumu.go.jp/main_content/000983129.pdf
09,092061,日光市,tokko_dec,3a,特別交付税 12月分,2025-04-01,2026-03-31,2025-12-19,0,交付決定日(報道発表),2025-12-19,220610.0,千円,,,9399.0,0.04450052317350896,横ばい,2024-12-21,2025-12-19,gen-tokko-2024-tokko_march;gen-mlit-release-2025;gen-election-sangiin_20250720_smd_09_1;gen-tokko-2025-tokko_dec,https://www.soumu.go.jp/main_content/001046667.pdf
09,092061,日光市,tokko_march,3b,特別交付税 3月分,2020-04-01,2021-03-31,2021-03-19,0,交付決定日(報道発表),2021-03-19,999684.0,千円,,,,,未取得,,,,https://www.soumu.go.jp/main_content/000738961.pdf
09,092061,日光市,tokko_march,3b,特別交付税 3月分,2021-04-01,2022-03-31,2022-03-18,0,交付決定日(報道発表),2022-03-18,1115201.0,千円,,,115517.0,0.11555351491071178,増加,2021-03-20,2022-03-18,gen-mlit-release-2021;gen-election-shugiin_20211031_smd_09_2;gen-tokko-2021-tokko_dec;gen-tokko-2021-tokko_march,https://www.soumu.go.jp/main_content/000799619.pdf
09,092061,日光市,tokko_march,3b,特別交付税 3月分,2022-04-01,2023-03-31,2023-03-22,0,交付決定日(報道発表),2023-03-22,1105553.0,千円,,,-9648.0,-0.008651355226546604,横ばい,2022-03-19,2023-03-22,gen-mlit-release-2022;gen-election-sangiin_20220710_smd_09_1;gen-tokko-2022-tokko_dec;gen-tokko-2022-tokko_march,https://www.soumu.go.jp/main_content/000869990.pdf
09,092061,日光市,tokko_march,3b,特別交付税 3月分,2023-04-01,2024-03-31,2024-03-22,0,交付決定日(報道発表),2024-03-22,1066887.0,千円,,,-38666.0,-0.034974352202020165,横ばい,2023-03-23,2024-03-22,gen-mlit-release-2023;gen-tokko-2023-tokko_dec;gen-tokko-2023-tokko_march,https://www.soumu.go.jp/main_content/000997045.pdf
09,092061,日光市,tokko_march,3b,特別交付税 3月分,2024-04-01,2025-03-31,2025-03-21,0,交付決定日(報道発表),2025-03-21,1054481.0,千円,,,-12406.0,-0.01162822304517723,横ばい,2024-03-23,2025-03-21,gen-mlit-release-2024;gen-election-shugiin_20241027_smd_09_2;gen-tokko-2024-tokko_dec;gen-tokko-2024-tokko_march,https://www.soumu.go.jp/main_content/000998441.pdf
09,092061,日光市,tokko_march,3b,特別交付税 3月分,2025-04-01,2026-03-31,2026-03-17,0,交付決定日(報道発表),2026-03-17,1135576.0,千円,,,81095.0,0.07690513152915984,増加,2025-03-22,2026-03-17,gen-mlit-release-2025;gen-election-sangiin_20250720_smd_09_1;gen-tokko-2025-tokko_dec;gen-election-shugiin_20260208_smd_09_2;gen-cabinet-2026-02-18;gen-position-motegi_toshimitsu-外務大臣-2026-02-18;gen-tokko-2025-tokko_march,https://www.soumu.go.jp/main_content/001061260.pdf
09,092061,日光市,mlit_sole_grants,4,社総交・防安交 単独策定主体の国費,2021-04-01,2022-03-31,2021-03-30,1,当初配分の報道発表日を代用(交付決定日は未公表),2021-03-30,0.0,千円,0,,,,未取得,,,,https://www.mlit.go.jp/common/001396522.pdf
09,092061,日光市,mlit_sole_grants,4,社総交・防安交 単独策定主体の国費,2022-04-01,2023-03-31,2022-03-25,1,当初配分の報道発表日を代用(交付決定日は未公表),2022-03-25,0.0,千円,0,,0.0,,未取得,2021-03-31,2022-03-25,gen-election-shugiin_20211031_smd_09_2;gen-tokko-2021-tokko_dec;gen-tokko-2021-tokko_march;gen-mlit-release-2022,https://www.mlit.go.jp/page/content/001472731.pdf
09,092061,日光市,mlit_sole_grants,4,社総交・防安交 単独策定主体の国費,2023-04-01,2024-03-31,2023-03-31,1,当初配分の報道発表日を代用(交付決定日は未公表),2023-03-31,0.0,千円,0,,0.0,,未取得,2022-03-26,2023-03-31,gen-election-sangiin_20220710_smd_09_1;gen-tokko-2022-tokko_dec;gen-tokko-2022-tokko_march;gen-mlit-release-2023,https://www.mlit.go.jp/page/content/001596924.pdf
09,092061,日光市,mlit_sole_grants,4,社総交・防安交 単独策定主体の国費,2024-04-01,2025-03-31,2024-04-01,1,当初配分の報道発表日を代用(交付決定日は未公表),2024-04-01,0.0,千円,0,,0.0,,未取得,2023-04-01,2024-04-01,gen-tokko-2023-tokko_dec;gen-tokko-2023-tokko_march;gen-mlit-release-2024,https://www.mlit.go.jp/page/content/001735005.pdf
09,092061,日光市,mlit_sole_grants,4,社総交・防安交 単独策定主体の国費,2025-04-01,2026-03-31,2025-04-01,1,当初配分の報道発表日を代用(交付決定日は未公表),2025-04-01,0.0,千円,0,,0.0,,未取得,2024-04-02,2025-04-01,gen-election-shugiin_20241027_smd_09_2;gen-tokko-2024-tokko_dec;gen-tokko-2024-tokko_march;gen-mlit-release-2025,https://www.mlit.go.jp/page/content/001879738.pdf
09,092061,日光市,mlit_sole_grants,4,社総交・防安交 単独策定主体の国費,2026-04-01,2027-03-31,2026-04-07,1,当初配分の報道発表日を代用(交付決定日は未公表),2026-04-07,0.0,千円,0,,0.0,,未取得,2025-04-02,2026-04-07,gen-election-sangiin_20250720_smd_09_1;gen-tokko-2025-tokko_dec;gen-election-shugiin_20260208_smd_09_2;gen-cabinet-2026-02-18;gen-position-motegi_toshimitsu-外務大臣-2026-02-18;gen-tokko-2025-tokko_march;gen-mlit-release-2026,https://www.mlit.go.jp/page/content/001994561.pdf
09,092061,日光市,mlit_road,5,道路局箇所表 事業主体=当該市町の国費,2021-04-01,2022-03-31,2021-03-30,1,当初配分の報道発表日を代用(交付決定日は未公表),2021-03-30,201000.0,千円,4,,,,未取得,,,,https://www.mlit.go.jp/common/001396522.pdf
09,092061,日光市,mlit_road,5,道路局箇所表 事業主体=当該市町の国費,2022-04-01,2023-03-31,2022-03-25,1,当初配分の報道発表日を代用(交付決定日は未公表),2022-03-25,220000.0,千円,3,,19000.0,0.0945273631840796,増加,2021-03-31,2022-03-25,gen-election-shugiin_20211031_smd_09_2;gen-tokko-2021-tokko_dec;gen-tokko-2021-tokko_march;gen-mlit-release-2022,https://www.mlit.go.jp/page/content/001472731.pdf
09,092061,日光市,mlit_road,5,道路局箇所表 事業主体=当該市町の国費,2023-04-01,2024-03-31,2023-03-31,1,当初配分の報道発表日を代用(交付決定日は未公表),2023-03-31,97000.0,千円,1,,-123000.0,-0.5590909090909091,減少,2022-03-26,2023-03-31,gen-election-sangiin_20220710_smd_09_1;gen-tokko-2022-tokko_dec;gen-tokko-2022-tokko_march;gen-mlit-release-2023,https://www.mlit.go.jp/page/content/001596924.pdf
09,092061,日光市,mlit_road,5,道路局箇所表 事業主体=当該市町の国費,2024-04-01,2025-03-31,2024-04-01,1,当初配分の報道発表日を代用(交付決定日は未公表),2024-04-01,233000.0,千円,2,,136000.0,1.402061855670103,増加,2023-04-01,2024-04-01,gen-tokko-2023-tokko_dec;gen-tokko-2023-tokko_march;gen-mlit-release-2024,https://www.mlit.go.jp/page/content/001735005.pdf
09,092061,日光市,mlit_road,5,道路局箇所表 事業主体=当該市町の国費,2025-04-01,2026-03-31,2025-04-01,1,当初配分の報道発表日を代用(交付決定日は未公表),2025-04-01,303000.0,千円,2,,70000.0,0.30042918454935624,増加,2024-04-02,2025-04-01,gen-election-shugiin_20241027_smd_09_2;gen-tokko-2024-tokko_dec;gen-tokko-2024-tokko_march;gen-mlit-release-2025,https://www.mlit.go.jp/page/content/001879738.pdf
09,092061,日光市,mlit_road,5,道路局箇所表 事業主体=当該市町の国費,2026-04-01,2027-03-31,2026-04-07,1,当初配分の報道発表日を代用(交付決定日は未公表),2026-04-07,62000.0,千円,1,,-241000.0,-0.7953795379537953,減少,2025-04-02,2026-04-07,gen-election-sangiin_20250720_smd_09_1;gen-tokko-2025-tokko_dec;gen-election-shugiin_20260208_smd_09_2;gen-cabinet-2026-02-18;gen-position-motegi_toshimitsu-外務大臣-2026-02-18;gen-tokko-2025-tokko_march;gen-mlit-release-2026,https://www.mlit.go.jp/page/content/001994561.pdf
09,092061,日光市,e_kokko,6,国庫支出金 計(決算、地方財政状況調査),2020-04-01,2021-03-31,2021-03-31,0,決算(年度末),,14246565.0,千円,,,,,未取得,,,,https://www.e-stat.go.jp/stat-search/file-download?statInfId=000032188698&fileKind=1
09,092061,日光市,e_kokko,6,国庫支出金 計(決算、地方財政状況調査),2021-04-01,2022-03-31,2022-03-31,0,決算(年度末),,8364099.0,千円,,,-5882466.0,-0.41290416321408,減少,2021-04-01,2022-03-31,gen-election-shugiin_20211031_smd_09_2;gen-tokko-2021-tokko_dec;gen-tokko-2021-tokko_march;gen-mlit-release-2022,https://www.e-stat.go.jp/stat-search/file-download?statInfId=000040044921&fileKind=1
09,092061,日光市,e_kokko,6,国庫支出金 計(決算、地方財政状況調査),2022-04-01,2023-03-31,2023-03-31,0,決算(年度末),,6749633.0,千円,,,-1614466.0,-0.19302330113500568,減少,2022-04-01,2023-03-31,gen-election-sangiin_20220710_smd_09_1;gen-tokko-2022-tokko_dec;gen-tokko-2022-tokko_march;gen-mlit-release-2023,https://www.e-stat.go.jp/stat-search/file-download?statInfId=000040171702&fileKind=1
09,092061,日光市,e_kokko,6,国庫支出金 計(決算、地方財政状況調査),2023-04-01,2024-03-31,2024-03-31,0,決算(年度末),,6042849.0,千円,,,-706784.0,-0.10471443410330607,減少,2023-04-01,2024-03-31,gen-tokko-2023-tokko_dec;gen-tokko-2023-tokko_march,https://www.e-stat.go.jp/stat-search/file-download?statInfId=000040231591&fileKind=1
09,092061,日光市,e_kokko,6,国庫支出金 計(決算、地方財政状況調査),2024-04-01,2025-03-31,2025-03-31,0,決算(年度末),,6385098.0,千円,,,342249.0,0.05663702667400757,増加,2024-04-01,2025-03-31,gen-mlit-release-2024;gen-election-shugiin_20241027_smd_09_2;gen-tokko-2024-tokko_dec;gen-tokko-2024-tokko_march,https://www.e-stat.go.jp/stat-search/file-download?statInfId=000040375638&fileKind=1
09,092061,日光市,e_kokko_futsuken,6,国庫支出金のうち普通建設事業費支出金(決算),2020-04-01,2021-03-31,2021-03-31,0,決算(年度末),,243859.0,千円,,,,,未取得,,,,https://www.e-stat.go.jp/stat-search/file-download?statInfId=000032188698&fileKind=1
09,092061,日光市,e_kokko_futsuken,6,国庫支出金のうち普通建設事業費支出金(決算),2021-04-01,2022-03-31,2022-03-31,0,決算(年度末),,529918.0,千円,,,286059.0,1.1730508203511045,増加,2021-04-01,2022-03-31,gen-election-shugiin_20211031_smd_09_2;gen-tokko-2021-tokko_dec;gen-tokko-2021-tokko_march;gen-mlit-release-2022,https://www.e-stat.go.jp/stat-search/file-download?statInfId=000040044921&fileKind=1
09,092061,日光市,e_kokko_futsuken,6,国庫支出金のうち普通建設事業費支出金(決算),2022-04-01,2023-03-31,2023-03-31,0,決算(年度末),,385364.0,千円,,,-144554.0,-0.2727856007910658,減少,2022-04-01,2023-03-31,gen-election-sangiin_20220710_smd_09_1;gen-tokko-2022-tokko_dec;gen-tokko-2022-tokko_march;gen-mlit-release-2023,https://www.e-stat.go.jp/stat-search/file-download?statInfId=000040171702&fileKind=1
09,092061,日光市,e_kokko_futsuken,6,国庫支出金のうち普通建設事業費支出金(決算),2023-04-01,2024-03-31,2024-03-31,0,決算(年度末),,144216.0,千円,,,-241148.0,-0.6257668074859094,減少,2023-04-01,2024-03-31,gen-tokko-2023-tokko_dec;gen-tokko-2023-tokko_march,https://www.e-stat.go.jp/stat-search/file-download?statInfId=000040231591&fileKind=1
09,092061,日光市,e_kokko_futsuken,6,国庫支出金のうち普通建設事業費支出金(決算),2024-04-01,2025-03-31,2025-03-31,0,決算(年度末),,213164.0,千円,,,68948.0,0.4780884229211738,増加,2024-04-01,2025-03-31,gen-mlit-release-2024;gen-election-shugiin_20241027_smd_09_2;gen-tokko-2024-tokko_dec;gen-tokko-2024-tokko_march,https://www.e-stat.go.jp/stat-search/file-download?statInfId=000040375638&fileKind=1
09,092061,日光市,e_kokko_saigai,6,国庫支出金のうち災害復旧事業費支出金(決算),2020-04-01,2021-03-31,2021-03-31,0,決算(年度末),,38448.0,千円,,,,,未取得,,,,https://www.e-stat.go.jp/stat-search/file-download?statInfId=000032188698&fileKind=1
09,092061,日光市,e_kokko_saigai,6,国庫支出金のうち災害復旧事業費支出金(決算),2021-04-01,2022-03-31,2022-03-31,0,決算(年度末),,722.0,千円,,,-37726.0,-0.9812213899292551,減少,2021-04-01,2022-03-31,gen-election-shugiin_20211031_smd_09_2;gen-tokko-2021-tokko_dec;gen-tokko-2021-tokko_march;gen-mlit-release-2022,https://www.e-stat.go.jp/stat-search/file-download?statInfId=000040044921&fileKind=1
09,092061,日光市,e_kokko_saigai,6,国庫支出金のうち災害復旧事業費支出金(決算),2022-04-01,2023-03-31,2023-03-31,0,決算(年度末),,0.0,千円,,,-722.0,-1.0,減少,2022-04-01,2023-03-31,gen-election-sangiin_20220710_smd_09_1;gen-tokko-2022-tokko_dec;gen-tokko-2022-tokko_march;gen-mlit-release-2023,https://www.e-stat.go.jp/stat-search/file-download?statInfId=000040171702&fileKind=1
09,092061,日光市,e_kokko_saigai,6,国庫支出金のうち災害復旧事業費支出金(決算),2023-04-01,2024-03-31,2024-03-31,0,決算(年度末),,0.0,千円,,,0.0,,未取得,2023-04-01,2024-03-31,gen-tokko-2023-tokko_dec;gen-tokko-2023-tokko_march,https://www.e-stat.go.jp/stat-search/file-download?statInfId=000040231591&fileKind=1
09,092061,日光市,e_kokko_saigai,6,国庫支出金のうち災害復旧事業費支出金(決算),2024-04-01,2025-03-31,2025-03-31,0,決算(年度末),,0.0,千円,,,0.0,,未取得,2024-04-01,2025-03-31,gen-mlit-release-2024;gen-election-shugiin_20241027_smd_09_2;gen-tokko-2024-tokko_dec;gen-tokko-2024-tokko_march,https://www.e-stat.go.jp/stat-search/file-download?statInfId=000040375638&fileKind=1
09,092061,日光市,e_kokko_shasoukou,6,国庫支出金のうち社会資本整備総合交付金(決算),2020-04-01,2021-03-31,2021-03-31,0,決算(年度末),,208226.0,千円,,,,,未取得,,,,https://www.e-stat.go.jp/stat-search/file-download?statInfId=000032188698&fileKind=1
09,092061,日光市,e_kokko_shasoukou,6,国庫支出金のうち社会資本整備総合交付金(決算),2021-04-01,2022-03-31,2022-03-31,0,決算(年度末),,211644.0,千円,,,3418.0,0.016414856934292548,横ばい,2021-04-01,2022-03-31,gen-election-shugiin_20211031_smd_09_2;gen-tokko-2021-tokko_dec;gen-tokko-2021-tokko_march;gen-mlit-release-2022,https://www.e-stat.go.jp/stat-search/file-download?statInfId=000040044921&fileKind=1
09,092061,日光市,e_kokko_shasoukou,6,国庫支出金のうち社会資本整備総合交付金(決算),2022-04-01,2023-03-31,2023-03-31,0,決算(年度末),,134356.0,千円,,,-77288.0,-0.3651792632911871,減少,2022-04-01,2023-03-31,gen-election-sangiin_20220710_smd_09_1;gen-tokko-2022-tokko_dec;gen-tokko-2022-tokko_march;gen-mlit-release-2023,https://www.e-stat.go.jp/stat-search/file-download?statInfId=000040171702&fileKind=1
09,092061,日光市,e_kokko_shasoukou,6,国庫支出金のうち社会資本整備総合交付金(決算),2023-04-01,2024-03-31,2024-03-31,0,決算(年度末),,161011.0,千円,,,26655.0,0.19839084224001904,増加,2023-04-01,2024-03-31,gen-tokko-2023-tokko_dec;gen-tokko-2023-tokko_march,https://www.e-stat.go.jp/stat-search/file-download?statInfId=000040231591&fileKind=1
09,092061,日光市,e_kokko_shasoukou,6,国庫支出金のうち社会資本整備総合交付金(決算),2024-04-01,2025-03-31,2025-03-31,0,決算(年度末),,140237.0,千円,,,-20774.0,-0.12902224071647278,減少,2024-04-01,2025-03-31,gen-mlit-release-2024;gen-election-shugiin_20241027_smd_09_2;gen-tokko-2024-tokko_dec;gen-tokko-2024-tokko_march,https://www.e-stat.go.jp/stat-search/file-download?statInfId=000040375638&fileKind=1
09,092061,日光市,e_pref,6,都道府県支出金 計(決算),2020-04-01,2021-03-31,2021-03-31,0,決算(年度末),,3232663.0,千円,,,,,未取得,,,,https://www.e-stat.go.jp/stat-search/file-download?statInfId=000032188698&fileKind=1
09,092061,日光市,e_pref,6,都道府県支出金 計(決算),2021-04-01,2022-03-31,2022-03-31,0,決算(年度末),,2853342.0,千円,,,-379321.0,-0.11734010009704074,減少,2021-04-01,2022-03-31,gen-election-shugiin_20211031_smd_09_2;gen-tokko-2021-tokko_dec;gen-tokko-2021-tokko_march;gen-mlit-release-2022,https://www.e-stat.go.jp/stat-search/file-download?statInfId=000040044921&fileKind=1
09,092061,日光市,e_pref,6,都道府県支出金 計(決算),2022-04-01,2023-03-31,2023-03-31,0,決算(年度末),,2739118.0,千円,,,-114224.0,-0.040031654109461814,横ばい,2022-04-01,2023-03-31,gen-election-sangiin_20220710_smd_09_1;gen-tokko-2022-tokko_dec;gen-tokko-2022-tokko_march;gen-mlit-release-2023,https://www.e-stat.go.jp/stat-search/file-download?statInfId=000040171702&fileKind=1
09,092061,日光市,e_pref,6,都道府県支出金 計(決算),2023-04-01,2024-03-31,2024-03-31,0,決算(年度末),,2707539.0,千円,,,-31579.0,-0.011528893607358282,横ばい,2023-04-01,2024-03-31,gen-tokko-2023-tokko_dec;gen-tokko-2023-tokko_march,https://www.e-stat.go.jp/stat-search/file-download?statInfId=000040231591&fileKind=1
09,092061,日光市,e_pref,6,都道府県支出金 計(決算),2024-04-01,2025-03-31,2025-03-31,0,決算(年度末),,2828298.0,千円,,,120759.0,0.044601019597501644,横ばい,2024-04-01,2025-03-31,gen-mlit-release-2024;gen-election-shugiin_20241027_smd_09_2;gen-tokko-2024-tokko_dec;gen-tokko-2024-tokko_march,https://www.e-stat.go.jp/stat-search/file-download?statInfId=000040375638&fileKind=1
09,092061,日光市,e_futsu,6,普通交付税(決算),2020-04-01,2021-03-31,2021-03-31,0,決算(年度末),,8813644.0,千円,,,,,未取得,,,,https://www.e-stat.go.jp/stat-search/file-download?statInfId=000032188698&fileKind=1
09,092061,日光市,e_futsu,6,普通交付税(決算),2021-04-01,2022-03-31,2022-03-31,0,決算(年度末),,9828291.0,千円,,,1014647.0,0.1151223035557143,増加,2021-04-01,2022-03-31,gen-election-shugiin_20211031_smd_09_2;gen-tokko-2021-tokko_dec;gen-tokko-2021-tokko_march;gen-mlit-release-2022,https://www.e-stat.go.jp/stat-search/file-download?statInfId=000040044921&fileKind=1
09,092061,日光市,e_futsu,6,普通交付税(決算),2022-04-01,2023-03-31,2023-03-31,0,決算(年度末),,9708751.0,千円,,,-119540.0,-0.012162847030068605,横ばい,2022-04-01,2023-03-31,gen-election-sangiin_20220710_smd_09_1;gen-tokko-2022-tokko_dec;gen-tokko-2022-tokko_march;gen-mlit-release-2023,https://www.e-stat.go.jp/stat-search/file-download?statInfId=000040171702&fileKind=1
09,092061,日光市,e_futsu,6,普通交付税(決算),2023-04-01,2024-03-31,2024-03-31,0,決算(年度末),,10042820.0,千円,,,334069.0,0.03440906044454122,横ばい,2023-04-01,2024-03-31,gen-tokko-2023-tokko_dec;gen-tokko-2023-tokko_march,https://www.e-stat.go.jp/stat-search/file-download?statInfId=000040231591&fileKind=1
09,092061,日光市,e_futsu,6,普通交付税(決算),2024-04-01,2025-03-31,2025-03-31,0,決算(年度末),,10166078.0,千円,,,123258.0,0.012273245960795872,横ばい,2024-04-01,2025-03-31,gen-mlit-release-2024;gen-election-shugiin_20241027_smd_09_2;gen-tokko-2024-tokko_dec;gen-tokko-2024-tokko_march,https://www.e-stat.go.jp/stat-search/file-download?statInfId=000040375638&fileKind=1
09,092061,日光市,e_tokko,6,特別交付税(決算),2020-04-01,2021-03-31,2021-03-31,0,決算(年度末),,1147552.0,千円,,,,,未取得,,,,https://www.e-stat.go.jp/stat-search/file-download?statInfId=000032188698&fileKind=1
09,092061,日光市,e_tokko,6,特別交付税(決算),2021-04-01,2022-03-31,2022-03-31,0,決算(年度末),,1253326.0,千円,,,105774.0,0.09217360084771757,増加,2021-04-01,2022-03-31,gen-election-shugiin_20211031_smd_09_2;gen-tokko-2021-tokko_dec;gen-tokko-2021-tokko_march;gen-mlit-release-2022,https://www.e-stat.go.jp/stat-search/file-download?statInfId=000040044921&fileKind=1
09,092061,日光市,e_tokko,6,特別交付税(決算),2022-04-01,2023-03-31,2023-03-31,0,決算(年度末),,1306456.0,千円,,,53130.0,0.0423912054804576,横ばい,2022-04-01,2023-03-31,gen-election-sangiin_20220710_smd_09_1;gen-tokko-2022-tokko_dec;gen-tokko-2022-tokko_march;gen-mlit-release-2023,https://www.e-stat.go.jp/stat-search/file-download?statInfId=000040171702&fileKind=1
09,092061,日光市,e_tokko,6,特別交付税(決算),2023-04-01,2024-03-31,2024-03-31,0,決算(年度末),,1260321.0,千円,,,-46135.0,-0.03531309129431071,横ばい,2023-04-01,2024-03-31,gen-tokko-2023-tokko_dec;gen-tokko-2023-tokko_march,https://www.e-stat.go.jp/stat-search/file-download?statInfId=000040231591&fileKind=1
09,092061,日光市,e_tokko,6,特別交付税(決算),2024-04-01,2025-03-31,2025-03-31,0,決算(年度末),,1265692.0,千円,,,5371.0,0.004261612716125495,横ばい,2024-04-01,2025-03-31,gen-mlit-release-2024;gen-election-shugiin_20241027_smd_09_2;gen-tokko-2024-tokko_dec;gen-tokko-2024-tokko_march,https://www.e-stat.go.jp/stat-search/file-download?statInfId=000040375638&fileKind=1
09,092061,日光市,e_road_kokko,7,道路橋りょう費に充当した国庫支出金(決算),2020-04-01,2021-03-31,2021-03-31,0,決算(年度末),,358490.0,千円,,,,,未取得,,,,https://www.e-stat.go.jp/stat-search/file-download?statInfId=000032188710&fileKind=1
09,092061,日光市,e_road_kokko,7,道路橋りょう費に充当した国庫支出金(決算),2021-04-01,2022-03-31,2022-03-31,0,決算(年度末),,304485.0,千円,,,-54005.0,-0.15064576417752237,減少,2021-04-01,2022-03-31,gen-election-shugiin_20211031_smd_09_2;gen-tokko-2021-tokko_dec;gen-tokko-2021-tokko_march;gen-mlit-release-2022,https://www.e-stat.go.jp/stat-search/file-download?statInfId=000040044933&fileKind=1
09,092061,日光市,e_road_kokko,7,道路橋りょう費に充当した国庫支出金(決算),2022-04-01,2023-03-31,2023-03-31,0,決算(年度末),,253109.0,千円,,,-51376.0,-0.1687308077573608,減少,2022-04-01,2023-03-31,gen-election-sangiin_20220710_smd_09_1;gen-tokko-2022-tokko_dec;gen-tokko-2022-tokko_march;gen-mlit-release-2023,https://www.e-stat.go.jp/stat-search/file-download?statInfId=000040171714&fileKind=1
09,092061,日光市,e_road_kokko,7,道路橋りょう費に充当した国庫支出金(決算),2023-04-01,2024-03-31,2024-03-31,0,決算(年度末),,195616.0,千円,,,-57493.0,-0.22714719745248094,減少,2023-04-01,2024-03-31,gen-tokko-2023-tokko_dec;gen-tokko-2023-tokko_march,https://www.e-stat.go.jp/stat-search/file-download?statInfId=000040231603&fileKind=1
09,092061,日光市,e_road_kokko,7,道路橋りょう費に充当した国庫支出金(決算),2024-04-01,2025-03-31,2025-03-31,0,決算(年度末),,255354.0,千円,,,59738.0,0.30538401766726647,増加,2024-04-01,2025-03-31,gen-mlit-release-2024;gen-election-shugiin_20241027_smd_09_2;gen-tokko-2024-tokko_dec;gen-tokko-2024-tokko_march,https://www.e-stat.go.jp/stat-search/file-download?statInfId=000040375650&fileKind=1
09,092061,日光市,e_hojo_road_kokko,8,補助事業費(道路・橋りょう)の国庫支出金(決算),2020-04-01,2021-03-31,2021-03-31,0,決算(年度末),,358490.0,千円,,,,,未取得,,,,https://www.e-stat.go.jp/stat-search/file-download?statInfId=000032188732&fileKind=1
09,092061,日光市,e_hojo_road_kokko,8,補助事業費(道路・橋りょう)の国庫支出金(決算),2021-04-01,2022-03-31,2022-03-31,0,決算(年度末),,304485.0,千円,,,-54005.0,-0.15064576417752237,減少,2021-04-01,2022-03-31,gen-election-shugiin_20211031_smd_09_2;gen-tokko-2021-tokko_dec;gen-tokko-2021-tokko_march;gen-mlit-release-2022,https://www.e-stat.go.jp/stat-search/file-download?statInfId=000040044955&fileKind=1
09,092061,日光市,e_hojo_road_kokko,8,補助事業費(道路・橋りょう)の国庫支出金(決算),2022-04-01,2023-03-31,2023-03-31,0,決算(年度末),,242527.0,千円,,,-61958.0,-0.20348457231062286,減少,2022-04-01,2023-03-31,gen-election-sangiin_20220710_smd_09_1;gen-tokko-2022-tokko_dec;gen-tokko-2022-tokko_march;gen-mlit-release-2023,https://www.e-stat.go.jp/stat-search/file-download?statInfId=000040171736&fileKind=1
09,092061,日光市,e_hojo_road_kokko,8,補助事業費(道路・橋りょう)の国庫支出金(決算),2023-04-01,2024-03-31,2024-03-31,0,決算(年度末),,180574.0,千円,,,-61953.0,-0.2554478470438343,減少,2023-04-01,2024-03-31,gen-tokko-2023-tokko_dec;gen-tokko-2023-tokko_march,https://www.e-stat.go.jp/stat-search/file-download?statInfId=000040231625&fileKind=1
09,092061,日光市,e_hojo_road_kokko,8,補助事業費(道路・橋りょう)の国庫支出金(決算),2024-04-01,2025-03-31,2025-03-31,0,決算(年度末),,184274.0,千円,,,3700.0,0.020490214538084108,横ばい,2024-04-01,2025-03-31,gen-mlit-release-2024;gen-election-shugiin_20241027_smd_09_2;gen-tokko-2024-tokko_dec;gen-tokko-2024-tokko_march,https://www.e-stat.go.jp/stat-search/file-download?statInfId=000040375672&fileKind=1
09,092061,日光市,futsu_decided,9,普通交付税 当初決定額,2021-04-01,2022-03-31,2021-08-03,0,当初決定日(算定結果の報道資料の日付),2021-08-03,9125986.0,千円,,,,,未取得,,,,https://www.soumu.go.jp/main_content/000761570.xlsx
09,092061,日光市,futsu_decided,9,普通交付税 当初決定額,2022-04-01,2023-03-31,2022-07-26,0,当初決定日(算定結果の報道資料の日付),2022-07-26,9527252.0,千円,,,401266.0,0.04396960503774606,横ばい,2021-08-04,2022-07-26,gen-election-shugiin_20211031_smd_09_2;gen-tokko-2021-tokko_dec;gen-tokko-2021-tokko_march;gen-mlit-release-2022;gen-election-sangiin_20220710_smd_09_1,https://www.soumu.go.jp/main_content/000762090.xlsx
09,092061,日光市,futsu_decided,9,普通交付税 当初決定額,2023-04-01,2024-03-31,2023-07-28,0,当初決定日(算定結果の報道資料の日付),2023-07-28,9813056.0,千円,,,285804.0,0.02999857671446079,横ばい,2022-07-27,2023-07-28,gen-tokko-2022-tokko_dec;gen-tokko-2022-tokko_march;gen-mlit-release-2023,https://www.soumu.go.jp/main_content/000894237.xlsx
09,092061,日光市,futsu_decided,9,普通交付税 当初決定額,2024-04-01,2025-03-31,2024-07-23,0,当初決定日(算定結果の報道資料の日付),2024-07-23,9728220.0,千円,,,-84836.0,-0.008645217147441124,横ばい,2023-07-29,2024-07-23,gen-tokko-2023-tokko_dec;gen-tokko-2023-tokko_march;gen-mlit-release-2024,https://www.soumu.go.jp/main_content/000958553.xlsx
09,092061,日光市,futsu_decided,9,普通交付税 当初決定額,2025-04-01,2026-03-31,2025-07-29,0,当初決定日(算定結果の報道資料の日付),2025-07-29,9817457.0,千円,,,89237.0,0.009173003899994038,横ばい,2024-07-24,2025-07-29,gen-election-shugiin_20241027_smd_09_2;gen-tokko-2024-tokko_dec;gen-tokko-2024-tokko_march;gen-mlit-release-2025;gen-election-sangiin_20250720_smd_09_1,https://www.soumu.go.jp/main_content/001022466.xlsx
09,092061,日光市,futsu_decided,9,普通交付税 当初決定額,2026-04-01,2027-03-31,2026-07-24,0,当初決定日(算定結果の報道資料の日付),2026-07-24,9823044.0,千円,,,5587.0,0.0005690883087137535,横ばい,2025-07-30,2026-07-24,gen-tokko-2025-tokko_dec;gen-election-shugiin_20260208_smd_09_2;gen-cabinet-2026-02-18;gen-position-motegi_toshimitsu-外務大臣-2026-02-18;gen-tokko-2025-tokko_march;gen-mlit-release-2026,https://www.soumu.go.jp/main_content/001083404.xlsx
09,092061,日光市,kofu_total,10,国交省 交付決定額 計(年度合計),2017-04-01,2018-03-31,2018-03-31,1,年度内で最後の交付決定日(交付決定がない年度は年度末)。値は年度合計(変更減額を含む),,582257.0,千円,,,,,未取得,,,,https://www.mlit.go.jp/common/001210869.xlsx
09,092061,日光市,kofu_total,10,国交省 交付決定額 計(年度合計),2018-04-01,2019-03-31,2018-09-03,1,年度内で最後の交付決定日(交付決定がない年度は年度末)。値は年度合計(変更減額を含む),,659773.0,千円,,,77516.0,0.1331302156951312,増加,2018-04-01,2018-09-03,,https://www.mlit.go.jp/common/001260907.xlsx
09,092061,日光市,kofu_total,10,国交省 交付決定額 計(年度合計),2019-04-01,2020-03-31,2020-03-31,1,年度内で最後の交付決定日(交付決定がない年度は年度末)。値は年度合計(変更減額を含む),,681505.0,千円,,,21732.0,0.03293860160994767,横ばい,2018-09-04,2020-03-31,,https://www.mlit.go.jp/common/001316172.xlsx
09,092061,日光市,kofu_total,10,国交省 交付決定額 計(年度合計),2020-04-01,2021-03-31,2021-03-31,1,年度内で最後の交付決定日(交付決定がない年度は年度末)。値は年度合計(変更減額を含む),,629142.0,千円,,,-52363.0,-0.07683435924901505,減少,2020-04-01,2021-03-31,gen-tokko-2020-tokko_dec;gen-tokko-2020-tokko_march;gen-mlit-release-2021,https://www.mlit.go.jp/common/001371589.xlsx
09,092061,日光市,kofu_total,10,国交省 交付決定額 計(年度合計),2021-04-01,2022-03-31,2022-03-18,1,年度内で最後の交付決定日(交付決定がない年度は年度末)。値は年度合計(変更減額を含む),,268677.0,千円,,,-360465.0,-0.5729469658678009,減少,2021-04-01,2022-03-18,gen-election-shugiin_20211031_smd_09_2;gen-tokko-2021-tokko_dec;gen-tokko-2021-tokko_march,https://www.mlit.go.jp/common/001579048.xlsx
09,092061,日光市,kofu_total,10,国交省 交付決定額 計(年度合計),2022-04-01,2023-03-31,2023-01-20,1,年度内で最後の交付決定日(交付決定がない年度は年度末)。値は年度合計(変更減額を含む),,396939.0,千円,,,128262.0,0.4773836242030393,増加,2022-03-19,2023-01-20,gen-mlit-release-2022;gen-election-sangiin_20220710_smd_09_1;gen-tokko-2022-tokko_dec,https://www.mlit.go.jp/common/001426891.xlsx
09,092061,日光市,kofu_total,10,国交省 交付決定額 計(年度合計),2023-04-01,2024-03-31,2024-03-15,1,年度内で最後の交付決定日(交付決定がない年度は年度末)。値は年度合計(変更減額を含む),,307214.0,千円,,,-89725.0,-0.2260422886136157,減少,2023-01-21,2024-03-15,gen-tokko-2022-tokko_march;gen-mlit-release-2023;gen-tokko-2023-tokko_dec,https://www.mlit.go.jp/page/content/001749355.xlsx
09,092061,日光市,kofu_total,10,国交省 交付決定額 計(年度合計),2024-04-01,2025-03-31,2025-03-14,1,年度内で最後の交付決定日(交付決定がない年度は年度末)。値は年度合計(変更減額を含む),,389691.0,千円,,,82477.0,0.26846758285755207,増加,2024-03-16,2025-03-14,gen-tokko-2023-tokko_march;gen-mlit-release-2024;gen-election-shugiin_20241027_smd_09_2;gen-tokko-2024-tokko_dec,https://www.mlit.go.jp/page/content/001889200.xlsx
09,092061,日光市,kofu_total,10,国交省 交付決定額 計(年度合計),2025-04-01,2026-03-31,2026-02-27,1,年度内で最後の交付決定日(交付決定がない年度は年度末)。値は年度合計(変更減額を含む),,433846.0,千円,,,44155.0,0.11330772329871616,増加,2025-03-15,2026-02-27,gen-tokko-2024-tokko_march;gen-mlit-release-2025;gen-election-sangiin_20250720_smd_09_1;gen-tokko-2025-tokko_dec;gen-election-shugiin_20260208_smd_09_2;gen-cabinet-2026-02-18;gen-position-motegi_toshimitsu-外務大臣-2026-02-18,https://www.mlit.go.jp/page/content/001968987.xlsx
09,092061,日光市,kofu_shasoukou,10,国交省 交付決定額 社会資本整備総合交付金,2017-04-01,2018-03-31,2018-03-31,1,年度内で最後の交付決定日(交付決定がない年度は年度末)。値は年度合計(変更減額を含む),,471418.0,千円,,,,,未取得,,,,https://www.mlit.go.jp/common/001306061.xlsx
09,092061,日光市,kofu_shasoukou,10,国交省 交付決定額 社会資本整備総合交付金,2018-04-01,2019-03-31,2018-09-03,1,年度内で最後の交付決定日(交付決定がない年度は年度末)。値は年度合計(変更減額を含む),,453976.0,千円,,,-17442.0,-0.03699901149298499,横ばい,2018-04-01,2018-09-03,,https://www.mlit.go.jp/common/001288716.xlsx
09,092061,日光市,kofu_shasoukou,10,国交省 交付決定額 社会資本整備総合交付金,2019-04-01,2020-03-31,2020-03-31,1,年度内で最後の交付決定日(交付決定がない年度は年度末)。値は年度合計(変更減額を含む),,446135.0,千円,,,-7841.0,-0.0172718381588454,横ばい,2018-09-04,2020-03-31,,https://www.mlit.go.jp/common/001316186.xlsx
09,092061,日光市,kofu_shasoukou,10,国交省 交付決定額 社会資本整備総合交付金,2020-04-01,2021-03-31,2021-03-31,1,年度内で最後の交付決定日(交付決定がない年度は年度末)。値は年度合計(変更減額を含む),,342460.0,千円,,,-103675.0,-0.2323848162551694,減少,2020-04-01,2021-03-31,gen-tokko-2020-tokko_dec;gen-tokko-2020-tokko_march;gen-mlit-release-2021,https://www.mlit.go.jp/common/001371606.xlsx
09,092061,日光市,kofu_shasoukou,10,国交省 交付決定額 社会資本整備総合交付金,2021-04-01,2022-03-31,2022-03-31,1,年度内で最後の交付決定日(交付決定がない年度は年度末)。値は年度合計(変更減額を含む),,135737.0,千円,,,-206723.0,-0.6036413011738597,減少,2021-04-01,2022-03-31,gen-election-shugiin_20211031_smd_09_2;gen-tokko-2021-tokko_dec;gen-tokko-2021-tokko_march;gen-mlit-release-2022,https://www.mlit.go.jp/common/001579064.xlsx
09,092061,日光市,kofu_shasoukou,10,国交省 交付決定額 社会資本整備総合交付金,2022-04-01,2023-03-31,2023-03-31,1,年度内で最後の交付決定日(交付決定がない年度は年度末)。値は年度合計(変更減額を含む),,92285.0,千円,,,-43452.0,-0.32011905375837096,減少,2022-04-01,2023-03-31,gen-election-sangiin_20220710_smd_09_1;gen-tokko-2022-tokko_dec;gen-tokko-2022-tokko_march;gen-mlit-release-2023,https://www.mlit.go.jp/common/001426909.xlsx
09,092061,日光市,kofu_shasoukou,10,国交省 交付決定額 社会資本整備総合交付金,2023-04-01,2024-03-31,2023-08-03,1,年度内で最後の交付決定日(交付決定がない年度は年度末)。値は年度合計(変更減額を含む),,101610.0,千円,,,9325.0,0.10104567372812483,増加,2023-04-01,2023-08-03,,https://www.mlit.go.jp/page/content/001708175.xlsx
09,092061,日光市,kofu_shasoukou,10,国交省 交付決定額 社会資本整備総合交付金,2024-04-01,2025-03-31,2025-01-28,1,年度内で最後の交付決定日(交付決定がない年度は年度末)。値は年度合計(変更減額を含む),,87499.0,千円,,,-14111.0,-0.13887412656234624,減少,2023-08-04,2025-01-28,gen-tokko-2023-tokko_dec;gen-tokko-2023-tokko_march;gen-mlit-release-2024;gen-election-shugiin_20241027_smd_09_2;gen-tokko-2024-tokko_dec,https://www.mlit.go.jp/page/content/001842591.xlsx
09,092061,日光市,kofu_shasoukou,10,国交省 交付決定額 社会資本整備総合交付金,2025-04-01,2026-03-31,2025-12-12,1,年度内で最後の交付決定日(交付決定がない年度は年度末)。値は年度合計(変更減額を含む),,107522.0,千円,,,20023.0,0.2288369009931542,増加,2025-01-29,2025-12-12,gen-tokko-2024-tokko_march;gen-mlit-release-2025;gen-election-sangiin_20250720_smd_09_1,https://www.mlit.go.jp/page/content/001969014.xlsx
09,092061,日光市,kofu_bouan,10,国交省 交付決定額 防災・安全交付金,2017-04-01,2018-03-31,2018-03-31,1,年度内で最後の交付決定日(交付決定がない年度は年度末)。値は年度合計(変更減額を含む),,386188.0,千円,,,,,未取得,,,,https://www.mlit.go.jp/common/001306061.xlsx
09,092061,日光市,kofu_bouan,10,国交省 交付決定額 防災・安全交付金,2018-04-01,2019-03-31,2018-09-03,1,年度内で最後の交付決定日(交付決定がない年度は年度末)。値は年度合計(変更減額を含む),,227628.0,千円,,,-158560.0,-0.41057723181455663,減少,2018-04-01,2018-09-03,,https://www.mlit.go.jp/common/001288716.xlsx
09,092061,日光市,kofu_bouan,10,国交省 交付決定額 防災・安全交付金,2019-04-01,2020-03-31,2020-03-31,1,年度内で最後の交付決定日(交付決定がない年度は年度末)。値は年度合計(変更減額を含む),,270908.0,千円,,,43280.0,0.19013478130985642,増加,2018-09-04,2020-03-31,,https://www.mlit.go.jp/common/001316186.xlsx
09,092061,日光市,kofu_bouan,10,国交省 交付決定額 防災・安全交付金,2020-04-01,2021-03-31,2021-03-31,1,年度内で最後の交付決定日(交付決定がない年度は年度末)。値は年度合計(変更減額を含む),,160430.0,千円,,,-110478.0,-0.40780634015975903,減少,2020-04-01,2021-03-31,gen-tokko-2020-tokko_dec;gen-tokko-2020-tokko_march;gen-mlit-release-2021,https://www.mlit.go.jp/common/001371606.xlsx
09,092061,日光市,kofu_bouan,10,国交省 交付決定額 防災・安全交付金,2021-04-01,2022-03-31,2022-03-31,1,年度内で最後の交付決定日(交付決定がない年度は年度末)。値は年度合計(変更減額を含む),,33799.0,千円,,,-126631.0,-0.7893224459265723,減少,2021-04-01,2022-03-31,gen-election-shugiin_20211031_smd_09_2;gen-tokko-2021-tokko_dec;gen-tokko-2021-tokko_march;gen-mlit-release-2022,https://www.mlit.go.jp/common/001579064.xlsx
09,092061,日光市,kofu_bouan,10,国交省 交付決定額 防災・安全交付金,2022-04-01,2023-03-31,2023-03-31,1,年度内で最後の交付決定日(交付決定がない年度は年度末)。値は年度合計(変更減額を含む),,161349.0,千円,,,127550.0,3.7737802893576733,増加,2022-04-01,2023-03-31,gen-election-sangiin_20220710_smd_09_1;gen-tokko-2022-tokko_dec;gen-tokko-2022-tokko_march;gen-mlit-release-2023,https://www.mlit.go.jp/common/001426909.xlsx
09,092061,日光市,kofu_bouan,10,国交省 交付決定額 防災・安全交付金,2023-04-01,2024-03-31,2023-08-18,1,年度内で最後の交付決定日(交付決定がない年度は年度末)。値は年度合計(変更減額を含む),,147840.0,千円,,,-13509.0,-0.08372534072104568,減少,2023-04-01,2023-08-18,,https://www.mlit.go.jp/page/content/001708175.xlsx
09,092061,日光市,kofu_bouan,10,国交省 交付決定額 防災・安全交付金,2024-04-01,2025-03-31,2025-01-28,1,年度内で最後の交付決定日(交付決定がない年度は年度末)。値は年度合計(変更減額を含む),,152542.0,千円,,,4702.0,0.03180465367965368,横ばい,2023-08-19,2025-01-28,gen-tokko-2023-tokko_dec;gen-tokko-2023-tokko_march;gen-mlit-release-2024;gen-election-shugiin_20241027_smd_09_2;gen-tokko-2024-tokko_dec,https://www.mlit.go.jp/page/content/001842591.xlsx
09,092061,日光市,kofu_bouan,10,国交省 交付決定額 防災・安全交付金,2025-04-01,2026-03-31,2026-02-27,1,年度内で最後の交付決定日(交付決定がない年度は年度末)。値は年度合計(変更減額を含む),,147221.0,千円,,,-5321.0,-0.03488219637870226,横ばい,2025-01-29,2026-02-27,gen-tokko-2024-tokko_march;gen-mlit-release-2025;gen-election-sangiin_20250720_smd_09_1;gen-tokko-2025-tokko_dec;gen-election-shugiin_20260208_smd_09_2;gen-cabinet-2026-02-18;gen-position-motegi_toshimitsu-外務大臣-2026-02-18,https://www.mlit.go.jp/page/content/001969014.xlsx
09,092061,日光市,kofu_road,10,国交省 交付決定額 道路関係の補助,2017-04-01,2018-03-31,2018-03-31,1,年度内で最後の交付決定日(交付決定がない年度は年度末)。値は年度合計(変更減額を含む),,0.0,千円,,,,,未取得,,,,https://www.mlit.go.jp/common/001234557.xlsx
09,092061,日光市,kofu_road,10,国交省 交付決定額 道路関係の補助,2018-04-01,2019-03-31,2019-03-31,1,年度内で最後の交付決定日(交付決定がない年度は年度末)。値は年度合計(変更減額を含む),,0.0,千円,,,0.0,,未取得,2018-04-01,2019-03-31,,https://www.mlit.go.jp/common/001260897.xlsx
09,092061,日光市,kofu_road,10,国交省 交付決定額 道路関係の補助,2019-04-01,2020-03-31,2020-03-31,1,年度内で最後の交付決定日(交付決定がない年度は年度末)。値は年度合計(変更減額を含む),,0.0,千円,,,0.0,,未取得,2019-04-01,2020-03-31,,https://www.mlit.go.jp/common/001316175.xlsx
09,092061,日光市,kofu_road,10,国交省 交付決定額 道路関係の補助,2020-04-01,2021-03-31,2021-03-31,1,年度内で最後の交付決定日(交付決定がない年度は年度末)。値は年度合計(変更減額を含む),,127050.0,千円,,,127050.0,,未取得,2020-04-01,2021-03-31,gen-tokko-2020-tokko_dec;gen-tokko-2020-tokko_march;gen-mlit-release-2021,https://www.mlit.go.jp/common/001371629.xlsx
09,092061,日光市,kofu_road,10,国交省 交付決定額 道路関係の補助,2021-04-01,2022-03-31,2022-03-18,1,年度内で最後の交付決定日(交付決定がない年度は年度末)。値は年度合計(変更減額を含む),,82236.0,千円,,,-44814.0,-0.3527272727272727,減少,2021-04-01,2022-03-18,gen-election-shugiin_20211031_smd_09_2;gen-tokko-2021-tokko_dec;gen-tokko-2021-tokko_march,https://www.mlit.go.jp/common/001579051.xlsx
09,092061,日光市,kofu_road,10,国交省 交付決定額 道路関係の補助,2022-04-01,2023-03-31,2023-01-20,1,年度内で最後の交付決定日(交付決定がない年度は年度末)。値は年度合計(変更減額を含む),,95155.0,千円,,,12919.0,0.15709664866968237,増加,2022-03-19,2023-01-20,gen-mlit-release-2022;gen-election-sangiin_20220710_smd_09_1;gen-tokko-2022-tokko_dec,https://www.mlit.go.jp/common/001426897.xlsx
09,092061,日光市,kofu_road,10,国交省 交付決定額 道路関係の補助,2023-04-01,2024-03-31,2024-03-15,1,年度内で最後の交付決定日(交付決定がない年度は年度末)。値は年度合計(変更減額を含む),,51356.999999999985,千円,,,-43798.000000000015,-0.4602805948189797,減少,2023-01-21,2024-03-15,gen-tokko-2022-tokko_march;gen-mlit-release-2023;gen-tokko-2023-tokko_dec,https://www.mlit.go.jp/page/content/001708164.xlsx
09,092061,日光市,kofu_road,10,国交省 交付決定額 道路関係の補助,2024-04-01,2025-03-31,2025-02-07,1,年度内で最後の交付決定日(交付決定がない年度は年度末)。値は年度合計(変更減額を含む),,128149.99999999997,千円,,,76792.99999999999,1.4952781509823394,増加,2024-03-16,2025-02-07,gen-tokko-2023-tokko_march;gen-mlit-release-2024;gen-election-shugiin_20241027_smd_09_2;gen-tokko-2024-tokko_dec,https://www.mlit.go.jp/page/content/001889202.xlsx
09,092061,日光市,kofu_road,10,国交省 交付決定額 道路関係の補助,2025-04-01,2026-03-31,2025-10-03,1,年度内で最後の交付決定日(交付決定がない年度は年度末)。値は年度合計(変更減額を含む),,174603.0,千円,,,46453.00000000003,0.3624892703862664,増加,2025-02-08,2025-10-03,gen-tokko-2024-tokko_march;gen-mlit-release-2025;gen-election-sangiin_20250720_smd_09_1,https://www.mlit.go.jp/page/content/001969000.xlsx
09,092088,小山市,card_kokko,1,国庫支出金(決算),2020-04-01,2021-03-31,2021-03-31,0,決算(年度末),,29072594.0,千円,,,,,未取得,,,,https://www.soumu.go.jp/main_content/000804135.xlsx
09,092088,小山市,card_kokko,1,国庫支出金(決算),2021-04-01,2022-03-31,2022-03-31,0,決算(年度末),,16895549.0,千円,,,-12177045.0,-0.4188496217434193,減少,2021-04-01,2022-03-31,gen-election-shugiin_20211031_smd_09_4;gen-tokko-2021-tokko_dec;gen-tokko-2021-tokko_march;gen-mlit-release-2022,https://www.soumu.go.jp/main_content/000873399.xlsx
09,092088,小山市,card_kokko,1,国庫支出金(決算),2022-04-01,2023-03-31,2023-03-31,0,決算(年度末),,14010033.0,千円,,,-2885516.0,-0.17078557198703634,減少,2022-04-01,2023-03-31,gen-election-sangiin_20220710_smd_09_1;gen-tokko-2022-tokko_dec;gen-tokko-2022-tokko_march;gen-mlit-release-2023,https://www.soumu.go.jp/main_content/000937050.xlsx
09,092088,小山市,card_kokko,1,国庫支出金(決算),2023-04-01,2024-03-31,2024-03-31,0,決算(年度末),,13301372.0,千円,,,-708661.0,-0.05058239334625407,減少,2023-04-01,2024-03-31,gen-tokko-2023-tokko_dec;gen-tokko-2023-tokko_march,https://www.soumu.go.jp/main_content/000998938.xlsx
09,092088,小山市,card_kokko,1,国庫支出金(決算),2024-04-01,2025-03-31,2025-03-31,0,決算(年度末),,13366297.0,千円,,,64925.0,0.0048810754259034335,横ばい,2024-04-01,2025-03-31,gen-mlit-release-2024;gen-election-shugiin_20241027_smd_09_4;gen-tokko-2024-tokko_dec;gen-tokko-2024-tokko_march,https://www.soumu.go.jp/main_content/001063963.xlsx
09,092088,小山市,card_pref,2,県支出金(決算),2020-04-01,2021-03-31,2021-03-31,0,決算(年度末),,4588035.0,千円,,,,,未取得,,,,https://www.soumu.go.jp/main_content/000804135.xlsx
09,092088,小山市,card_pref,2,県支出金(決算),2021-04-01,2022-03-31,2022-03-31,0,決算(年度末),,4931488.0,千円,,,343453.0,0.07485840888310573,増加,2021-04-01,2022-03-31,gen-election-shugiin_20211031_smd_09_4;gen-tokko-2021-tokko_dec;gen-tokko-2021-tokko_march;gen-mlit-release-2022,https://www.soumu.go.jp/main_content/000873399.xlsx
09,092088,小山市,card_pref,2,県支出金(決算),2022-04-01,2023-03-31,2023-03-31,0,決算(年度末),,5541655.0,千円,,,610167.0,0.12372878125223057,増加,2022-04-01,2023-03-31,gen-election-sangiin_20220710_smd_09_1;gen-tokko-2022-tokko_dec;gen-tokko-2022-tokko_march;gen-mlit-release-2023,https://www.soumu.go.jp/main_content/000937050.xlsx
09,092088,小山市,card_pref,2,県支出金(決算),2023-04-01,2024-03-31,2024-03-31,0,決算(年度末),,5565201.0,千円,,,23546.0,0.00424891120071531,横ばい,2023-04-01,2024-03-31,gen-tokko-2023-tokko_dec;gen-tokko-2023-tokko_march,https://www.soumu.go.jp/main_content/000998938.xlsx
09,092088,小山市,card_pref,2,県支出金(決算),2024-04-01,2025-03-31,2025-03-31,0,決算(年度末),,5773554.0,千円,,,208353.0,0.037438539955699714,横ばい,2024-04-01,2025-03-31,gen-mlit-release-2024;gen-election-shugiin_20241027_smd_09_4;gen-tokko-2024-tokko_dec;gen-tokko-2024-tokko_march,https://www.soumu.go.jp/main_content/001063963.xlsx
09,092088,小山市,tokko_dec,3a,特別交付税 12月分,2020-04-01,2021-03-31,2020-12-08,0,交付決定日(報道発表),2020-12-08,100656.0,千円,,,,,未取得,,,,https://www.soumu.go.jp/main_content/000721607.pdf
09,092088,小山市,tokko_dec,3a,特別交付税 12月分,2021-04-01,2022-03-31,2021-12-03,0,交付決定日(報道発表),2021-12-03,88728.0,千円,,,-11928.0,-0.11850262279446828,減少,2020-12-09,2021-12-03,gen-tokko-2020-tokko_march;gen-mlit-release-2021;gen-election-shugiin_20211031_smd_09_4;gen-tokko-2021-tokko_dec,https://www.soumu.go.jp/main_content/000780948.pdf
09,092088,小山市,tokko_dec,3a,特別交付税 12月分,2022-04-01,2023-03-31,2022-12-13,0,交付決定日(報道発表),2022-12-13,85257.0,千円,,,-3471.0,-0.03911955639707871,横ばい,2021-12-04,2022-12-13,gen-tokko-2021-tokko_march;gen-mlit-release-2022;gen-election-sangiin_20220710_smd_09_1;gen-tokko-2022-tokko_dec,https://www.soumu.go.jp/main_content/000850537.pdf
09,092088,小山市,tokko_dec,3a,特別交付税 12月分,2023-04-01,2024-03-31,2023-12-12,0,交付決定日(報道発表),2023-12-12,63469.0,千円,,,-21788.0,-0.2555567284797729,減少,2022-12-14,2023-12-12,gen-tokko-2022-tokko_march;gen-mlit-release-2023;gen-tokko-2023-tokko_dec,https://www.soumu.go.jp/main_content/000916643.pdf
09,092088,小山市,tokko_dec,3a,特別交付税 12月分,2024-04-01,2025-03-31,2024-12-20,0,交付決定日(報道発表),2024-12-20,75656.0,千円,,,12187.0,0.1920149994485497,増加,2023-12-13,2024-12-20,gen-tokko-2023-tokko_march;gen-mlit-release-2024;gen-election-shugiin_20241027_smd_09_4;gen-tokko-2024-tokko_dec,https://www.soumu.go.jp/main_content/000983129.pdf
09,092088,小山市,tokko_dec,3a,特別交付税 12月分,2025-04-01,2026-03-31,2025-12-19,0,交付決定日(報道発表),2025-12-19,81635.0,千円,,,5979.0,0.07902876176377287,増加,2024-12-21,2025-12-19,gen-tokko-2024-tokko_march;gen-mlit-release-2025;gen-election-sangiin_20250720_smd_09_1;gen-tokko-2025-tokko_dec,https://www.soumu.go.jp/main_content/001046667.pdf
09,092088,小山市,tokko_march,3b,特別交付税 3月分,2020-04-01,2021-03-31,2021-03-19,0,交付決定日(報道発表),2021-03-19,375585.0,千円,,,,,未取得,,,,https://www.soumu.go.jp/main_content/000738961.pdf
09,092088,小山市,tokko_march,3b,特別交付税 3月分,2021-04-01,2022-03-31,2022-03-18,0,交付決定日(報道発表),2022-03-18,389079.0,千円,,,13494.0,0.035927952394264946,横ばい,2021-03-20,2022-03-18,gen-mlit-release-2021;gen-election-shugiin_20211031_smd_09_4;gen-tokko-2021-tokko_dec;gen-tokko-2021-tokko_march,https://www.soumu.go.jp/main_content/000799619.pdf
09,092088,小山市,tokko_march,3b,特別交付税 3月分,2022-04-01,2023-03-31,2023-03-22,0,交付決定日(報道発表),2023-03-22,404160.0,千円,,,15081.0,0.0387607658084862,横ばい,2022-03-19,2023-03-22,gen-mlit-release-2022;gen-election-sangiin_20220710_smd_09_1;gen-tokko-2022-tokko_dec;gen-tokko-2022-tokko_march,https://www.soumu.go.jp/main_content/000869990.pdf
09,092088,小山市,tokko_march,3b,特別交付税 3月分,2023-04-01,2024-03-31,2024-03-22,0,交付決定日(報道発表),2024-03-22,406964.0,千円,,,2804.0,0.00693784639746635,横ばい,2023-03-23,2024-03-22,gen-mlit-release-2023;gen-tokko-2023-tokko_dec;gen-tokko-2023-tokko_march,https://www.soumu.go.jp/main_content/000997045.pdf
09,092088,小山市,tokko_march,3b,特別交付税 3月分,2024-04-01,2025-03-31,2025-03-21,0,交付決定日(報道発表),2025-03-21,399337.0,千円,,,-7627.0,-0.018741215439203467,横ばい,2024-03-23,2025-03-21,gen-mlit-release-2024;gen-election-shugiin_20241027_smd_09_4;gen-tokko-2024-tokko_dec;gen-tokko-2024-tokko_march,https://www.soumu.go.jp/main_content/000998441.pdf
09,092088,小山市,tokko_march,3b,特別交付税 3月分,2025-04-01,2026-03-31,2026-03-17,0,交付決定日(報道発表),2026-03-17,410077.0,千円,,,10740.0,0.026894577762641578,横ばい,2025-03-22,2026-03-17,gen-mlit-release-2025;gen-election-sangiin_20250720_smd_09_1;gen-tokko-2025-tokko_dec;gen-election-shugiin_20260208_smd_09_4;gen-cabinet-2026-02-18;gen-position-motegi_toshimitsu-外務大臣-2026-02-18;gen-tokko-2025-tokko_march,https://www.soumu.go.jp/main_content/001061260.pdf
09,092088,小山市,mlit_sole_grants,4,社総交・防安交 単独策定主体の国費,2021-04-01,2022-03-31,2021-03-30,1,当初配分の報道発表日を代用(交付決定日は未公表),2021-03-30,412330.0,千円,2,,,,未取得,,,,https://www.mlit.go.jp/common/001396522.pdf
09,092088,小山市,mlit_sole_grants,4,社総交・防安交 単独策定主体の国費,2022-04-01,2023-03-31,2022-03-25,1,当初配分の報道発表日を代用(交付決定日は未公表),2022-03-25,659426.0,千円,2,,247096.0,0.5992675769407998,増加,2021-03-31,2022-03-25,gen-election-shugiin_20211031_smd_09_4;gen-tokko-2021-tokko_dec;gen-tokko-2021-tokko_march;gen-mlit-release-2022,https://www.mlit.go.jp/page/content/001472731.pdf
09,092088,小山市,mlit_sole_grants,4,社総交・防安交 単独策定主体の国費,2023-04-01,2024-03-31,2023-03-31,1,当初配分の報道発表日を代用(交付決定日は未公表),2023-03-31,730900.0,千円,2,,71474.0,0.10838820428675848,増加,2022-03-26,2023-03-31,gen-election-sangiin_20220710_smd_09_1;gen-tokko-2022-tokko_dec;gen-tokko-2022-tokko_march;gen-mlit-release-2023,https://www.mlit.go.jp/page/content/001596924.pdf
09,092088,小山市,mlit_sole_grants,4,社総交・防安交 単独策定主体の国費,2024-04-01,2025-03-31,2024-04-01,1,当初配分の報道発表日を代用(交付決定日は未公表),2024-04-01,178715.0,千円,3,,-552185.0,-0.7554863866466001,減少,2023-04-01,2024-04-01,gen-tokko-2023-tokko_dec;gen-tokko-2023-tokko_march;gen-mlit-release-2024,https://www.mlit.go.jp/page/content/001735005.pdf
09,092088,小山市,mlit_sole_grants,4,社総交・防安交 単独策定主体の国費,2025-04-01,2026-03-31,2025-04-01,1,当初配分の報道発表日を代用(交付決定日は未公表),2025-04-01,274460.0,千円,5,,95745.0,0.5357412640237249,増加,2024-04-02,2025-04-01,gen-election-shugiin_20241027_smd_09_4;gen-tokko-2024-tokko_dec;gen-tokko-2024-tokko_march;gen-mlit-release-2025,https://www.mlit.go.jp/page/content/001879738.pdf
09,092088,小山市,mlit_sole_grants,4,社総交・防安交 単独策定主体の国費,2026-04-01,2027-03-31,2026-04-07,1,当初配分の報道発表日を代用(交付決定日は未公表),2026-04-07,801342.0,千円,5,,526882.0,1.9197041463236901,増加,2025-04-02,2026-04-07,gen-election-sangiin_20250720_smd_09_1;gen-tokko-2025-tokko_dec;gen-election-shugiin_20260208_smd_09_4;gen-cabinet-2026-02-18;gen-position-motegi_toshimitsu-外務大臣-2026-02-18;gen-tokko-2025-tokko_march;gen-mlit-release-2026,https://www.mlit.go.jp/page/content/001994561.pdf
09,092088,小山市,mlit_road,5,道路局箇所表 事業主体=当該市町の国費,2021-04-01,2022-03-31,2021-03-30,1,当初配分の報道発表日を代用(交付決定日は未公表),2021-03-30,49000.0,千円,1,,,,未取得,,,,https://www.mlit.go.jp/common/001396522.pdf
09,092088,小山市,mlit_road,5,道路局箇所表 事業主体=当該市町の国費,2022-04-01,2023-03-31,2022-03-25,1,当初配分の報道発表日を代用(交付決定日は未公表),2022-03-25,35000.0,千円,1,,-14000.0,-0.2857142857142857,減少,2021-03-31,2022-03-25,gen-election-shugiin_20211031_smd_09_4;gen-tokko-2021-tokko_dec;gen-tokko-2021-tokko_march;gen-mlit-release-2022,https://www.mlit.go.jp/page/content/001472731.pdf
09,092088,小山市,mlit_road,5,道路局箇所表 事業主体=当該市町の国費,2023-04-01,2024-03-31,2023-03-31,1,当初配分の報道発表日を代用(交付決定日は未公表),2023-03-31,86000.0,千円,2,,51000.0,1.457142857142857,増加,2022-03-26,2023-03-31,gen-election-sangiin_20220710_smd_09_1;gen-tokko-2022-tokko_dec;gen-tokko-2022-tokko_march;gen-mlit-release-2023,https://www.mlit.go.jp/page/content/001596924.pdf
09,092088,小山市,mlit_road,5,道路局箇所表 事業主体=当該市町の国費,2024-04-01,2025-03-31,2024-04-01,1,当初配分の報道発表日を代用(交付決定日は未公表),2024-04-01,0.0,千円,0,,-86000.0,-1.0,減少,2023-04-01,2024-04-01,gen-tokko-2023-tokko_dec;gen-tokko-2023-tokko_march;gen-mlit-release-2024,https://www.mlit.go.jp/page/content/001735005.pdf
09,092088,小山市,mlit_road,5,道路局箇所表 事業主体=当該市町の国費,2025-04-01,2026-03-31,2025-04-01,1,当初配分の報道発表日を代用(交付決定日は未公表),2025-04-01,0.0,千円,0,,0.0,,未取得,2024-04-02,2025-04-01,gen-election-shugiin_20241027_smd_09_4;gen-tokko-2024-tokko_dec;gen-tokko-2024-tokko_march;gen-mlit-release-2025,https://www.mlit.go.jp/page/content/001879738.pdf
09,092088,小山市,mlit_road,5,道路局箇所表 事業主体=当該市町の国費,2026-04-01,2027-03-31,2026-04-07,1,当初配分の報道発表日を代用(交付決定日は未公表),2026-04-07,0.0,千円,0,,0.0,,未取得,2025-04-02,2026-04-07,gen-election-sangiin_20250720_smd_09_1;gen-tokko-2025-tokko_dec;gen-election-shugiin_20260208_smd_09_4;gen-cabinet-2026-02-18;gen-position-motegi_toshimitsu-外務大臣-2026-02-18;gen-tokko-2025-tokko_march;gen-mlit-release-2026,https://www.mlit.go.jp/page/content/001994561.pdf
09,092088,小山市,e_kokko,6,国庫支出金 計(決算、地方財政状況調査),2020-04-01,2021-03-31,2021-03-31,0,決算(年度末),,29072594.0,千円,,,,,未取得,,,,https://www.e-stat.go.jp/stat-search/file-download?statInfId=000032188698&fileKind=1
09,092088,小山市,e_kokko,6,国庫支出金 計(決算、地方財政状況調査),2021-04-01,2022-03-31,2022-03-31,0,決算(年度末),,16895549.0,千円,,,-12177045.0,-0.4188496217434193,減少,2021-04-01,2022-03-31,gen-election-shugiin_20211031_smd_09_4;gen-tokko-2021-tokko_dec;gen-tokko-2021-tokko_march;gen-mlit-release-2022,https://www.e-stat.go.jp/stat-search/file-download?statInfId=000040044921&fileKind=1
09,092088,小山市,e_kokko,6,国庫支出金 計(決算、地方財政状況調査),2022-04-01,2023-03-31,2023-03-31,0,決算(年度末),,14010033.0,千円,,,-2885516.0,-0.17078557198703634,減少,2022-04-01,2023-03-31,gen-election-sangiin_20220710_smd_09_1;gen-tokko-2022-tokko_dec;gen-tokko-2022-tokko_march;gen-mlit-release-2023,https://www.e-stat.go.jp/stat-search/file-download?statInfId=000040171702&fileKind=1
09,092088,小山市,e_kokko,6,国庫支出金 計(決算、地方財政状況調査),2023-04-01,2024-03-31,2024-03-31,0,決算(年度末),,13301372.0,千円,,,-708661.0,-0.05058239334625407,減少,2023-04-01,2024-03-31,gen-tokko-2023-tokko_dec;gen-tokko-2023-tokko_march,https://www.e-stat.go.jp/stat-search/file-download?statInfId=000040231591&fileKind=1
09,092088,小山市,e_kokko,6,国庫支出金 計(決算、地方財政状況調査),2024-04-01,2025-03-31,2025-03-31,0,決算(年度末),,13366297.0,千円,,,64925.0,0.0048810754259034335,横ばい,2024-04-01,2025-03-31,gen-mlit-release-2024;gen-election-shugiin_20241027_smd_09_4;gen-tokko-2024-tokko_dec;gen-tokko-2024-tokko_march,https://www.e-stat.go.jp/stat-search/file-download?statInfId=000040375638&fileKind=1
09,092088,小山市,e_kokko_futsuken,6,国庫支出金のうち普通建設事業費支出金(決算),2020-04-01,2021-03-31,2021-03-31,0,決算(年度末),,959081.0,千円,,,,,未取得,,,,https://www.e-stat.go.jp/stat-search/file-download?statInfId=000032188698&fileKind=1
09,092088,小山市,e_kokko_futsuken,6,国庫支出金のうち普通建設事業費支出金(決算),2021-04-01,2022-03-31,2022-03-31,0,決算(年度末),,2025225.0,千円,,,1066144.0,1.1116308215885833,増加,2021-04-01,2022-03-31,gen-election-shugiin_20211031_smd_09_4;gen-tokko-2021-tokko_dec;gen-tokko-2021-tokko_march;gen-mlit-release-2022,https://www.e-stat.go.jp/stat-search/file-download?statInfId=000040044921&fileKind=1
09,092088,小山市,e_kokko_futsuken,6,国庫支出金のうち普通建設事業費支出金(決算),2022-04-01,2023-03-31,2023-03-31,0,決算(年度末),,428679.0,千円,,,-1596546.0,-0.7883301855349406,減少,2022-04-01,2023-03-31,gen-election-sangiin_20220710_smd_09_1;gen-tokko-2022-tokko_dec;gen-tokko-2022-tokko_march;gen-mlit-release-2023,https://www.e-stat.go.jp/stat-search/file-download?statInfId=000040171702&fileKind=1
09,092088,小山市,e_kokko_futsuken,6,国庫支出金のうち普通建設事業費支出金(決算),2023-04-01,2024-03-31,2024-03-31,0,決算(年度末),,709188.0,千円,,,280509.0,0.65435675645413,増加,2023-04-01,2024-03-31,gen-tokko-2023-tokko_dec;gen-tokko-2023-tokko_march,https://www.e-stat.go.jp/stat-search/file-download?statInfId=000040231591&fileKind=1
09,092088,小山市,e_kokko_futsuken,6,国庫支出金のうち普通建設事業費支出金(決算),2024-04-01,2025-03-31,2025-03-31,0,決算(年度末),,657399.0,千円,,,-51789.0,-0.07302577031760267,減少,2024-04-01,2025-03-31,gen-mlit-release-2024;gen-election-shugiin_20241027_smd_09_4;gen-tokko-2024-tokko_dec;gen-tokko-2024-tokko_march,https://www.e-stat.go.jp/stat-search/file-download?statInfId=000040375638&fileKind=1
09,092088,小山市,e_kokko_saigai,6,国庫支出金のうち災害復旧事業費支出金(決算),2020-04-01,2021-03-31,2021-03-31,0,決算(年度末),,164596.0,千円,,,,,未取得,,,,https://www.e-stat.go.jp/stat-search/file-download?statInfId=000032188698&fileKind=1
09,092088,小山市,e_kokko_saigai,6,国庫支出金のうち災害復旧事業費支出金(決算),2021-04-01,2022-03-31,2022-03-31,0,決算(年度末),,0.0,千円,,,-164596.0,-1.0,減少,2021-04-01,2022-03-31,gen-election-shugiin_20211031_smd_09_4;gen-tokko-2021-tokko_dec;gen-tokko-2021-tokko_march;gen-mlit-release-2022,https://www.e-stat.go.jp/stat-search/file-download?statInfId=000040044921&fileKind=1
09,092088,小山市,e_kokko_saigai,6,国庫支出金のうち災害復旧事業費支出金(決算),2022-04-01,2023-03-31,2023-03-31,0,決算(年度末),,0.0,千円,,,0.0,,未取得,2022-04-01,2023-03-31,gen-election-sangiin_20220710_smd_09_1;gen-tokko-2022-tokko_dec;gen-tokko-2022-tokko_march;gen-mlit-release-2023,https://www.e-stat.go.jp/stat-search/file-download?statInfId=000040171702&fileKind=1
09,092088,小山市,e_kokko_saigai,6,国庫支出金のうち災害復旧事業費支出金(決算),2023-04-01,2024-03-31,2024-03-31,0,決算(年度末),,0.0,千円,,,0.0,,未取得,2023-04-01,2024-03-31,gen-tokko-2023-tokko_dec;gen-tokko-2023-tokko_march,https://www.e-stat.go.jp/stat-search/file-download?statInfId=000040231591&fileKind=1
09,092088,小山市,e_kokko_saigai,6,国庫支出金のうち災害復旧事業費支出金(決算),2024-04-01,2025-03-31,2025-03-31,0,決算(年度末),,0.0,千円,,,0.0,,未取得,2024-04-01,2025-03-31,gen-mlit-release-2024;gen-election-shugiin_20241027_smd_09_4;gen-tokko-2024-tokko_dec;gen-tokko-2024-tokko_march,https://www.e-stat.go.jp/stat-search/file-download?statInfId=000040375638&fileKind=1
09,092088,小山市,e_kokko_shasoukou,6,国庫支出金のうち社会資本整備総合交付金(決算),2020-04-01,2021-03-31,2021-03-31,0,決算(年度末),,1148710.0,千円,,,,,未取得,,,,https://www.e-stat.go.jp/stat-search/file-download?statInfId=000032188698&fileKind=1
09,092088,小山市,e_kokko_shasoukou,6,国庫支出金のうち社会資本整備総合交付金(決算),2021-04-01,2022-03-31,2022-03-31,0,決算(年度末),,608389.0,千円,,,-540321.0,-0.47037198248470025,減少,2021-04-01,2022-03-31,gen-election-shugiin_20211031_smd_09_4;gen-tokko-2021-tokko_dec;gen-tokko-2021-tokko_march;gen-mlit-release-2022,https://www.e-stat.go.jp/stat-search/file-download?statInfId=000040044921&fileKind=1
09,092088,小山市,e_kokko_shasoukou,6,国庫支出金のうち社会資本整備総合交付金(決算),2022-04-01,2023-03-31,2023-03-31,0,決算(年度末),,933154.0,千円,,,324765.0,0.5338114265708288,増加,2022-04-01,2023-03-31,gen-election-sangiin_20220710_smd_09_1;gen-tokko-2022-tokko_dec;gen-tokko-2022-tokko_march;gen-mlit-release-2023,https://www.e-stat.go.jp/stat-search/file-download?statInfId=000040171702&fileKind=1
09,092088,小山市,e_kokko_shasoukou,6,国庫支出金のうち社会資本整備総合交付金(決算),2023-04-01,2024-03-31,2024-03-31,0,決算(年度末),,940570.0,千円,,,7416.0,0.007947241291362412,横ばい,2023-04-01,2024-03-31,gen-tokko-2023-tokko_dec;gen-tokko-2023-tokko_march,https://www.e-stat.go.jp/stat-search/file-download?statInfId=000040231591&fileKind=1
09,092088,小山市,e_kokko_shasoukou,6,国庫支出金のうち社会資本整備総合交付金(決算),2024-04-01,2025-03-31,2025-03-31,0,決算(年度末),,275935.0,千円,,,-664635.0,-0.7066300222205684,減少,2024-04-01,2025-03-31,gen-mlit-release-2024;gen-election-shugiin_20241027_smd_09_4;gen-tokko-2024-tokko_dec;gen-tokko-2024-tokko_march,https://www.e-stat.go.jp/stat-search/file-download?statInfId=000040375638&fileKind=1
09,092088,小山市,e_pref,6,都道府県支出金 計(決算),2020-04-01,2021-03-31,2021-03-31,0,決算(年度末),,4588035.0,千円,,,,,未取得,,,,https://www.e-stat.go.jp/stat-search/file-download?statInfId=000032188698&fileKind=1
09,092088,小山市,e_pref,6,都道府県支出金 計(決算),2021-04-01,2022-03-31,2022-03-31,0,決算(年度末),,4931488.0,千円,,,343453.0,0.07485840888310573,増加,2021-04-01,2022-03-31,gen-election-shugiin_20211031_smd_09_4;gen-tokko-2021-tokko_dec;gen-tokko-2021-tokko_march;gen-mlit-release-2022,https://www.e-stat.go.jp/stat-search/file-download?statInfId=000040044921&fileKind=1
09,092088,小山市,e_pref,6,都道府県支出金 計(決算),2022-04-01,2023-03-31,2023-03-31,0,決算(年度末),,5541655.0,千円,,,610167.0,0.12372878125223057,増加,2022-04-01,2023-03-31,gen-election-sangiin_20220710_smd_09_1;gen-tokko-2022-tokko_dec;gen-tokko-2022-tokko_march;gen-mlit-release-2023,https://www.e-stat.go.jp/stat-search/file-download?statInfId=000040171702&fileKind=1
09,092088,小山市,e_pref,6,都道府県支出金 計(決算),2023-04-01,2024-03-31,2024-03-31,0,決算(年度末),,5565201.0,千円,,,23546.0,0.00424891120071531,横ばい,2023-04-01,2024-03-31,gen-tokko-2023-tokko_dec;gen-tokko-2023-tokko_march,https://www.e-stat.go.jp/stat-search/file-download?statInfId=000040231591&fileKind=1
09,092088,小山市,e_pref,6,都道府県支出金 計(決算),2024-04-01,2025-03-31,2025-03-31,0,決算(年度末),,5773554.0,千円,,,208353.0,0.037438539955699714,横ばい,2024-04-01,2025-03-31,gen-mlit-release-2024;gen-election-shugiin_20241027_smd_09_4;gen-tokko-2024-tokko_dec;gen-tokko-2024-tokko_march,https://www.e-stat.go.jp/stat-search/file-download?statInfId=000040375638&fileKind=1
09,092088,小山市,e_futsu,6,普通交付税(決算),2020-04-01,2021-03-31,2021-03-31,0,決算(年度末),,304887.0,千円,,,,,未取得,,,,https://www.e-stat.go.jp/stat-search/file-download?statInfId=000032188698&fileKind=1
09,092088,小山市,e_futsu,6,普通交付税(決算),2021-04-01,2022-03-31,2022-03-31,0,決算(年度末),,1936250.0,千円,,,1631363.0,5.350713543050376,増加,2021-04-01,2022-03-31,gen-election-shugiin_20211031_smd_09_4;gen-tokko-2021-tokko_dec;gen-tokko-2021-tokko_march;gen-mlit-release-2022,https://www.e-stat.go.jp/stat-search/file-download?statInfId=000040044921&fileKind=1
09,092088,小山市,e_futsu,6,普通交付税(決算),2022-04-01,2023-03-31,2023-03-31,0,決算(年度末),,1658451.0,千円,,,-277799.0,-0.14347269205939317,減少,2022-04-01,2023-03-31,gen-election-sangiin_20220710_smd_09_1;gen-tokko-2022-tokko_dec;gen-tokko-2022-tokko_march;gen-mlit-release-2023,https://www.e-stat.go.jp/stat-search/file-download?statInfId=000040171702&fileKind=1
09,092088,小山市,e_futsu,6,普通交付税(決算),2023-04-01,2024-03-31,2024-03-31,0,決算(年度末),,1474893.0,千円,,,-183558.0,-0.11068038790413465,減少,2023-04-01,2024-03-31,gen-tokko-2023-tokko_dec;gen-tokko-2023-tokko_march,https://www.e-stat.go.jp/stat-search/file-download?statInfId=000040231591&fileKind=1
09,092088,小山市,e_futsu,6,普通交付税(決算),2024-04-01,2025-03-31,2025-03-31,0,決算(年度末),,2146957.0,千円,,,672064.0,0.455669665528279,増加,2024-04-01,2025-03-31,gen-mlit-release-2024;gen-election-shugiin_20241027_smd_09_4;gen-tokko-2024-tokko_dec;gen-tokko-2024-tokko_march,https://www.e-stat.go.jp/stat-search/file-download?statInfId=000040375638&fileKind=1
09,092088,小山市,e_tokko,6,特別交付税(決算),2020-04-01,2021-03-31,2021-03-31,0,決算(年度末),,476241.0,千円,,,,,未取得,,,,https://www.e-stat.go.jp/stat-search/file-download?statInfId=000032188698&fileKind=1
09,092088,小山市,e_tokko,6,特別交付税(決算),2021-04-01,2022-03-31,2022-03-31,0,決算(年度末),,477807.0,千円,,,1566.0,0.0032882511165565334,横ばい,2021-04-01,2022-03-31,gen-election-shugiin_20211031_smd_09_4;gen-tokko-2021-tokko_dec;gen-tokko-2021-tokko_march;gen-mlit-release-2022,https://www.e-stat.go.jp/stat-search/file-download?statInfId=000040044921&fileKind=1
09,092088,小山市,e_tokko,6,特別交付税(決算),2022-04-01,2023-03-31,2023-03-31,0,決算(年度末),,489417.0,千円,,,11610.0,0.02429851383508404,横ばい,2022-04-01,2023-03-31,gen-election-sangiin_20220710_smd_09_1;gen-tokko-2022-tokko_dec;gen-tokko-2022-tokko_march;gen-mlit-release-2023,https://www.e-stat.go.jp/stat-search/file-download?statInfId=000040171702&fileKind=1
09,092088,小山市,e_tokko,6,特別交付税(決算),2023-04-01,2024-03-31,2024-03-31,0,決算(年度末),,470433.0,千円,,,-18984.0,-0.03878900814642728,横ばい,2023-04-01,2024-03-31,gen-tokko-2023-tokko_dec;gen-tokko-2023-tokko_march,https://www.e-stat.go.jp/stat-search/file-download?statInfId=000040231591&fileKind=1
09,092088,小山市,e_tokko,6,特別交付税(決算),2024-04-01,2025-03-31,2025-03-31,0,決算(年度末),,474993.0,千円,,,4560.0,0.009693197543539676,横ばい,2024-04-01,2025-03-31,gen-mlit-release-2024;gen-election-shugiin_20241027_smd_09_4;gen-tokko-2024-tokko_dec;gen-tokko-2024-tokko_march,https://www.e-stat.go.jp/stat-search/file-download?statInfId=000040375638&fileKind=1
09,092088,小山市,e_road_kokko,7,道路橋りょう費に充当した国庫支出金(決算),2020-04-01,2021-03-31,2021-03-31,0,決算(年度末),,497642.0,千円,,,,,未取得,,,,https://www.e-stat.go.jp/stat-search/file-download?statInfId=000032188710&fileKind=1
09,092088,小山市,e_road_kokko,7,道路橋りょう費に充当した国庫支出金(決算),2021-04-01,2022-03-31,2022-03-31,0,決算(年度末),,158205.0,千円,,,-339437.0,-0.6820907399295075,減少,2021-04-01,2022-03-31,gen-election-shugiin_20211031_smd_09_4;gen-tokko-2021-tokko_dec;gen-tokko-2021-tokko_march;gen-mlit-release-2022,https://www.e-stat.go.jp/stat-search/file-download?statInfId=000040044933&fileKind=1
09,092088,小山市,e_road_kokko,7,道路橋りょう費に充当した国庫支出金(決算),2022-04-01,2023-03-31,2023-03-31,0,決算(年度末),,248659.0,千円,,,90454.0,0.5717518409658354,増加,2022-04-01,2023-03-31,gen-election-sangiin_20220710_smd_09_1;gen-tokko-2022-tokko_dec;gen-tokko-2022-tokko_march;gen-mlit-release-2023,https://www.e-stat.go.jp/stat-search/file-download?statInfId=000040171714&fileKind=1
09,092088,小山市,e_road_kokko,7,道路橋りょう費に充当した国庫支出金(決算),2023-04-01,2024-03-31,2024-03-31,0,決算(年度末),,231809.0,千円,,,-16850.0,-0.0677634833245529,減少,2023-04-01,2024-03-31,gen-tokko-2023-tokko_dec;gen-tokko-2023-tokko_march,https://www.e-stat.go.jp/stat-search/file-download?statInfId=000040231603&fileKind=1
09,092088,小山市,e_road_kokko,7,道路橋りょう費に充当した国庫支出金(決算),2024-04-01,2025-03-31,2025-03-31,0,決算(年度末),,102291.0,千円,,,-129518.0,-0.5587272280196196,減少,2024-04-01,2025-03-31,gen-mlit-release-2024;gen-election-shugiin_20241027_smd_09_4;gen-tokko-2024-tokko_dec;gen-tokko-2024-tokko_march,https://www.e-stat.go.jp/stat-search/file-download?statInfId=000040375650&fileKind=1
09,092088,小山市,e_hojo_road_kokko,8,補助事業費(道路・橋りょう)の国庫支出金(決算),2020-04-01,2021-03-31,2021-03-31,0,決算(年度末),,497642.0,千円,,,,,未取得,,,,https://www.e-stat.go.jp/stat-search/file-download?statInfId=000032188732&fileKind=1
09,092088,小山市,e_hojo_road_kokko,8,補助事業費(道路・橋りょう)の国庫支出金(決算),2021-04-01,2022-03-31,2022-03-31,0,決算(年度末),,158205.0,千円,,,-339437.0,-0.6820907399295075,減少,2021-04-01,2022-03-31,gen-election-shugiin_20211031_smd_09_4;gen-tokko-2021-tokko_dec;gen-tokko-2021-tokko_march;gen-mlit-release-2022,https://www.e-stat.go.jp/stat-search/file-download?statInfId=000040044955&fileKind=1
09,092088,小山市,e_hojo_road_kokko,8,補助事業費(道路・橋りょう)の国庫支出金(決算),2022-04-01,2023-03-31,2023-03-31,0,決算(年度末),,248659.0,千円,,,90454.0,0.5717518409658354,増加,2022-04-01,2023-03-31,gen-election-sangiin_20220710_smd_09_1;gen-tokko-2022-tokko_dec;gen-tokko-2022-tokko_march;gen-mlit-release-2023,https://www.e-stat.go.jp/stat-search/file-download?statInfId=000040171736&fileKind=1
09,092088,小山市,e_hojo_road_kokko,8,補助事業費(道路・橋りょう)の国庫支出金(決算),2023-04-01,2024-03-31,2024-03-31,0,決算(年度末),,231809.0,千円,,,-16850.0,-0.0677634833245529,減少,2023-04-01,2024-03-31,gen-tokko-2023-tokko_dec;gen-tokko-2023-tokko_march,https://www.e-stat.go.jp/stat-search/file-download?statInfId=000040231625&fileKind=1
09,092088,小山市,e_hojo_road_kokko,8,補助事業費(道路・橋りょう)の国庫支出金(決算),2024-04-01,2025-03-31,2025-03-31,0,決算(年度末),,102291.0,千円,,,-129518.0,-0.5587272280196196,減少,2024-04-01,2025-03-31,gen-mlit-release-2024;gen-election-shugiin_20241027_smd_09_4;gen-tokko-2024-tokko_dec;gen-tokko-2024-tokko_march,https://www.e-stat.go.jp/stat-search/file-download?statInfId=000040375672&fileKind=1
09,092088,小山市,futsu_decided,9,普通交付税 当初決定額,2021-04-01,2022-03-31,2021-08-03,0,当初決定日(算定結果の報道資料の日付),2021-08-03,1158933.0,千円,,,,,未取得,,,,https://www.soumu.go.jp/main_content/000761570.xlsx
09,092088,小山市,futsu_decided,9,普通交付税 当初決定額,2022-04-01,2023-03-31,2022-07-26,0,当初決定日(算定結果の報道資料の日付),2022-07-26,1425199.0,千円,,,266266.0,0.22975098646772504,増加,2021-08-04,2022-07-26,gen-election-shugiin_20211031_smd_09_4;gen-tokko-2021-tokko_dec;gen-tokko-2021-tokko_march;gen-mlit-release-2022;gen-election-sangiin_20220710_smd_09_1,https://www.soumu.go.jp/main_content/000762090.xlsx
09,092088,小山市,futsu_decided,9,普通交付税 当初決定額,2023-04-01,2024-03-31,2023-07-28,0,当初決定日(算定結果の報道資料の日付),2023-07-28,1202741.0,千円,,,-222458.0,-0.15608907948995193,減少,2022-07-27,2023-07-28,gen-tokko-2022-tokko_dec;gen-tokko-2022-tokko_march;gen-mlit-release-2023,https://www.soumu.go.jp/main_content/000894237.xlsx
09,092088,小山市,futsu_decided,9,普通交付税 当初決定額,2024-04-01,2025-03-31,2024-07-23,0,当初決定日(算定結果の報道資料の日付),2024-07-23,1588013.0,千円,,,385272.0,0.320328316736521,増加,2023-07-29,2024-07-23,gen-tokko-2023-tokko_dec;gen-tokko-2023-tokko_march;gen-mlit-release-2024,https://www.soumu.go.jp/main_content/000958553.xlsx
09,092088,小山市,futsu_decided,9,普通交付税 当初決定額,2025-04-01,2026-03-31,2025-07-29,0,当初決定日(算定結果の報道資料の日付),2025-07-29,1345015.0,千円,,,-242998.0,-0.15302015789543286,減少,2024-07-24,2025-07-29,gen-election-shugiin_20241027_smd_09_4;gen-tokko-2024-tokko_dec;gen-tokko-2024-tokko_march;gen-mlit-release-2025;gen-election-sangiin_20250720_smd_09_1,https://www.soumu.go.jp/main_content/001022466.xlsx
09,092088,小山市,futsu_decided,9,普通交付税 当初決定額,2026-04-01,2027-03-31,2026-07-24,0,当初決定日(算定結果の報道資料の日付),2026-07-24,1068699.0,千円,,,-276316.0,-0.20543711408422954,減少,2025-07-30,2026-07-24,gen-tokko-2025-tokko_dec;gen-election-shugiin_20260208_smd_09_4;gen-cabinet-2026-02-18;gen-position-motegi_toshimitsu-外務大臣-2026-02-18;gen-tokko-2025-tokko_march;gen-mlit-release-2026,https://www.soumu.go.jp/main_content/001083404.xlsx
09,092088,小山市,kofu_total,10,国交省 交付決定額 計(年度合計),2017-04-01,2018-03-31,2018-03-31,1,年度内で最後の交付決定日(交付決定がない年度は年度末)。値は年度合計(変更減額を含む),,1193340.0,千円,,,,,未取得,,,,https://www.mlit.go.jp/common/001210869.xlsx
09,092088,小山市,kofu_total,10,国交省 交付決定額 計(年度合計),2018-04-01,2019-03-31,2018-09-03,1,年度内で最後の交付決定日(交付決定がない年度は年度末)。値は年度合計(変更減額を含む),,1101560.0,千円,,,-91780.0,-0.07691018485930246,減少,2018-04-01,2018-09-03,,https://www.mlit.go.jp/common/001260907.xlsx
09,092088,小山市,kofu_total,10,国交省 交付決定額 計(年度合計),2019-04-01,2020-03-31,2020-02-18,1,年度内で最後の交付決定日(交付決定がない年度は年度末)。値は年度合計(変更減額を含む),,2093385.0,千円,,,991825.0,0.900382185264534,増加,2018-09-04,2020-02-18,,https://www.mlit.go.jp/common/001316172.xlsx
09,092088,小山市,kofu_total,10,国交省 交付決定額 計(年度合計),2020-04-01,2021-03-31,2021-02-05,1,年度内で最後の交付決定日(交付決定がない年度は年度末)。値は年度合計(変更減額を含む),,2424378.0,千円,,,330993.0,0.1581137726696236,増加,2020-02-19,2021-02-05,gen-tokko-2020-tokko_dec,https://www.mlit.go.jp/common/001371589.xlsx
09,092088,小山市,kofu_total,10,国交省 交付決定額 計(年度合計),2021-04-01,2022-03-31,2022-02-09,1,年度内で最後の交付決定日(交付決定がない年度は年度末)。値は年度合計(変更減額を含む),,1880032.0,千円,,,-544346.0,-0.22453016815034618,減少,2021-02-06,2022-02-09,gen-tokko-2020-tokko_march;gen-mlit-release-2021;gen-election-shugiin_20211031_smd_09_4;gen-tokko-2021-tokko_dec,https://www.mlit.go.jp/common/001579048.xlsx
09,092088,小山市,kofu_total,10,国交省 交付決定額 計(年度合計),2022-04-01,2023-03-31,2023-03-07,1,年度内で最後の交付決定日(交付決定がない年度は年度末)。値は年度合計(変更減額を含む),,2758055.0,千円,,,878023.0,0.46702556126704226,増加,2022-02-10,2023-03-07,gen-tokko-2021-tokko_march;gen-mlit-release-2022;gen-election-sangiin_20220710_smd_09_1;gen-tokko-2022-tokko_dec,https://www.mlit.go.jp/common/001426891.xlsx
09,092088,小山市,kofu_total,10,国交省 交付決定額 計(年度合計),2023-04-01,2024-03-31,2024-03-08,1,年度内で最後の交付決定日(交付決定がない年度は年度末)。値は年度合計(変更減額を含む),,2646032.0,千円,,,-112023.0,-0.040616666455164964,横ばい,2023-03-08,2024-03-08,gen-tokko-2022-tokko_march;gen-mlit-release-2023;gen-tokko-2023-tokko_dec,https://www.mlit.go.jp/page/content/001749355.xlsx
09,092088,小山市,kofu_total,10,国交省 交付決定額 計(年度合計),2024-04-01,2025-03-31,2025-03-11,1,年度内で最後の交付決定日(交付決定がない年度は年度末)。値は年度合計(変更減額を含む),,2108218.0,千円,,,-537814.0,-0.20325302188333325,減少,2024-03-09,2025-03-11,gen-tokko-2023-tokko_march;gen-mlit-release-2024;gen-election-shugiin_20241027_smd_09_4;gen-tokko-2024-tokko_dec,https://www.mlit.go.jp/page/content/001889200.xlsx
09,092088,小山市,kofu_total,10,国交省 交付決定額 計(年度合計),2025-04-01,2026-03-31,2026-03-26,1,年度内で最後の交付決定日(交付決定がない年度は年度末)。値は年度合計(変更減額を含む),,2335879.0,千円,,,227661.0,0.10798740927171668,増加,2025-03-12,2026-03-26,gen-tokko-2024-tokko_march;gen-mlit-release-2025;gen-election-sangiin_20250720_smd_09_1;gen-tokko-2025-tokko_dec;gen-election-shugiin_20260208_smd_09_4;gen-cabinet-2026-02-18;gen-position-motegi_toshimitsu-外務大臣-2026-02-18;gen-tokko-2025-tokko_march,https://www.mlit.go.jp/page/content/001968987.xlsx
09,092088,小山市,kofu_shasoukou,10,国交省 交付決定額 社会資本整備総合交付金,2017-04-01,2018-03-31,2018-03-31,1,年度内で最後の交付決定日(交付決定がない年度は年度末)。値は年度合計(変更減額を含む),,1188914.0,千円,,,,,未取得,,,,https://www.mlit.go.jp/common/001306061.xlsx
09,092088,小山市,kofu_shasoukou,10,国交省 交付決定額 社会資本整備総合交付金,2018-04-01,2019-03-31,2018-09-03,1,年度内で最後の交付決定日(交付決定がない年度は年度末)。値は年度合計(変更減額を含む),,1085538.0,千円,,,-103376.0,-0.08694993918820032,減少,2018-04-01,2018-09-03,,https://www.mlit.go.jp/common/001288716.xlsx
09,092088,小山市,kofu_shasoukou,10,国交省 交付決定額 社会資本整備総合交付金,2019-04-01,2020-03-31,2020-03-31,1,年度内で最後の交付決定日(交付決定がない年度は年度末)。値は年度合計(変更減額を含む),,1928388.0,千円,,,842850.0,0.7764352790966322,増加,2018-09-04,2020-03-31,,https://www.mlit.go.jp/common/001316186.xlsx
09,092088,小山市,kofu_shasoukou,10,国交省 交付決定額 社会資本整備総合交付金,2020-04-01,2021-03-31,2021-03-31,1,年度内で最後の交付決定日(交付決定がない年度は年度末)。値は年度合計(変更減額を含む),,2110872.0,千円,,,182484.0,0.09463033372951916,増加,2020-04-01,2021-03-31,gen-tokko-2020-tokko_dec;gen-tokko-2020-tokko_march;gen-mlit-release-2021,https://www.mlit.go.jp/common/001371606.xlsx
09,092088,小山市,kofu_shasoukou,10,国交省 交付決定額 社会資本整備総合交付金,2021-04-01,2022-03-31,2022-03-31,1,年度内で最後の交付決定日(交付決定がない年度は年度末)。値は年度合計(変更減額を含む),,1321254.0,千円,,,-789618.0,-0.37407194751742406,減少,2021-04-01,2022-03-31,gen-election-shugiin_20211031_smd_09_4;gen-tokko-2021-tokko_dec;gen-tokko-2021-tokko_march;gen-mlit-release-2022,https://www.mlit.go.jp/common/001579064.xlsx
09,092088,小山市,kofu_shasoukou,10,国交省 交付決定額 社会資本整備総合交付金,2022-04-01,2023-03-31,2023-03-31,1,年度内で最後の交付決定日(交付決定がない年度は年度末)。値は年度合計(変更減額を含む),,1070192.0,千円,,,-251062.0,-0.19001796777909472,減少,2022-04-01,2023-03-31,gen-election-sangiin_20220710_smd_09_1;gen-tokko-2022-tokko_dec;gen-tokko-2022-tokko_march;gen-mlit-release-2023,https://www.mlit.go.jp/common/001426909.xlsx
09,092088,小山市,kofu_shasoukou,10,国交省 交付決定額 社会資本整備総合交付金,2023-04-01,2024-03-31,2023-06-20,1,年度内で最後の交付決定日(交付決定がない年度は年度末)。値は年度合計(変更減額を含む),,786100.0,千円,,,-284092.0,-0.2654589083080419,減少,2023-04-01,2023-06-20,,https://www.mlit.go.jp/page/content/001708175.xlsx
09,092088,小山市,kofu_shasoukou,10,国交省 交付決定額 社会資本整備総合交付金,2024-04-01,2025-03-31,2025-01-28,1,年度内で最後の交付決定日(交付決定がない年度は年度末)。値は年度合計(変更減額を含む),,428699.0,千円,,,-357401.0,-0.45465080778526906,減少,2023-06-21,2025-01-28,gen-tokko-2023-tokko_dec;gen-tokko-2023-tokko_march;gen-mlit-release-2024;gen-election-shugiin_20241027_smd_09_4;gen-tokko-2024-tokko_dec,https://www.mlit.go.jp/page/content/001842591.xlsx
09,092088,小山市,kofu_shasoukou,10,国交省 交付決定額 社会資本整備総合交付金,2025-04-01,2026-03-31,2026-01-22,1,年度内で最後の交付決定日(交付決定がない年度は年度末)。値は年度合計(変更減額を含む),,580524.0,千円,,,151825.0,0.35415291381598746,増加,2025-01-29,2026-01-22,gen-tokko-2024-tokko_march;gen-mlit-release-2025;gen-election-sangiin_20250720_smd_09_1;gen-tokko-2025-tokko_dec,https://www.mlit.go.jp/page/content/001969014.xlsx
09,092088,小山市,kofu_bouan,10,国交省 交付決定額 防災・安全交付金,2017-04-01,2018-03-31,2018-03-31,1,年度内で最後の交付決定日(交付決定がない年度は年度末)。値は年度合計(変更減額を含む),,428941.0,千円,,,,,未取得,,,,https://www.mlit.go.jp/common/001306061.xlsx
09,092088,小山市,kofu_bouan,10,国交省 交付決定額 防災・安全交付金,2018-04-01,2019-03-31,2018-09-03,1,年度内で最後の交付決定日(交付決定がない年度は年度末)。値は年度合計(変更減額を含む),,693465.0,千円,,,264524.0,0.6166908735700248,増加,2018-04-01,2018-09-03,,https://www.mlit.go.jp/common/001288716.xlsx
09,092088,小山市,kofu_bouan,10,国交省 交付決定額 防災・安全交付金,2019-04-01,2020-03-31,2020-03-31,1,年度内で最後の交付決定日(交付決定がない年度は年度末)。値は年度合計(変更減額を含む),,807049.0,千円,,,113584.0,0.16379197219758748,増加,2018-09-04,2020-03-31,,https://www.mlit.go.jp/common/001316186.xlsx
09,092088,小山市,kofu_bouan,10,国交省 交付決定額 防災・安全交付金,2020-04-01,2021-03-31,2021-03-31,1,年度内で最後の交付決定日(交付決定がない年度は年度末)。値は年度合計(変更減額を含む),,1348522.0,千円,,,541473.0,0.6709295222471002,増加,2020-04-01,2021-03-31,gen-tokko-2020-tokko_dec;gen-tokko-2020-tokko_march;gen-mlit-release-2021,https://www.mlit.go.jp/common/001371606.xlsx
09,092088,小山市,kofu_bouan,10,国交省 交付決定額 防災・安全交付金,2021-04-01,2022-03-31,2022-03-31,1,年度内で最後の交付決定日(交付決定がない年度は年度末)。値は年度合計(変更減額を含む),,497564.0,千円,,,-850958.0,-0.6310301203836497,減少,2021-04-01,2022-03-31,gen-election-shugiin_20211031_smd_09_4;gen-tokko-2021-tokko_dec;gen-tokko-2021-tokko_march;gen-mlit-release-2022,https://www.mlit.go.jp/common/001579064.xlsx
09,092088,小山市,kofu_bouan,10,国交省 交付決定額 防災・安全交付金,2022-04-01,2023-03-31,2023-03-31,1,年度内で最後の交付決定日(交付決定がない年度は年度末)。値は年度合計(変更減額を含む),,531626.0,千円,,,34062.0,0.06845752506210256,増加,2022-04-01,2023-03-31,gen-election-sangiin_20220710_smd_09_1;gen-tokko-2022-tokko_dec;gen-tokko-2022-tokko_march;gen-mlit-release-2023,https://www.mlit.go.jp/common/001426909.xlsx
09,092088,小山市,kofu_bouan,10,国交省 交付決定額 防災・安全交付金,2023-04-01,2024-03-31,2023-08-18,1,年度内で最後の交付決定日(交付決定がない年度は年度末)。値は年度合計(変更減額を含む),,444376.0,千円,,,-87250.0,-0.1641191363853536,減少,2023-04-01,2023-08-18,,https://www.mlit.go.jp/page/content/001708175.xlsx
09,092088,小山市,kofu_bouan,10,国交省 交付決定額 防災・安全交付金,2024-04-01,2025-03-31,2025-03-11,1,年度内で最後の交付決定日(交付決定がない年度は年度末)。値は年度合計(変更減額を含む),,384901.0,千円,,,-59475.0,-0.1338393612616343,減少,2023-08-19,2025-03-11,gen-tokko-2023-tokko_dec;gen-tokko-2023-tokko_march;gen-mlit-release-2024;gen-election-shugiin_20241027_smd_09_4;gen-tokko-2024-tokko_dec,https://www.mlit.go.jp/page/content/001842591.xlsx
09,092088,小山市,kofu_bouan,10,国交省 交付決定額 防災・安全交付金,2025-04-01,2026-03-31,2026-03-26,1,年度内で最後の交付決定日(交付決定がない年度は年度末)。値は年度合計(変更減額を含む),,1052940.0,千円,,,668039.0,1.7356125341321536,増加,2025-03-12,2026-03-26,gen-tokko-2024-tokko_march;gen-mlit-release-2025;gen-election-sangiin_20250720_smd_09_1;gen-tokko-2025-tokko_dec;gen-election-shugiin_20260208_smd_09_4;gen-cabinet-2026-02-18;gen-position-motegi_toshimitsu-外務大臣-2026-02-18;gen-tokko-2025-tokko_march,https://www.mlit.go.jp/page/content/001969014.xlsx
09,092088,小山市,kofu_road,10,国交省 交付決定額 道路関係の補助,2017-04-01,2018-03-31,2018-03-31,1,年度内で最後の交付決定日(交付決定がない年度は年度末)。値は年度合計(変更減額を含む),,0.0,千円,,,,,未取得,,,,https://www.mlit.go.jp/common/001234557.xlsx
09,092088,小山市,kofu_road,10,国交省 交付決定額 道路関係の補助,2018-04-01,2019-03-31,2018-07-25,1,年度内で最後の交付決定日(交付決定がない年度は年度末)。値は年度合計(変更減額を含む),,9800.0,千円,,,9800.0,,未取得,2018-04-01,2018-07-25,,https://www.mlit.go.jp/common/001260897.xlsx
09,092088,小山市,kofu_road,10,国交省 交付決定額 道路関係の補助,2019-04-01,2020-03-31,2020-03-31,1,年度内で最後の交付決定日(交付決定がない年度は年度末)。値は年度合計(変更減額を含む),,21300.0,千円,,,11500.0,1.1734693877551021,増加,2018-07-26,2020-03-31,,https://www.mlit.go.jp/common/001316175.xlsx
09,092088,小山市,kofu_road,10,国交省 交付決定額 道路関係の補助,2020-04-01,2021-03-31,2021-03-31,1,年度内で最後の交付決定日(交付決定がない年度は年度末)。値は年度合計(変更減額を含む),,27500.0,千円,,,6200.0,0.29107981220657275,増加,2020-04-01,2021-03-31,gen-tokko-2020-tokko_dec;gen-tokko-2020-tokko_march;gen-mlit-release-2021,https://www.mlit.go.jp/common/001371629.xlsx
09,092088,小山市,kofu_road,10,国交省 交付決定額 道路関係の補助,2021-04-01,2022-03-31,2021-04-28,1,年度内で最後の交付決定日(交付決定がない年度は年度末)。値は年度合計(変更減額を含む),,26906.0,千円,,,-594.0,-0.0216,横ばい,2021-04-01,2021-04-28,,https://www.mlit.go.jp/common/001579051.xlsx
09,092088,小山市,kofu_road,10,国交省 交付決定額 道路関係の補助,2022-04-01,2023-03-31,2022-05-20,1,年度内で最後の交付決定日(交付決定がない年度は年度末)。値は年度合計(変更減額を含む),,19019.0,千円,,,-7887.0,-0.29313164349959114,減少,2021-04-29,2022-05-20,gen-election-shugiin_20211031_smd_09_4;gen-tokko-2021-tokko_dec;gen-tokko-2021-tokko_march;gen-mlit-release-2022,https://www.mlit.go.jp/common/001426897.xlsx
09,092088,小山市,kofu_road,10,国交省 交付決定額 道路関係の補助,2023-04-01,2024-03-31,2023-04-28,1,年度内で最後の交付決定日(交付決定がない年度は年度末)。値は年度合計(変更減額を含む),,47128.0,千円,,,28109.0,1.477943109522057,増加,2022-05-21,2023-04-28,gen-election-sangiin_20220710_smd_09_1;gen-tokko-2022-tokko_dec;gen-tokko-2022-tokko_march;gen-mlit-release-2023,https://www.mlit.go.jp/page/content/001708164.xlsx
09,092088,小山市,kofu_road,10,国交省 交付決定額 道路関係の補助,2024-04-01,2025-03-31,2025-03-31,1,年度内で最後の交付決定日(交付決定がない年度は年度末)。値は年度合計(変更減額を含む),,0.0,千円,,,-47128.0,-1.0,減少,2023-04-29,2025-03-31,gen-tokko-2023-tokko_dec;gen-tokko-2023-tokko_march;gen-mlit-release-2024;gen-election-shugiin_20241027_smd_09_4;gen-tokko-2024-tokko_dec;gen-tokko-2024-tokko_march,https://www.mlit.go.jp/page/content/001889202.xlsx
09,092088,小山市,kofu_road,10,国交省 交付決定額 道路関係の補助,2025-04-01,2026-03-31,2026-03-31,1,年度内で最後の交付決定日(交付決定がない年度は年度末)。値は年度合計(変更減額を含む),,0.0,千円,,,0.0,,未取得,2025-04-01,2026-03-31,gen-mlit-release-2025;gen-election-sangiin_20250720_smd_09_1;gen-tokko-2025-tokko_dec;gen-election-shugiin_20260208_smd_09_4;gen-cabinet-2026-02-18;gen-position-motegi_toshimitsu-外務大臣-2026-02-18;gen-tokko-2025-tokko_march,https://www.mlit.go.jp/page/content/001969000.xlsx
09,092096,真岡市,card_kokko,1,国庫支出金(決算),2020-04-01,2021-03-31,2021-03-31,0,決算(年度末),,14164447.0,千円,,,,,未取得,,,,https://www.soumu.go.jp/main_content/000804135.xlsx
09,092096,真岡市,card_kokko,1,国庫支出金(決算),2021-04-01,2022-03-31,2022-03-31,0,決算(年度末),,7764832.0,千円,,,-6399615.0,-0.4518083198023897,減少,2021-04-01,2022-03-31,gen-election-shugiin_20211031_smd_09_4;gen-tokko-2021-tokko_dec;gen-tokko-2021-tokko_march;gen-mlit-release-2022,https://www.soumu.go.jp/main_content/000873399.xlsx
09,092096,真岡市,card_kokko,1,国庫支出金(決算),2022-04-01,2023-03-31,2023-03-31,0,決算(年度末),,6771172.0,千円,,,-993660.0,-0.12796928510494496,減少,2022-04-01,2023-03-31,gen-election-sangiin_20220710_smd_09_1;gen-tokko-2022-tokko_dec;gen-tokko-2022-tokko_march;gen-mlit-release-2023,https://www.soumu.go.jp/main_content/000937050.xlsx
09,092096,真岡市,card_kokko,1,国庫支出金(決算),2023-04-01,2024-03-31,2024-03-31,0,決算(年度末),,7673491.0,千円,,,902319.0,0.13325890997895196,増加,2023-04-01,2024-03-31,gen-tokko-2023-tokko_dec;gen-tokko-2023-tokko_march,https://www.soumu.go.jp/main_content/000998938.xlsx
09,092096,真岡市,card_kokko,1,国庫支出金(決算),2024-04-01,2025-03-31,2025-03-31,0,決算(年度末),,7788374.0,千円,,,114883.0,0.014971412620409668,横ばい,2024-04-01,2025-03-31,gen-mlit-release-2024;gen-election-shugiin_20241027_smd_09_4;gen-tokko-2024-tokko_dec;gen-tokko-2024-tokko_march,https://www.soumu.go.jp/main_content/001063963.xlsx
09,092096,真岡市,card_pref,2,県支出金(決算),2020-04-01,2021-03-31,2021-03-31,0,決算(年度末),,2890274.0,千円,,,,,未取得,,,,https://www.soumu.go.jp/main_content/000804135.xlsx
09,092096,真岡市,card_pref,2,県支出金(決算),2021-04-01,2022-03-31,2022-03-31,0,決算(年度末),,2182883.0,千円,,,-707391.0,-0.24474876776388674,減少,2021-04-01,2022-03-31,gen-election-shugiin_20211031_smd_09_4;gen-tokko-2021-tokko_dec;gen-tokko-2021-tokko_march;gen-mlit-release-2022,https://www.soumu.go.jp/main_content/000873399.xlsx
09,092096,真岡市,card_pref,2,県支出金(決算),2022-04-01,2023-03-31,2023-03-31,0,決算(年度末),,2477062.0,千円,,,294179.0,0.13476627011159095,増加,2022-04-01,2023-03-31,gen-election-sangiin_20220710_smd_09_1;gen-tokko-2022-tokko_dec;gen-tokko-2022-tokko_march;gen-mlit-release-2023,https://www.soumu.go.jp/main_content/000937050.xlsx
09,092096,真岡市,card_pref,2,県支出金(決算),2023-04-01,2024-03-31,2024-03-31,0,決算(年度末),,2486092.0,千円,,,9030.0,0.003645447711845727,横ばい,2023-04-01,2024-03-31,gen-tokko-2023-tokko_dec;gen-tokko-2023-tokko_march,https://www.soumu.go.jp/main_content/000998938.xlsx
09,092096,真岡市,card_pref,2,県支出金(決算),2024-04-01,2025-03-31,2025-03-31,0,決算(年度末),,2625691.0,千円,,,139599.0,0.05615198472140211,増加,2024-04-01,2025-03-31,gen-mlit-release-2024;gen-election-shugiin_20241027_smd_09_4;gen-tokko-2024-tokko_dec;gen-tokko-2024-tokko_march,https://www.soumu.go.jp/main_content/001063963.xlsx
09,092096,真岡市,tokko_dec,3a,特別交付税 12月分,2020-04-01,2021-03-31,2020-12-08,0,交付決定日(報道発表),2020-12-08,70617.0,千円,,,,,未取得,,,,https://www.soumu.go.jp/main_content/000721607.pdf
09,092096,真岡市,tokko_dec,3a,特別交付税 12月分,2021-04-01,2022-03-31,2021-12-03,0,交付決定日(報道発表),2021-12-03,90625.0,千円,,,20008.0,0.28333120919891813,増加,2020-12-09,2021-12-03,gen-tokko-2020-tokko_march;gen-mlit-release-2021;gen-election-shugiin_20211031_smd_09_4;gen-tokko-2021-tokko_dec,https://www.soumu.go.jp/main_content/000780948.pdf
09,092096,真岡市,tokko_dec,3a,特別交付税 12月分,2022-04-01,2023-03-31,2022-12-13,0,交付決定日(報道発表),2022-12-13,93190.0,千円,,,2565.0,0.028303448275862068,横ばい,2021-12-04,2022-12-13,gen-tokko-2021-tokko_march;gen-mlit-release-2022;gen-election-sangiin_20220710_smd_09_1;gen-tokko-2022-tokko_dec,https://www.soumu.go.jp/main_content/000850537.pdf
09,092096,真岡市,tokko_dec,3a,特別交付税 12月分,2023-04-01,2024-03-31,2023-12-12,0,交付決定日(報道発表),2023-12-12,93413.0,千円,,,223.0,0.00239296061809207,横ばい,2022-12-14,2023-12-12,gen-tokko-2022-tokko_march;gen-mlit-release-2023;gen-tokko-2023-tokko_dec,https://www.soumu.go.jp/main_content/000916643.pdf
09,092096,真岡市,tokko_dec,3a,特別交付税 12月分,2024-04-01,2025-03-31,2024-12-20,0,交付決定日(報道発表),2024-12-20,97700.0,千円,,,4287.0,0.04589296992923897,横ばい,2023-12-13,2024-12-20,gen-tokko-2023-tokko_march;gen-mlit-release-2024;gen-election-shugiin_20241027_smd_09_4;gen-tokko-2024-tokko_dec,https://www.soumu.go.jp/main_content/000983129.pdf
09,092096,真岡市,tokko_dec,3a,特別交付税 12月分,2025-04-01,2026-03-31,2025-12-19,0,交付決定日(報道発表),2025-12-19,98321.0,千円,,,621.0,0.0063561924257932445,横ばい,2024-12-21,2025-12-19,gen-tokko-2024-tokko_march;gen-mlit-release-2025;gen-election-sangiin_20250720_smd_09_1;gen-tokko-2025-tokko_dec,https://www.soumu.go.jp/main_content/001046667.pdf
09,092096,真岡市,tokko_march,3b,特別交付税 3月分,2020-04-01,2021-03-31,2021-03-19,0,交付決定日(報道発表),2021-03-19,455516.0,千円,,,,,未取得,,,,https://www.soumu.go.jp/main_content/000738961.pdf
09,092096,真岡市,tokko_march,3b,特別交付税 3月分,2021-04-01,2022-03-31,2022-03-18,0,交付決定日(報道発表),2022-03-18,492991.0,千円,,,37475.0,0.08226933850841683,増加,2021-03-20,2022-03-18,gen-mlit-release-2021;gen-election-shugiin_20211031_smd_09_4;gen-tokko-2021-tokko_dec;gen-tokko-2021-tokko_march,https://www.soumu.go.jp/main_content/000799619.pdf
09,092096,真岡市,tokko_march,3b,特別交付税 3月分,2022-04-01,2023-03-31,2023-03-22,0,交付決定日(報道発表),2023-03-22,493978.0,千円,,,987.0,0.0020020649464189003,横ばい,2022-03-19,2023-03-22,gen-mlit-release-2022;gen-election-sangiin_20220710_smd_09_1;gen-tokko-2022-tokko_dec;gen-tokko-2022-tokko_march,https://www.soumu.go.jp/main_content/000869990.pdf
09,092096,真岡市,tokko_march,3b,特別交付税 3月分,2023-04-01,2024-03-31,2024-03-22,0,交付決定日(報道発表),2024-03-22,498802.0,千円,,,4824.0,0.00976561709225917,横ばい,2023-03-23,2024-03-22,gen-mlit-release-2023;gen-tokko-2023-tokko_dec;gen-tokko-2023-tokko_march,https://www.soumu.go.jp/main_content/000997045.pdf
09,092096,真岡市,tokko_march,3b,特別交付税 3月分,2024-04-01,2025-03-31,2025-03-21,0,交付決定日(報道発表),2025-03-21,505295.0,千円,,,6493.0,0.01301718918528795,横ばい,2024-03-23,2025-03-21,gen-mlit-release-2024;gen-election-shugiin_20241027_smd_09_4;gen-tokko-2024-tokko_dec;gen-tokko-2024-tokko_march,https://www.soumu.go.jp/main_content/000998441.pdf
09,092096,真岡市,tokko_march,3b,特別交付税 3月分,2025-04-01,2026-03-31,2026-03-17,0,交付決定日(報道発表),2026-03-17,508764.0,千円,,,3469.0,0.0068652965099595285,横ばい,2025-03-22,2026-03-17,gen-mlit-release-2025;gen-election-sangiin_20250720_smd_09_1;gen-tokko-2025-tokko_dec;gen-election-shugiin_20260208_smd_09_4;gen-cabinet-2026-02-18;gen-position-motegi_toshimitsu-外務大臣-2026-02-18;gen-tokko-2025-tokko_march,https://www.soumu.go.jp/main_content/001061260.pdf
09,092096,真岡市,mlit_sole_grants,4,社総交・防安交 単独策定主体の国費,2021-04-01,2022-03-31,2021-03-30,1,当初配分の報道発表日を代用(交付決定日は未公表),2021-03-30,15000.0,千円,1,,,,未取得,,,,https://www.mlit.go.jp/common/001396522.pdf
09,092096,真岡市,mlit_sole_grants,4,社総交・防安交 単独策定主体の国費,2022-04-01,2023-03-31,2022-03-25,1,当初配分の報道発表日を代用(交付決定日は未公表),2022-03-25,477100.0,千円,1,,462100.0,30.80666666666667,増加,2021-03-31,2022-03-25,gen-election-shugiin_20211031_smd_09_4;gen-tokko-2021-tokko_dec;gen-tokko-2021-tokko_march;gen-mlit-release-2022,https://www.mlit.go.jp/page/content/001472731.pdf
09,092096,真岡市,mlit_sole_grants,4,社総交・防安交 単独策定主体の国費,2023-04-01,2024-03-31,2023-03-31,1,当初配分の報道発表日を代用(交付決定日は未公表),2023-03-31,73800.0,千円,1,,-403300.0,-0.845315447495284,減少,2022-03-26,2023-03-31,gen-election-sangiin_20220710_smd_09_1;gen-tokko-2022-tokko_dec;gen-tokko-2022-tokko_march;gen-mlit-release-2023,https://www.mlit.go.jp/page/content/001596924.pdf
09,092096,真岡市,mlit_sole_grants,4,社総交・防安交 単独策定主体の国費,2024-04-01,2025-03-31,2024-04-01,1,当初配分の報道発表日を代用(交付決定日は未公表),2024-04-01,114000.0,千円,2,,40200.0,0.5447154471544715,増加,2023-04-01,2024-04-01,gen-tokko-2023-tokko_dec;gen-tokko-2023-tokko_march;gen-mlit-release-2024,https://www.mlit.go.jp/page/content/001735005.pdf
09,092096,真岡市,mlit_sole_grants,4,社総交・防安交 単独策定主体の国費,2025-04-01,2026-03-31,2025-04-01,1,当初配分の報道発表日を代用(交付決定日は未公表),2025-04-01,9000.0,千円,1,,-105000.0,-0.9210526315789473,減少,2024-04-02,2025-04-01,gen-election-shugiin_20241027_smd_09_4;gen-tokko-2024-tokko_dec;gen-tokko-2024-tokko_march;gen-mlit-release-2025,https://www.mlit.go.jp/page/content/001879738.pdf
09,092096,真岡市,mlit_sole_grants,4,社総交・防安交 単独策定主体の国費,2026-04-01,2027-03-31,2026-04-07,1,当初配分の報道発表日を代用(交付決定日は未公表),2026-04-07,38590.0,千円,1,,29590.0,3.287777777777778,増加,2025-04-02,2026-04-07,gen-election-sangiin_20250720_smd_09_1;gen-tokko-2025-tokko_dec;gen-election-shugiin_20260208_smd_09_4;gen-cabinet-2026-02-18;gen-position-motegi_toshimitsu-外務大臣-2026-02-18;gen-tokko-2025-tokko_march;gen-mlit-release-2026,https://www.mlit.go.jp/page/content/001994561.pdf
09,092096,真岡市,mlit_road,5,道路局箇所表 事業主体=当該市町の国費,2021-04-01,2022-03-31,2021-03-30,1,当初配分の報道発表日を代用(交付決定日は未公表),2021-03-30,88000.0,千円,1,,,,未取得,,,,https://www.mlit.go.jp/common/001396522.pdf
09,092096,真岡市,mlit_road,5,道路局箇所表 事業主体=当該市町の国費,2022-04-01,2023-03-31,2022-03-25,1,当初配分の報道発表日を代用(交付決定日は未公表),2022-03-25,155000.0,千円,2,,67000.0,0.7613636363636364,増加,2021-03-31,2022-03-25,gen-election-shugiin_20211031_smd_09_4;gen-tokko-2021-tokko_dec;gen-tokko-2021-tokko_march;gen-mlit-release-2022,https://www.mlit.go.jp/page/content/001472731.pdf
09,092096,真岡市,mlit_road,5,道路局箇所表 事業主体=当該市町の国費,2023-04-01,2024-03-31,2023-03-31,1,当初配分の報道発表日を代用(交付決定日は未公表),2023-03-31,210000.0,千円,2,,55000.0,0.3548387096774194,増加,2022-03-26,2023-03-31,gen-election-sangiin_20220710_smd_09_1;gen-tokko-2022-tokko_dec;gen-tokko-2022-tokko_march;gen-mlit-release-2023,https://www.mlit.go.jp/page/content/001596924.pdf
09,092096,真岡市,mlit_road,5,道路局箇所表 事業主体=当該市町の国費,2024-04-01,2025-03-31,2024-04-01,1,当初配分の報道発表日を代用(交付決定日は未公表),2024-04-01,176000.0,千円,2,,-34000.0,-0.1619047619047619,減少,2023-04-01,2024-04-01,gen-tokko-2023-tokko_dec;gen-tokko-2023-tokko_march;gen-mlit-release-2024,https://www.mlit.go.jp/page/content/001735005.pdf
09,092096,真岡市,mlit_road,5,道路局箇所表 事業主体=当該市町の国費,2025-04-01,2026-03-31,2025-04-01,1,当初配分の報道発表日を代用(交付決定日は未公表),2025-04-01,146000.0,千円,2,,-30000.0,-0.17045454545454544,減少,2024-04-02,2025-04-01,gen-election-shugiin_20241027_smd_09_4;gen-tokko-2024-tokko_dec;gen-tokko-2024-tokko_march;gen-mlit-release-2025,https://www.mlit.go.jp/page/content/001879738.pdf
09,092096,真岡市,mlit_road,5,道路局箇所表 事業主体=当該市町の国費,2026-04-01,2027-03-31,2026-04-07,1,当初配分の報道発表日を代用(交付決定日は未公表),2026-04-07,97000.0,千円,2,,-49000.0,-0.3356164383561644,減少,2025-04-02,2026-04-07,gen-election-sangiin_20250720_smd_09_1;gen-tokko-2025-tokko_dec;gen-election-shugiin_20260208_smd_09_4;gen-cabinet-2026-02-18;gen-position-motegi_toshimitsu-外務大臣-2026-02-18;gen-tokko-2025-tokko_march;gen-mlit-release-2026,https://www.mlit.go.jp/page/content/001994561.pdf
09,092096,真岡市,e_kokko,6,国庫支出金 計(決算、地方財政状況調査),2020-04-01,2021-03-31,2021-03-31,0,決算(年度末),,14164447.0,千円,,,,,未取得,,,,https://www.e-stat.go.jp/stat-search/file-download?statInfId=000032188698&fileKind=1
09,092096,真岡市,e_kokko,6,国庫支出金 計(決算、地方財政状況調査),2021-04-01,2022-03-31,2022-03-31,0,決算(年度末),,7764832.0,千円,,,-6399615.0,-0.4518083198023897,減少,2021-04-01,2022-03-31,gen-election-shugiin_20211031_smd_09_4;gen-tokko-2021-tokko_dec;gen-tokko-2021-tokko_march;gen-mlit-release-2022,https://www.e-stat.go.jp/stat-search/file-download?statInfId=000040044921&fileKind=1
09,092096,真岡市,e_kokko,6,国庫支出金 計(決算、地方財政状況調査),2022-04-01,2023-03-31,2023-03-31,0,決算(年度末),,6771172.0,千円,,,-993660.0,-0.12796928510494496,減少,2022-04-01,2023-03-31,gen-election-sangiin_20220710_smd_09_1;gen-tokko-2022-tokko_dec;gen-tokko-2022-tokko_march;gen-mlit-release-2023,https://www.e-stat.go.jp/stat-search/file-download?statInfId=000040171702&fileKind=1
09,092096,真岡市,e_kokko,6,国庫支出金 計(決算、地方財政状況調査),2023-04-01,2024-03-31,2024-03-31,0,決算(年度末),,7673491.0,千円,,,902319.0,0.13325890997895196,増加,2023-04-01,2024-03-31,gen-tokko-2023-tokko_dec;gen-tokko-2023-tokko_march,https://www.e-stat.go.jp/stat-search/file-download?statInfId=000040231591&fileKind=1
09,092096,真岡市,e_kokko,6,国庫支出金 計(決算、地方財政状況調査),2024-04-01,2025-03-31,2025-03-31,0,決算(年度末),,7788374.0,千円,,,114883.0,0.014971412620409668,横ばい,2024-04-01,2025-03-31,gen-mlit-release-2024;gen-election-shugiin_20241027_smd_09_4;gen-tokko-2024-tokko_dec;gen-tokko-2024-tokko_march,https://www.e-stat.go.jp/stat-search/file-download?statInfId=000040375638&fileKind=1
09,092096,真岡市,e_kokko_futsuken,6,国庫支出金のうち普通建設事業費支出金(決算),2020-04-01,2021-03-31,2021-03-31,0,決算(年度末),,401364.0,千円,,,,,未取得,,,,https://www.e-stat.go.jp/stat-search/file-download?statInfId=000032188698&fileKind=1
09,092096,真岡市,e_kokko_futsuken,6,国庫支出金のうち普通建設事業費支出金(決算),2021-04-01,2022-03-31,2022-03-31,0,決算(年度末),,160530.0,千円,,,-240834.0,-0.6000388674619548,減少,2021-04-01,2022-03-31,gen-election-shugiin_20211031_smd_09_4;gen-tokko-2021-tokko_dec;gen-tokko-2021-tokko_march;gen-mlit-release-2022,https://www.e-stat.go.jp/stat-search/file-download?statInfId=000040044921&fileKind=1
09,092096,真岡市,e_kokko_futsuken,6,国庫支出金のうち普通建設事業費支出金(決算),2022-04-01,2023-03-31,2023-03-31,0,決算(年度末),,362813.0,千円,,,202283.0,1.2600946863514608,増加,2022-04-01,2023-03-31,gen-election-sangiin_20220710_smd_09_1;gen-tokko-2022-tokko_dec;gen-tokko-2022-tokko_march;gen-mlit-release-2023,https://www.e-stat.go.jp/stat-search/file-download?statInfId=000040171702&fileKind=1
09,092096,真岡市,e_kokko_futsuken,6,国庫支出金のうち普通建設事業費支出金(決算),2023-04-01,2024-03-31,2024-03-31,0,決算(年度末),,1008065.0,千円,,,645252.0,1.778469900472144,増加,2023-04-01,2024-03-31,gen-tokko-2023-tokko_dec;gen-tokko-2023-tokko_march,https://www.e-stat.go.jp/stat-search/file-download?statInfId=000040231591&fileKind=1
09,092096,真岡市,e_kokko_futsuken,6,国庫支出金のうち普通建設事業費支出金(決算),2024-04-01,2025-03-31,2025-03-31,0,決算(年度末),,998693.0,千円,,,-9372.0,-0.009297019537430623,横ばい,2024-04-01,2025-03-31,gen-mlit-release-2024;gen-election-shugiin_20241027_smd_09_4;gen-tokko-2024-tokko_dec;gen-tokko-2024-tokko_march,https://www.e-stat.go.jp/stat-search/file-download?statInfId=000040375638&fileKind=1
09,092096,真岡市,e_kokko_saigai,6,国庫支出金のうち災害復旧事業費支出金(決算),2020-04-01,2021-03-31,2021-03-31,0,決算(年度末),,0.0,千円,,,,,未取得,,,,https://www.e-stat.go.jp/stat-search/file-download?statInfId=000032188698&fileKind=1
09,092096,真岡市,e_kokko_saigai,6,国庫支出金のうち災害復旧事業費支出金(決算),2021-04-01,2022-03-31,2022-03-31,0,決算(年度末),,0.0,千円,,,0.0,,未取得,2021-04-01,2022-03-31,gen-election-shugiin_20211031_smd_09_4;gen-tokko-2021-tokko_dec;gen-tokko-2021-tokko_march;gen-mlit-release-2022,https://www.e-stat.go.jp/stat-search/file-download?statInfId=000040044921&fileKind=1
09,092096,真岡市,e_kokko_saigai,6,国庫支出金のうち災害復旧事業費支出金(決算),2022-04-01,2023-03-31,2023-03-31,0,決算(年度末),,0.0,千円,,,0.0,,未取得,2022-04-01,2023-03-31,gen-election-sangiin_20220710_smd_09_1;gen-tokko-2022-tokko_dec;gen-tokko-2022-tokko_march;gen-mlit-release-2023,https://www.e-stat.go.jp/stat-search/file-download?statInfId=000040171702&fileKind=1
09,092096,真岡市,e_kokko_saigai,6,国庫支出金のうち災害復旧事業費支出金(決算),2023-04-01,2024-03-31,2024-03-31,0,決算(年度末),,0.0,千円,,,0.0,,未取得,2023-04-01,2024-03-31,gen-tokko-2023-tokko_dec;gen-tokko-2023-tokko_march,https://www.e-stat.go.jp/stat-search/file-download?statInfId=000040231591&fileKind=1
09,092096,真岡市,e_kokko_saigai,6,国庫支出金のうち災害復旧事業費支出金(決算),2024-04-01,2025-03-31,2025-03-31,0,決算(年度末),,0.0,千円,,,0.0,,未取得,2024-04-01,2025-03-31,gen-mlit-release-2024;gen-election-shugiin_20241027_smd_09_4;gen-tokko-2024-tokko_dec;gen-tokko-2024-tokko_march,https://www.e-stat.go.jp/stat-search/file-download?statInfId=000040375638&fileKind=1
09,092096,真岡市,e_kokko_shasoukou,6,国庫支出金のうち社会資本整備総合交付金(決算),2020-04-01,2021-03-31,2021-03-31,0,決算(年度末),,676465.0,千円,,,,,未取得,,,,https://www.e-stat.go.jp/stat-search/file-download?statInfId=000032188698&fileKind=1
09,092096,真岡市,e_kokko_shasoukou,6,国庫支出金のうち社会資本整備総合交付金(決算),2021-04-01,2022-03-31,2022-03-31,0,決算(年度末),,579426.0,千円,,,-97039.0,-0.14345014154464755,減少,2021-04-01,2022-03-31,gen-election-shugiin_20211031_smd_09_4;gen-tokko-2021-tokko_dec;gen-tokko-2021-tokko_march;gen-mlit-release-2022,https://www.e-stat.go.jp/stat-search/file-download?statInfId=000040044921&fileKind=1
09,092096,真岡市,e_kokko_shasoukou,6,国庫支出金のうち社会資本整備総合交付金(決算),2022-04-01,2023-03-31,2023-03-31,0,決算(年度末),,433823.0,千円,,,-145603.0,-0.25128834398180266,減少,2022-04-01,2023-03-31,gen-election-sangiin_20220710_smd_09_1;gen-tokko-2022-tokko_dec;gen-tokko-2022-tokko_march;gen-mlit-release-2023,https://www.e-stat.go.jp/stat-search/file-download?statInfId=000040171702&fileKind=1
09,092096,真岡市,e_kokko_shasoukou,6,国庫支出金のうち社会資本整備総合交付金(決算),2023-04-01,2024-03-31,2024-03-31,0,決算(年度末),,940384.0,千円,,,506561.0,1.1676674588484244,増加,2023-04-01,2024-03-31,gen-tokko-2023-tokko_dec;gen-tokko-2023-tokko_march,https://www.e-stat.go.jp/stat-search/file-download?statInfId=000040231591&fileKind=1
09,092096,真岡市,e_kokko_shasoukou,6,国庫支出金のうち社会資本整備総合交付金(決算),2024-04-01,2025-03-31,2025-03-31,0,決算(年度末),,542715.0,千円,,,-397669.0,-0.4228793769353796,減少,2024-04-01,2025-03-31,gen-mlit-release-2024;gen-election-shugiin_20241027_smd_09_4;gen-tokko-2024-tokko_dec;gen-tokko-2024-tokko_march,https://www.e-stat.go.jp/stat-search/file-download?statInfId=000040375638&fileKind=1
09,092096,真岡市,e_pref,6,都道府県支出金 計(決算),2020-04-01,2021-03-31,2021-03-31,0,決算(年度末),,2890274.0,千円,,,,,未取得,,,,https://www.e-stat.go.jp/stat-search/file-download?statInfId=000032188698&fileKind=1
09,092096,真岡市,e_pref,6,都道府県支出金 計(決算),2021-04-01,2022-03-31,2022-03-31,0,決算(年度末),,2182883.0,千円,,,-707391.0,-0.24474876776388674,減少,2021-04-01,2022-03-31,gen-election-shugiin_20211031_smd_09_4;gen-tokko-2021-tokko_dec;gen-tokko-2021-tokko_march;gen-mlit-release-2022,https://www.e-stat.go.jp/stat-search/file-download?statInfId=000040044921&fileKind=1
09,092096,真岡市,e_pref,6,都道府県支出金 計(決算),2022-04-01,2023-03-31,2023-03-31,0,決算(年度末),,2477062.0,千円,,,294179.0,0.13476627011159095,増加,2022-04-01,2023-03-31,gen-election-sangiin_20220710_smd_09_1;gen-tokko-2022-tokko_dec;gen-tokko-2022-tokko_march;gen-mlit-release-2023,https://www.e-stat.go.jp/stat-search/file-download?statInfId=000040171702&fileKind=1
09,092096,真岡市,e_pref,6,都道府県支出金 計(決算),2023-04-01,2024-03-31,2024-03-31,0,決算(年度末),,2486092.0,千円,,,9030.0,0.003645447711845727,横ばい,2023-04-01,2024-03-31,gen-tokko-2023-tokko_dec;gen-tokko-2023-tokko_march,https://www.e-stat.go.jp/stat-search/file-download?statInfId=000040231591&fileKind=1
09,092096,真岡市,e_pref,6,都道府県支出金 計(決算),2024-04-01,2025-03-31,2025-03-31,0,決算(年度末),,2625691.0,千円,,,139599.0,0.05615198472140211,増加,2024-04-01,2025-03-31,gen-mlit-release-2024;gen-election-shugiin_20241027_smd_09_4;gen-tokko-2024-tokko_dec;gen-tokko-2024-tokko_march,https://www.e-stat.go.jp/stat-search/file-download?statInfId=000040375638&fileKind=1
09,092096,真岡市,e_futsu,6,普通交付税(決算),2020-04-01,2021-03-31,2021-03-31,0,決算(年度末),,2357969.0,千円,,,,,未取得,,,,https://www.e-stat.go.jp/stat-search/file-download?statInfId=000032188698&fileKind=1
09,092096,真岡市,e_futsu,6,普通交付税(決算),2021-04-01,2022-03-31,2022-03-31,0,決算(年度末),,2645083.0,千円,,,287114.0,0.12176326321508044,増加,2021-04-01,2022-03-31,gen-election-shugiin_20211031_smd_09_4;gen-tokko-2021-tokko_dec;gen-tokko-2021-tokko_march;gen-mlit-release-2022,https://www.e-stat.go.jp/stat-search/file-download?statInfId=000040044921&fileKind=1
09,092096,真岡市,e_futsu,6,普通交付税(決算),2022-04-01,2023-03-31,2023-03-31,0,決算(年度末),,2407736.0,千円,,,-237347.0,-0.08973139973301406,減少,2022-04-01,2023-03-31,gen-election-sangiin_20220710_smd_09_1;gen-tokko-2022-tokko_dec;gen-tokko-2022-tokko_march;gen-mlit-release-2023,https://www.e-stat.go.jp/stat-search/file-download?statInfId=000040171702&fileKind=1
09,092096,真岡市,e_futsu,6,普通交付税(決算),2023-04-01,2024-03-31,2024-03-31,0,決算(年度末),,2664587.0,千円,,,256851.0,0.10667739320257702,増加,2023-04-01,2024-03-31,gen-tokko-2023-tokko_dec;gen-tokko-2023-tokko_march,https://www.e-stat.go.jp/stat-search/file-download?statInfId=000040231591&fileKind=1
09,092096,真岡市,e_futsu,6,普通交付税(決算),2024-04-01,2025-03-31,2025-03-31,0,決算(年度末),,3321337.0,千円,,,656750.0,0.24647346849624352,増加,2024-04-01,2025-03-31,gen-mlit-release-2024;gen-election-shugiin_20241027_smd_09_4;gen-tokko-2024-tokko_dec;gen-tokko-2024-tokko_march,https://www.e-stat.go.jp/stat-search/file-download?statInfId=000040375638&fileKind=1
09,092096,真岡市,e_tokko,6,特別交付税(決算),2020-04-01,2021-03-31,2021-03-31,0,決算(年度末),,526133.0,千円,,,,,未取得,,,,https://www.e-stat.go.jp/stat-search/file-download?statInfId=000032188698&fileKind=1
09,092096,真岡市,e_tokko,6,特別交付税(決算),2021-04-01,2022-03-31,2022-03-31,0,決算(年度末),,583616.0,千円,,,57483.0,0.10925564448532976,増加,2021-04-01,2022-03-31,gen-election-shugiin_20211031_smd_09_4;gen-tokko-2021-tokko_dec;gen-tokko-2021-tokko_march;gen-mlit-release-2022,https://www.e-stat.go.jp/stat-search/file-download?statInfId=000040044921&fileKind=1
09,092096,真岡市,e_tokko,6,特別交付税(決算),2022-04-01,2023-03-31,2023-03-31,0,決算(年度末),,587168.0,千円,,,3552.0,0.0060861936615857004,横ばい,2022-04-01,2023-03-31,gen-election-sangiin_20220710_smd_09_1;gen-tokko-2022-tokko_dec;gen-tokko-2022-tokko_march;gen-mlit-release-2023,https://www.e-stat.go.jp/stat-search/file-download?statInfId=000040171702&fileKind=1
09,092096,真岡市,e_tokko,6,特別交付税(決算),2023-04-01,2024-03-31,2024-03-31,0,決算(年度末),,592215.0,千円,,,5047.0,0.00859549566733882,横ばい,2023-04-01,2024-03-31,gen-tokko-2023-tokko_dec;gen-tokko-2023-tokko_march,https://www.e-stat.go.jp/stat-search/file-download?statInfId=000040231591&fileKind=1
09,092096,真岡市,e_tokko,6,特別交付税(決算),2024-04-01,2025-03-31,2025-03-31,0,決算(年度末),,602995.0,千円,,,10780.0,0.018202848627609906,横ばい,2024-04-01,2025-03-31,gen-mlit-release-2024;gen-election-shugiin_20241027_smd_09_4;gen-tokko-2024-tokko_dec;gen-tokko-2024-tokko_march,https://www.e-stat.go.jp/stat-search/file-download?statInfId=000040375638&fileKind=1
09,092096,真岡市,e_road_kokko,7,道路橋りょう費に充当した国庫支出金(決算),2020-04-01,2021-03-31,2021-03-31,0,決算(年度末),,233931.0,千円,,,,,未取得,,,,https://www.e-stat.go.jp/stat-search/file-download?statInfId=000032188710&fileKind=1
09,092096,真岡市,e_road_kokko,7,道路橋りょう費に充当した国庫支出金(決算),2021-04-01,2022-03-31,2022-03-31,0,決算(年度末),,421071.0,千円,,,187140.0,0.7999794811290509,増加,2021-04-01,2022-03-31,gen-election-shugiin_20211031_smd_09_4;gen-tokko-2021-tokko_dec;gen-tokko-2021-tokko_march;gen-mlit-release-2022,https://www.e-stat.go.jp/stat-search/file-download?statInfId=000040044933&fileKind=1
09,092096,真岡市,e_road_kokko,7,道路橋りょう費に充当した国庫支出金(決算),2022-04-01,2023-03-31,2023-03-31,0,決算(年度末),,337528.0,千円,,,-83543.0,-0.19840596953957884,減少,2022-04-01,2023-03-31,gen-election-sangiin_20220710_smd_09_1;gen-tokko-2022-tokko_dec;gen-tokko-2022-tokko_march;gen-mlit-release-2023,https://www.e-stat.go.jp/stat-search/file-download?statInfId=000040171714&fileKind=1
09,092096,真岡市,e_road_kokko,7,道路橋りょう費に充当した国庫支出金(決算),2023-04-01,2024-03-31,2024-03-31,0,決算(年度末),,462308.0,千円,,,124780.0,0.36968784811926714,増加,2023-04-01,2024-03-31,gen-tokko-2023-tokko_dec;gen-tokko-2023-tokko_march,https://www.e-stat.go.jp/stat-search/file-download?statInfId=000040231603&fileKind=1
09,092096,真岡市,e_road_kokko,7,道路橋りょう費に充当した国庫支出金(決算),2024-04-01,2025-03-31,2025-03-31,0,決算(年度末),,338755.0,千円,,,-123553.0,-0.2672525675523677,減少,2024-04-01,2025-03-31,gen-mlit-release-2024;gen-election-shugiin_20241027_smd_09_4;gen-tokko-2024-tokko_dec;gen-tokko-2024-tokko_march,https://www.e-stat.go.jp/stat-search/file-download?statInfId=000040375650&fileKind=1
09,092096,真岡市,e_hojo_road_kokko,8,補助事業費(道路・橋りょう)の国庫支出金(決算),2020-04-01,2021-03-31,2021-03-31,0,決算(年度末),,216951.0,千円,,,,,未取得,,,,https://www.e-stat.go.jp/stat-search/file-download?statInfId=000032188732&fileKind=1
09,092096,真岡市,e_hojo_road_kokko,8,補助事業費(道路・橋りょう)の国庫支出金(決算),2021-04-01,2022-03-31,2022-03-31,0,決算(年度末),,399014.0,千円,,,182063.0,0.8391894944019618,増加,2021-04-01,2022-03-31,gen-election-shugiin_20211031_smd_09_4;gen-tokko-2021-tokko_dec;gen-tokko-2021-tokko_march;gen-mlit-release-2022,https://www.e-stat.go.jp/stat-search/file-download?statInfId=000040044955&fileKind=1
09,092096,真岡市,e_hojo_road_kokko,8,補助事業費(道路・橋りょう)の国庫支出金(決算),2022-04-01,2023-03-31,2023-03-31,0,決算(年度末),,313910.0,千円,,,-85104.0,-0.2132857493722025,減少,2022-04-01,2023-03-31,gen-election-sangiin_20220710_smd_09_1;gen-tokko-2022-tokko_dec;gen-tokko-2022-tokko_march;gen-mlit-release-2023,https://www.e-stat.go.jp/stat-search/file-download?statInfId=000040171736&fileKind=1
09,092096,真岡市,e_hojo_road_kokko,8,補助事業費(道路・橋りょう)の国庫支出金(決算),2023-04-01,2024-03-31,2024-03-31,0,決算(年度末),,462308.0,千円,,,148398.0,0.47274059443789623,増加,2023-04-01,2024-03-31,gen-tokko-2023-tokko_dec;gen-tokko-2023-tokko_march,https://www.e-stat.go.jp/stat-search/file-download?statInfId=000040231625&fileKind=1
09,092096,真岡市,e_hojo_road_kokko,8,補助事業費(道路・橋りょう)の国庫支出金(決算),2024-04-01,2025-03-31,2025-03-31,0,決算(年度末),,338755.0,千円,,,-123553.0,-0.2672525675523677,減少,2024-04-01,2025-03-31,gen-mlit-release-2024;gen-election-shugiin_20241027_smd_09_4;gen-tokko-2024-tokko_dec;gen-tokko-2024-tokko_march,https://www.e-stat.go.jp/stat-search/file-download?statInfId=000040375672&fileKind=1
09,092096,真岡市,futsu_decided,9,普通交付税 当初決定額,2021-04-01,2022-03-31,2021-08-03,0,当初決定日(算定結果の報道資料の日付),2021-08-03,2135215.0,千円,,,,,未取得,,,,https://www.soumu.go.jp/main_content/000761570.xlsx
09,092096,真岡市,futsu_decided,9,普通交付税 当初決定額,2022-04-01,2023-03-31,2022-07-26,0,当初決定日(算定結果の報道資料の日付),2022-07-26,2277483.0,千円,,,142268.0,0.06662935582599411,増加,2021-08-04,2022-07-26,gen-election-shugiin_20211031_smd_09_4;gen-tokko-2021-tokko_dec;gen-tokko-2021-tokko_march;gen-mlit-release-2022;gen-election-sangiin_20220710_smd_09_1,https://www.soumu.go.jp/main_content/000762090.xlsx
09,092096,真岡市,futsu_decided,9,普通交付税 当初決定額,2023-04-01,2024-03-31,2023-07-28,0,当初決定日(算定結果の報道資料の日付),2023-07-28,2485336.0,千円,,,207853.0,0.09126434752751172,増加,2022-07-27,2023-07-28,gen-tokko-2022-tokko_dec;gen-tokko-2022-tokko_march;gen-mlit-release-2023,https://www.soumu.go.jp/main_content/000894237.xlsx
09,092096,真岡市,futsu_decided,9,普通交付税 当初決定額,2024-04-01,2025-03-31,2024-07-23,0,当初決定日(算定結果の報道資料の日付),2024-07-23,2978865.0,千円,,,493529.0,0.19857636955325156,増加,2023-07-29,2024-07-23,gen-tokko-2023-tokko_dec;gen-tokko-2023-tokko_march;gen-mlit-release-2024,https://www.soumu.go.jp/main_content/000958553.xlsx
09,092096,真岡市,futsu_decided,9,普通交付税 当初決定額,2025-04-01,2026-03-31,2025-07-29,0,当初決定日(算定結果の報道資料の日付),2025-07-29,3275194.0,千円,,,296329.0,0.09947714985405515,増加,2024-07-24,2025-07-29,gen-election-shugiin_20241027_smd_09_4;gen-tokko-2024-tokko_dec;gen-tokko-2024-tokko_march;gen-mlit-release-2025;gen-election-sangiin_20250720_smd_09_1,https://www.soumu.go.jp/main_content/001022466.xlsx
09,092096,真岡市,futsu_decided,9,普通交付税 当初決定額,2026-04-01,2027-03-31,2026-07-24,0,当初決定日(算定結果の報道資料の日付),2026-07-24,3204732.0,千円,,,-70462.0,-0.021513840096189722,横ばい,2025-07-30,2026-07-24,gen-tokko-2025-tokko_dec;gen-election-shugiin_20260208_smd_09_4;gen-cabinet-2026-02-18;gen-position-motegi_toshimitsu-外務大臣-2026-02-18;gen-tokko-2025-tokko_march;gen-mlit-release-2026,https://www.soumu.go.jp/main_content/001083404.xlsx
09,092096,真岡市,kofu_total,10,国交省 交付決定額 計(年度合計),2017-04-01,2018-03-31,2018-03-31,1,年度内で最後の交付決定日(交付決定がない年度は年度末)。値は年度合計(変更減額を含む),,266973.0,千円,,,,,未取得,,,,https://www.mlit.go.jp/common/001210869.xlsx
09,092096,真岡市,kofu_total,10,国交省 交付決定額 計(年度合計),2018-04-01,2019-03-31,2018-09-03,1,年度内で最後の交付決定日(交付決定がない年度は年度末)。値は年度合計(変更減額を含む),,313501.0,千円,,,46528.0,0.1742797960842482,増加,2018-04-01,2018-09-03,,https://www.mlit.go.jp/common/001260907.xlsx
09,092096,真岡市,kofu_total,10,国交省 交付決定額 計(年度合計),2019-04-01,2020-03-31,2020-03-31,1,年度内で最後の交付決定日(交付決定がない年度は年度末)。値は年度合計(変更減額を含む),,575681.0,千円,,,262180.0,0.8362971728957802,増加,2018-09-04,2020-03-31,,https://www.mlit.go.jp/common/001316172.xlsx
09,092096,真岡市,kofu_total,10,国交省 交付決定額 計(年度合計),2020-04-01,2021-03-31,2021-03-31,1,年度内で最後の交付決定日(交付決定がない年度は年度末)。値は年度合計(変更減額を含む),,852687.0,千円,,,277006.0,0.4811796811081137,増加,2020-04-01,2021-03-31,gen-tokko-2020-tokko_dec;gen-tokko-2020-tokko_march;gen-mlit-release-2021,https://www.mlit.go.jp/common/001371589.xlsx
09,092096,真岡市,kofu_total,10,国交省 交付決定額 計(年度合計),2021-04-01,2022-03-31,2022-02-18,1,年度内で最後の交付決定日(交付決定がない年度は年度末)。値は年度合計(変更減額を含む),,464831.0,千円,,,-387856.0,-0.45486327339340227,減少,2021-04-01,2022-02-18,gen-election-shugiin_20211031_smd_09_4;gen-tokko-2021-tokko_dec,https://www.mlit.go.jp/common/001579048.xlsx
09,092096,真岡市,kofu_total,10,国交省 交付決定額 計(年度合計),2022-04-01,2023-03-31,2023-01-20,1,年度内で最後の交付決定日(交付決定がない年度は年度末)。値は年度合計(変更減額を含む),,1098817.0,千円,,,633986.0,1.3639064520223478,増加,2022-02-19,2023-01-20,gen-tokko-2021-tokko_march;gen-mlit-release-2022;gen-election-sangiin_20220710_smd_09_1;gen-tokko-2022-tokko_dec,https://www.mlit.go.jp/common/001426891.xlsx
09,092096,真岡市,kofu_total,10,国交省 交付決定額 計(年度合計),2023-04-01,2024-03-31,2024-03-26,1,年度内で最後の交付決定日(交付決定がない年度は年度末)。値は年度合計(変更減額を含む),,1866033.0,千円,,,767216.0,0.6982199947762002,増加,2023-01-21,2024-03-26,gen-tokko-2022-tokko_march;gen-mlit-release-2023;gen-tokko-2023-tokko_dec;gen-tokko-2023-tokko_march,https://www.mlit.go.jp/page/content/001749355.xlsx
09,092096,真岡市,kofu_total,10,国交省 交付決定額 計(年度合計),2024-04-01,2025-03-31,2025-03-11,1,年度内で最後の交付決定日(交付決定がない年度は年度末)。値は年度合計(変更減額を含む),,1452482.0,千円,,,-413551.0,-0.22162041078587572,減少,2024-03-27,2025-03-11,gen-mlit-release-2024;gen-election-shugiin_20241027_smd_09_4;gen-tokko-2024-tokko_dec,https://www.mlit.go.jp/page/content/001889200.xlsx
09,092096,真岡市,kofu_total,10,国交省 交付決定額 計(年度合計),2025-04-01,2026-03-31,2026-03-26,1,年度内で最後の交付決定日(交付決定がない年度は年度末)。値は年度合計(変更減額を含む),,256447.0,千円,,,-1196035.0,-0.8234422182168178,減少,2025-03-12,2026-03-26,gen-tokko-2024-tokko_march;gen-mlit-release-2025;gen-election-sangiin_20250720_smd_09_1;gen-tokko-2025-tokko_dec;gen-election-shugiin_20260208_smd_09_4;gen-cabinet-2026-02-18;gen-position-motegi_toshimitsu-外務大臣-2026-02-18;gen-tokko-2025-tokko_march,https://www.mlit.go.jp/page/content/001968987.xlsx
09,092096,真岡市,kofu_shasoukou,10,国交省 交付決定額 社会資本整備総合交付金,2017-04-01,2018-03-31,2018-03-31,1,年度内で最後の交付決定日(交付決定がない年度は年度末)。値は年度合計(変更減額を含む),,266973.0,千円,,,,,未取得,,,,https://www.mlit.go.jp/common/001306061.xlsx
09,092096,真岡市,kofu_shasoukou,10,国交省 交付決定額 社会資本整備総合交付金,2018-04-01,2019-03-31,2018-09-03,1,年度内で最後の交付決定日(交付決定がない年度は年度末)。値は年度合計(変更減額を含む),,312001.0,千円,,,45028.0,0.16866125038861607,増加,2018-04-01,2018-09-03,,https://www.mlit.go.jp/common/001288716.xlsx
09,092096,真岡市,kofu_shasoukou,10,国交省 交付決定額 社会資本整備総合交付金,2019-04-01,2020-03-31,2020-03-31,1,年度内で最後の交付決定日(交付決定がない年度は年度末)。値は年度合計(変更減額を含む),,570880.0,千円,,,258879.0,0.8297377251995988,増加,2018-09-04,2020-03-31,,https://www.mlit.go.jp/common/001316186.xlsx
09,092096,真岡市,kofu_shasoukou,10,国交省 交付決定額 社会資本整備総合交付金,2020-04-01,2021-03-31,2021-03-31,1,年度内で最後の交付決定日(交付決定がない年度は年度末)。値は年度合計(変更減額を含む),,803297.0,千円,,,232417.0,0.40712058576233184,増加,2020-04-01,2021-03-31,gen-tokko-2020-tokko_dec;gen-tokko-2020-tokko_march;gen-mlit-release-2021,https://www.mlit.go.jp/common/001371606.xlsx
09,092096,真岡市,kofu_shasoukou,10,国交省 交付決定額 社会資本整備総合交付金,2021-04-01,2022-03-31,2022-03-31,1,年度内で最後の交付決定日(交付決定がない年度は年度末)。値は年度合計(変更減額を含む),,298269.0,千円,,,-505028.0,-0.6286939948736271,減少,2021-04-01,2022-03-31,gen-election-shugiin_20211031_smd_09_4;gen-tokko-2021-tokko_dec;gen-tokko-2021-tokko_march;gen-mlit-release-2022,https://www.mlit.go.jp/common/001579064.xlsx
09,092096,真岡市,kofu_shasoukou,10,国交省 交付決定額 社会資本整備総合交付金,2022-04-01,2023-03-31,2023-03-31,1,年度内で最後の交付決定日(交付決定がない年度は年度末)。値は年度合計(変更減額を含む),,252031.0,千円,,,-46238.0,-0.15502113863659986,減少,2022-04-01,2023-03-31,gen-election-sangiin_20220710_smd_09_1;gen-tokko-2022-tokko_dec;gen-tokko-2022-tokko_march;gen-mlit-release-2023,https://www.mlit.go.jp/common/001426909.xlsx
09,092096,真岡市,kofu_shasoukou,10,国交省 交付決定額 社会資本整備総合交付金,2023-04-01,2024-03-31,2023-08-03,1,年度内で最後の交付決定日(交付決定がない年度は年度末)。値は年度合計(変更減額を含む),,254921.0,千円,,,2890.0,0.011466843364506747,横ばい,2023-04-01,2023-08-03,,https://www.mlit.go.jp/page/content/001708175.xlsx
09,092096,真岡市,kofu_shasoukou,10,国交省 交付決定額 社会資本整備総合交付金,2024-04-01,2025-03-31,2024-12-23,1,年度内で最後の交付決定日(交付決定がない年度は年度末)。値は年度合計(変更減額を含む),,58036.0,千円,,,-196885.0,-0.7723373123438242,減少,2023-08-04,2024-12-23,gen-tokko-2023-tokko_dec;gen-tokko-2023-tokko_march;gen-mlit-release-2024;gen-election-shugiin_20241027_smd_09_4;gen-tokko-2024-tokko_dec,https://www.mlit.go.jp/page/content/001842591.xlsx
09,092096,真岡市,kofu_shasoukou,10,国交省 交付決定額 社会資本整備総合交付金,2025-04-01,2026-03-31,2026-03-26,1,年度内で最後の交付決定日(交付決定がない年度は年度末)。値は年度合計(変更減額を含む),,16643.0,千円,,,-41393.0,-0.7132297194844579,減少,2024-12-24,2026-03-26,gen-tokko-2024-tokko_march;gen-mlit-release-2025;gen-election-sangiin_20250720_smd_09_1;gen-tokko-2025-tokko_dec;gen-election-shugiin_20260208_smd_09_4;gen-cabinet-2026-02-18;gen-position-motegi_toshimitsu-外務大臣-2026-02-18;gen-tokko-2025-tokko_march,https://www.mlit.go.jp/page/content/001969014.xlsx
09,092096,真岡市,kofu_bouan,10,国交省 交付決定額 防災・安全交付金,2017-04-01,2018-03-31,2018-03-31,1,年度内で最後の交付決定日(交付決定がない年度は年度末)。値は年度合計(変更減額を含む),,186090.0,千円,,,,,未取得,,,,https://www.mlit.go.jp/common/001306061.xlsx
09,092096,真岡市,kofu_bouan,10,国交省 交付決定額 防災・安全交付金,2018-04-01,2019-03-31,2018-09-03,1,年度内で最後の交付決定日(交付決定がない年度は年度末)。値は年度合計(変更減額を含む),,250482.0,千円,,,64392.0,0.3460261163952926,増加,2018-04-01,2018-09-03,,https://www.mlit.go.jp/common/001288716.xlsx
09,092096,真岡市,kofu_bouan,10,国交省 交付決定額 防災・安全交付金,2019-04-01,2020-03-31,2020-03-31,1,年度内で最後の交付決定日(交付決定がない年度は年度末)。値は年度合計(変更減額を含む),,447327.0,千円,,,196845.0,0.7858648525642561,増加,2018-09-04,2020-03-31,,https://www.mlit.go.jp/common/001316186.xlsx
09,092096,真岡市,kofu_bouan,10,国交省 交付決定額 防災・安全交付金,2020-04-01,2021-03-31,2021-03-31,1,年度内で最後の交付決定日(交付決定がない年度は年度末)。値は年度合計(変更減額を含む),,259885.0,千円,,,-187442.0,-0.4190267969516707,減少,2020-04-01,2021-03-31,gen-tokko-2020-tokko_dec;gen-tokko-2020-tokko_march;gen-mlit-release-2021,https://www.mlit.go.jp/common/001371606.xlsx
09,092096,真岡市,kofu_bouan,10,国交省 交付決定額 防災・安全交付金,2021-04-01,2022-03-31,2022-03-31,1,年度内で最後の交付決定日(交付決定がない年度は年度末)。値は年度合計(変更減額を含む),,246474.0,千円,,,-13411.0,-0.05160359389730073,減少,2021-04-01,2022-03-31,gen-election-shugiin_20211031_smd_09_4;gen-tokko-2021-tokko_dec;gen-tokko-2021-tokko_march;gen-mlit-release-2022,https://www.mlit.go.jp/common/001579064.xlsx
09,092096,真岡市,kofu_bouan,10,国交省 交付決定額 防災・安全交付金,2022-04-01,2023-03-31,2023-03-31,1,年度内で最後の交付決定日(交付決定がない年度は年度末)。値は年度合計(変更減額を含む),,588997.0,千円,,,342523.0,1.3896922190575882,増加,2022-04-01,2023-03-31,gen-election-sangiin_20220710_smd_09_1;gen-tokko-2022-tokko_dec;gen-tokko-2022-tokko_march;gen-mlit-release-2023,https://www.mlit.go.jp/common/001426909.xlsx
09,092096,真岡市,kofu_bouan,10,国交省 交付決定額 防災・安全交付金,2023-04-01,2024-03-31,2023-09-29,1,年度内で最後の交付決定日(交付決定がない年度は年度末)。値は年度合計(変更減額を含む),,634757.0,千円,,,45760.0,0.07769139740949445,増加,2023-04-01,2023-09-29,,https://www.mlit.go.jp/page/content/001708175.xlsx
09,092096,真岡市,kofu_bouan,10,国交省 交付決定額 防災・安全交付金,2024-04-01,2025-03-31,2025-03-11,1,年度内で最後の交付決定日(交付決定がない年度は年度末)。値は年度合計(変更減額を含む),,507401.0,千円,,,-127356.0,-0.20063740927630574,減少,2023-09-30,2025-03-11,gen-tokko-2023-tokko_dec;gen-tokko-2023-tokko_march;gen-mlit-release-2024;gen-election-shugiin_20241027_smd_09_4;gen-tokko-2024-tokko_dec,https://www.mlit.go.jp/page/content/001842591.xlsx
09,092096,真岡市,kofu_bouan,10,国交省 交付決定額 防災・安全交付金,2025-04-01,2026-03-31,2026-03-26,1,年度内で最後の交付決定日(交付決定がない年度は年度末)。値は年度合計(変更減額を含む),,128694.0,千円,,,-378707.0,-0.7463662862312057,減少,2025-03-12,2026-03-26,gen-tokko-2024-tokko_march;gen-mlit-release-2025;gen-election-sangiin_20250720_smd_09_1;gen-tokko-2025-tokko_dec;gen-election-shugiin_20260208_smd_09_4;gen-cabinet-2026-02-18;gen-position-motegi_toshimitsu-外務大臣-2026-02-18;gen-tokko-2025-tokko_march,https://www.mlit.go.jp/page/content/001969014.xlsx
09,092096,真岡市,kofu_road,10,国交省 交付決定額 道路関係の補助,2017-04-01,2018-03-31,2018-03-31,1,年度内で最後の交付決定日(交付決定がない年度は年度末)。値は年度合計(変更減額を含む),,0.0,千円,,,,,未取得,,,,https://www.mlit.go.jp/common/001234557.xlsx
09,092096,真岡市,kofu_road,10,国交省 交付決定額 道路関係の補助,2018-04-01,2019-03-31,2019-03-31,1,年度内で最後の交付決定日(交付決定がない年度は年度末)。値は年度合計(変更減額を含む),,0.0,千円,,,0.0,,未取得,2018-04-01,2019-03-31,,https://www.mlit.go.jp/common/001260897.xlsx
09,092096,真岡市,kofu_road,10,国交省 交付決定額 道路関係の補助,2019-04-01,2020-03-31,2020-03-31,1,年度内で最後の交付決定日(交付決定がない年度は年度末)。値は年度合計(変更減額を含む),,0.0,千円,,,0.0,,未取得,2019-04-01,2020-03-31,,https://www.mlit.go.jp/common/001316175.xlsx
09,092096,真岡市,kofu_road,10,国交省 交付決定額 道路関係の補助,2020-04-01,2021-03-31,2021-03-31,1,年度内で最後の交付決定日(交付決定がない年度は年度末)。値は年度合計(変更減額を含む),,49390.0,千円,,,49390.0,,未取得,2020-04-01,2021-03-31,gen-tokko-2020-tokko_dec;gen-tokko-2020-tokko_march;gen-mlit-release-2021,https://www.mlit.go.jp/common/001371629.xlsx
09,092096,真岡市,kofu_road,10,国交省 交付決定額 道路関係の補助,2021-04-01,2022-03-31,2022-02-18,1,年度内で最後の交付決定日(交付決定がない年度は年度末)。値は年度合計(変更減額を含む),,75462.0,千円,,,26072.0,0.5278801376796922,増加,2021-04-01,2022-02-18,gen-election-shugiin_20211031_smd_09_4;gen-tokko-2021-tokko_dec,https://www.mlit.go.jp/common/001579051.xlsx
09,092096,真岡市,kofu_road,10,国交省 交付決定額 道路関係の補助,2022-04-01,2023-03-31,2023-01-20,1,年度内で最後の交付決定日(交付決定がない年度は年度末)。値は年度合計(変更減額を含む),,91339.0,千円,,,15877.0,0.2103972860512576,増加,2022-02-19,2023-01-20,gen-tokko-2021-tokko_march;gen-mlit-release-2022;gen-election-sangiin_20220710_smd_09_1;gen-tokko-2022-tokko_dec,https://www.mlit.go.jp/common/001426897.xlsx
09,092096,真岡市,kofu_road,10,国交省 交付決定額 道路関係の補助,2023-04-01,2024-03-31,2024-01-26,1,年度内で最後の交付決定日(交付決定がない年度は年度末)。値は年度合計(変更減額を含む),,117539.0,千円,,,26200.0,0.2868435170080688,増加,2023-01-21,2024-01-26,gen-tokko-2022-tokko_march;gen-mlit-release-2023;gen-tokko-2023-tokko_dec,https://www.mlit.go.jp/page/content/001708164.xlsx
09,092096,真岡市,kofu_road,10,国交省 交付決定額 道路関係の補助,2024-04-01,2025-03-31,2024-04-26,1,年度内で最後の交付決定日(交付決定がない年度は年度末)。値は年度合計(変更減額を含む),,95239.99999999997,千円,,,-22299.00000000003,-0.18971575391997575,減少,2024-01-27,2024-04-26,gen-tokko-2023-tokko_march;gen-mlit-release-2024,https://www.mlit.go.jp/page/content/001889202.xlsx
09,092096,真岡市,kofu_road,10,国交省 交付決定額 道路関係の補助,2025-04-01,2026-03-31,2025-04-25,1,年度内で最後の交付決定日(交付決定がない年度は年度末)。値は年度合計(変更減額を含む),,80410.0,千円,,,-14829.99999999997,-0.1557118857622845,減少,2024-04-27,2025-04-25,gen-election-shugiin_20241027_smd_09_4;gen-tokko-2024-tokko_dec;gen-tokko-2024-tokko_march;gen-mlit-release-2025,https://www.mlit.go.jp/page/content/001969000.xlsx
09,092100,大田原市,card_kokko,1,国庫支出金(決算),2020-04-01,2021-03-31,2021-03-31,0,決算(年度末),,13021765.0,千円,,,,,未取得,,,,https://www.soumu.go.jp/main_content/000804135.xlsx
09,092100,大田原市,card_kokko,1,国庫支出金(決算),2021-04-01,2022-03-31,2022-03-31,0,決算(年度末),,7647810.0,千円,,,-5373955.0,-0.41269021518972276,減少,2021-04-01,2022-03-31,gen-election-shugiin_20211031_smd_09_3;gen-tokko-2021-tokko_dec;gen-tokko-2021-tokko_march;gen-mlit-release-2022,https://www.soumu.go.jp/main_content/000873399.xlsx
09,092100,大田原市,card_kokko,1,国庫支出金(決算),2022-04-01,2023-03-31,2023-03-31,0,決算(年度末),,6369009.0,千円,,,-1278801.0,-0.16721139777269572,減少,2022-04-01,2023-03-31,gen-election-sangiin_20220710_smd_09_1;gen-tokko-2022-tokko_dec;gen-tokko-2022-tokko_march;gen-mlit-release-2023,https://www.soumu.go.jp/main_content/000937050.xlsx
09,092100,大田原市,card_kokko,1,国庫支出金(決算),2023-04-01,2024-03-31,2024-03-31,0,決算(年度末),,6111512.0,千円,,,-257497.0,-0.040429680661465545,横ばい,2023-04-01,2024-03-31,gen-tokko-2023-tokko_dec;gen-tokko-2023-tokko_march,https://www.soumu.go.jp/main_content/000998938.xlsx
09,092100,大田原市,card_kokko,1,国庫支出金(決算),2024-04-01,2025-03-31,2025-03-31,0,決算(年度末),,6373459.0,千円,,,261947.0,0.042861242847923725,横ばい,2024-04-01,2025-03-31,gen-mlit-release-2024;gen-election-shugiin_20241027_smd_09_3;gen-tokko-2024-tokko_dec;gen-tokko-2024-tokko_march,https://www.soumu.go.jp/main_content/001063963.xlsx
09,092100,大田原市,card_pref,2,県支出金(決算),2020-04-01,2021-03-31,2021-03-31,0,決算(年度末),,2771639.0,千円,,,,,未取得,,,,https://www.soumu.go.jp/main_content/000804135.xlsx
09,092100,大田原市,card_pref,2,県支出金(決算),2021-04-01,2022-03-31,2022-03-31,0,決算(年度末),,2604283.0,千円,,,-167356.0,-0.060381600922775294,減少,2021-04-01,2022-03-31,gen-election-shugiin_20211031_smd_09_3;gen-tokko-2021-tokko_dec;gen-tokko-2021-tokko_march;gen-mlit-release-2022,https://www.soumu.go.jp/main_content/000873399.xlsx
09,092100,大田原市,card_pref,2,県支出金(決算),2022-04-01,2023-03-31,2023-03-31,0,決算(年度末),,2665971.0,千円,,,61688.0,0.023687133848356728,横ばい,2022-04-01,2023-03-31,gen-election-sangiin_20220710_smd_09_1;gen-tokko-2022-tokko_dec;gen-tokko-2022-tokko_march;gen-mlit-release-2023,https://www.soumu.go.jp/main_content/000937050.xlsx
09,092100,大田原市,card_pref,2,県支出金(決算),2023-04-01,2024-03-31,2024-03-31,0,決算(年度末),,2746718.0,千円,,,80747.0,0.030288026388884202,横ばい,2023-04-01,2024-03-31,gen-tokko-2023-tokko_dec;gen-tokko-2023-tokko_march,https://www.soumu.go.jp/main_content/000998938.xlsx
09,092100,大田原市,card_pref,2,県支出金(決算),2024-04-01,2025-03-31,2025-03-31,0,決算(年度末),,3074145.0,千円,,,327427.0,0.11920663133237558,増加,2024-04-01,2025-03-31,gen-mlit-release-2024;gen-election-shugiin_20241027_smd_09_3;gen-tokko-2024-tokko_dec;gen-tokko-2024-tokko_march,https://www.soumu.go.jp/main_content/001063963.xlsx
09,092100,大田原市,tokko_dec,3a,特別交付税 12月分,2020-04-01,2021-03-31,2020-12-08,0,交付決定日(報道発表),2020-12-08,90257.0,千円,,,,,未取得,,,,https://www.soumu.go.jp/main_content/000721607.pdf
09,092100,大田原市,tokko_dec,3a,特別交付税 12月分,2021-04-01,2022-03-31,2021-12-03,0,交付決定日(報道発表),2021-12-03,69068.0,千円,,,-21189.0,-0.2347629546738757,減少,2020-12-09,2021-12-03,gen-tokko-2020-tokko_march;gen-mlit-release-2021;gen-election-shugiin_20211031_smd_09_3;gen-tokko-2021-tokko_dec,https://www.soumu.go.jp/main_content/000780948.pdf
09,092100,大田原市,tokko_dec,3a,特別交付税 12月分,2022-04-01,2023-03-31,2022-12-13,0,交付決定日(報道発表),2022-12-13,90806.0,千円,,,21738.0,0.31473330630682805,増加,2021-12-04,2022-12-13,gen-tokko-2021-tokko_march;gen-mlit-release-2022;gen-election-sangiin_20220710_smd_09_1;gen-tokko-2022-tokko_dec,https://www.soumu.go.jp/main_content/000850537.pdf
09,092100,大田原市,tokko_dec,3a,特別交付税 12月分,2023-04-01,2024-03-31,2023-12-12,0,交付決定日(報道発表),2023-12-12,106475.0,千円,,,15669.0,0.17255467700372223,増加,2022-12-14,2023-12-12,gen-tokko-2022-tokko_march;gen-mlit-release-2023;gen-tokko-2023-tokko_dec,https://www.soumu.go.jp/main_content/000916643.pdf
09,092100,大田原市,tokko_dec,3a,特別交付税 12月分,2024-04-01,2025-03-31,2024-12-20,0,交付決定日(報道発表),2024-12-20,106289.0,千円,,,-186.0,-0.001746888941065978,横ばい,2023-12-13,2024-12-20,gen-tokko-2023-tokko_march;gen-mlit-release-2024;gen-election-shugiin_20241027_smd_09_3;gen-tokko-2024-tokko_dec,https://www.soumu.go.jp/main_content/000983129.pdf
09,092100,大田原市,tokko_dec,3a,特別交付税 12月分,2025-04-01,2026-03-31,2025-12-19,0,交付決定日(報道発表),2025-12-19,104263.0,千円,,,-2026.0,-0.019061238698266047,横ばい,2024-12-21,2025-12-19,gen-tokko-2024-tokko_march;gen-mlit-release-2025;gen-election-sangiin_20250720_smd_09_1;gen-tokko-2025-tokko_dec,https://www.soumu.go.jp/main_content/001046667.pdf
09,092100,大田原市,tokko_march,3b,特別交付税 3月分,2020-04-01,2021-03-31,2021-03-19,0,交付決定日(報道発表),2021-03-19,611280.0,千円,,,,,未取得,,,,https://www.soumu.go.jp/main_content/000738961.pdf
09,092100,大田原市,tokko_march,3b,特別交付税 3月分,2021-04-01,2022-03-31,2022-03-18,0,交付決定日(報道発表),2022-03-18,638757.0,千円,,,27477.0,0.04494994110718492,横ばい,2021-03-20,2022-03-18,gen-mlit-release-2021;gen-election-shugiin_20211031_smd_09_3;gen-tokko-2021-tokko_dec;gen-tokko-2021-tokko_march,https://www.soumu.go.jp/main_content/000799619.pdf
09,092100,大田原市,tokko_march,3b,特別交付税 3月分,2022-04-01,2023-03-31,2023-03-22,0,交付決定日(報道発表),2023-03-22,656101.0,千円,,,17344.0,0.02715273570387487,横ばい,2022-03-19,2023-03-22,gen-mlit-release-2022;gen-election-sangiin_20220710_smd_09_1;gen-tokko-2022-tokko_dec;gen-tokko-2022-tokko_march,https://www.soumu.go.jp/main_content/000869990.pdf
09,092100,大田原市,tokko_march,3b,特別交付税 3月分,2023-04-01,2024-03-31,2024-03-22,0,交付決定日(報道発表),2024-03-22,633567.0,千円,,,-22534.0,-0.03434532183307143,横ばい,2023-03-23,2024-03-22,gen-mlit-release-2023;gen-tokko-2023-tokko_dec;gen-tokko-2023-tokko_march,https://www.soumu.go.jp/main_content/000997045.pdf
09,092100,大田原市,tokko_march,3b,特別交付税 3月分,2024-04-01,2025-03-31,2025-03-21,0,交付決定日(報道発表),2025-03-21,625299.0,千円,,,-8268.0,-0.013049922107685533,横ばい,2024-03-23,2025-03-21,gen-mlit-release-2024;gen-election-shugiin_20241027_smd_09_3;gen-tokko-2024-tokko_dec;gen-tokko-2024-tokko_march,https://www.soumu.go.jp/main_content/000998441.pdf
09,092100,大田原市,tokko_march,3b,特別交付税 3月分,2025-04-01,2026-03-31,2026-03-17,0,交付決定日(報道発表),2026-03-17,649948.0,千円,,,24649.0,0.0394195416912549,横ばい,2025-03-22,2026-03-17,gen-mlit-release-2025;gen-election-sangiin_20250720_smd_09_1;gen-tokko-2025-tokko_dec;m-2026ge-endorse-092100;gen-election-shugiin_20260208_smd_09_3;gen-cabinet-2026-02-18;gen-position-motegi_toshimitsu-外務大臣-2026-02-18;gen-tokko-2025-tokko_march,https://www.soumu.go.jp/main_content/001061260.pdf
09,092100,大田原市,mlit_sole_grants,4,社総交・防安交 単独策定主体の国費,2021-04-01,2022-03-31,2021-03-30,1,当初配分の報道発表日を代用(交付決定日は未公表),2021-03-30,5000.0,千円,1,,,,未取得,,,,https://www.mlit.go.jp/common/001396522.pdf
09,092100,大田原市,mlit_sole_grants,4,社総交・防安交 単独策定主体の国費,2022-04-01,2023-03-31,2022-03-25,1,当初配分の報道発表日を代用(交付決定日は未公表),2022-03-25,15000.0,千円,1,,10000.0,2.0,増加,2021-03-31,2022-03-25,gen-election-shugiin_20211031_smd_09_3;gen-tokko-2021-tokko_dec;gen-tokko-2021-tokko_march;gen-mlit-release-2022,https://www.mlit.go.jp/page/content/001472731.pdf
09,092100,大田原市,mlit_sole_grants,4,社総交・防安交 単独策定主体の国費,2023-04-01,2024-03-31,2023-03-31,1,当初配分の報道発表日を代用(交付決定日は未公表),2023-03-31,20000.0,千円,1,,5000.0,0.3333333333333333,増加,2022-03-26,2023-03-31,gen-election-sangiin_20220710_smd_09_1;gen-tokko-2022-tokko_dec;gen-tokko-2022-tokko_march;gen-mlit-release-2023,https://www.mlit.go.jp/page/content/001596924.pdf
09,092100,大田原市,mlit_sole_grants,4,社総交・防安交 単独策定主体の国費,2024-04-01,2025-03-31,2024-04-01,1,当初配分の報道発表日を代用(交付決定日は未公表),2024-04-01,0.0,千円,0,,-20000.0,-1.0,減少,2023-04-01,2024-04-01,gen-tokko-2023-tokko_dec;gen-tokko-2023-tokko_march;gen-mlit-release-2024,https://www.mlit.go.jp/page/content/001735005.pdf
09,092100,大田原市,mlit_sole_grants,4,社総交・防安交 単独策定主体の国費,2025-04-01,2026-03-31,2025-04-01,1,当初配分の報道発表日を代用(交付決定日は未公表),2025-04-01,15000.0,千円,1,,15000.0,,未取得,2024-04-02,2025-04-01,gen-election-shugiin_20241027_smd_09_3;gen-tokko-2024-tokko_dec;gen-tokko-2024-tokko_march;gen-mlit-release-2025,https://www.mlit.go.jp/page/content/001879738.pdf
09,092100,大田原市,mlit_sole_grants,4,社総交・防安交 単独策定主体の国費,2026-04-01,2027-03-31,2026-04-07,1,当初配分の報道発表日を代用(交付決定日は未公表),2026-04-07,0.0,千円,0,,-15000.0,-1.0,減少,2025-04-02,2026-04-07,gen-election-sangiin_20250720_smd_09_1;gen-tokko-2025-tokko_dec;m-2026ge-endorse-092100;gen-election-shugiin_20260208_smd_09_3;gen-cabinet-2026-02-18;gen-position-motegi_toshimitsu-外務大臣-2026-02-18;gen-tokko-2025-tokko_march;gen-mlit-release-2026,https://www.mlit.go.jp/page/content/001994561.pdf
09,092100,大田原市,mlit_road,5,道路局箇所表 事業主体=当該市町の国費,2021-04-01,2022-03-31,2021-03-30,1,当初配分の報道発表日を代用(交付決定日は未公表),2021-03-30,140000.0,千円,1,,,,未取得,,,,https://www.mlit.go.jp/common/001396522.pdf
09,092100,大田原市,mlit_road,5,道路局箇所表 事業主体=当該市町の国費,2022-04-01,2023-03-31,2022-03-25,1,当初配分の報道発表日を代用(交付決定日は未公表),2022-03-25,155000.0,千円,3,,15000.0,0.10714285714285714,増加,2021-03-31,2022-03-25,gen-election-shugiin_20211031_smd_09_3;gen-tokko-2021-tokko_dec;gen-tokko-2021-tokko_march;gen-mlit-release-2022,https://www.mlit.go.jp/page/content/001472731.pdf
09,092100,大田原市,mlit_road,5,道路局箇所表 事業主体=当該市町の国費,2023-04-01,2024-03-31,2023-03-31,1,当初配分の報道発表日を代用(交付決定日は未公表),2023-03-31,113000.0,千円,1,,-42000.0,-0.2709677419354839,減少,2022-03-26,2023-03-31,gen-election-sangiin_20220710_smd_09_1;gen-tokko-2022-tokko_dec;gen-tokko-2022-tokko_march;gen-mlit-release-2023,https://www.mlit.go.jp/page/content/001596924.pdf
09,092100,大田原市,mlit_road,5,道路局箇所表 事業主体=当該市町の国費,2024-04-01,2025-03-31,2024-04-01,1,当初配分の報道発表日を代用(交付決定日は未公表),2024-04-01,382000.0,千円,3,,269000.0,2.3805309734513274,増加,2023-04-01,2024-04-01,gen-tokko-2023-tokko_dec;gen-tokko-2023-tokko_march;gen-mlit-release-2024,https://www.mlit.go.jp/page/content/001735005.pdf
09,092100,大田原市,mlit_road,5,道路局箇所表 事業主体=当該市町の国費,2025-04-01,2026-03-31,2025-04-01,1,当初配分の報道発表日を代用(交付決定日は未公表),2025-04-01,566000.0,千円,1,,184000.0,0.4816753926701571,増加,2024-04-02,2025-04-01,gen-election-shugiin_20241027_smd_09_3;gen-tokko-2024-tokko_dec;gen-tokko-2024-tokko_march;gen-mlit-release-2025,https://www.mlit.go.jp/page/content/001879738.pdf
09,092100,大田原市,mlit_road,5,道路局箇所表 事業主体=当該市町の国費,2026-04-01,2027-03-31,2026-04-07,1,当初配分の報道発表日を代用(交付決定日は未公表),2026-04-07,296000.0,千円,2,,-270000.0,-0.47703180212014135,減少,2025-04-02,2026-04-07,gen-election-sangiin_20250720_smd_09_1;gen-tokko-2025-tokko_dec;m-2026ge-endorse-092100;gen-election-shugiin_20260208_smd_09_3;gen-cabinet-2026-02-18;gen-position-motegi_toshimitsu-外務大臣-2026-02-18;gen-tokko-2025-tokko_march;gen-mlit-release-2026,https://www.mlit.go.jp/page/content/001994561.pdf
09,092100,大田原市,e_kokko,6,国庫支出金 計(決算、地方財政状況調査),2020-04-01,2021-03-31,2021-03-31,0,決算(年度末),,13021765.0,千円,,,,,未取得,,,,https://www.e-stat.go.jp/stat-search/file-download?statInfId=000032188698&fileKind=1
09,092100,大田原市,e_kokko,6,国庫支出金 計(決算、地方財政状況調査),2021-04-01,2022-03-31,2022-03-31,0,決算(年度末),,7647810.0,千円,,,-5373955.0,-0.41269021518972276,減少,2021-04-01,2022-03-31,gen-election-shugiin_20211031_smd_09_3;gen-tokko-2021-tokko_dec;gen-tokko-2021-tokko_march;gen-mlit-release-2022,https://www.e-stat.go.jp/stat-search/file-download?statInfId=000040044921&fileKind=1
09,092100,大田原市,e_kokko,6,国庫支出金 計(決算、地方財政状況調査),2022-04-01,2023-03-31,2023-03-31,0,決算(年度末),,6369009.0,千円,,,-1278801.0,-0.16721139777269572,減少,2022-04-01,2023-03-31,gen-election-sangiin_20220710_smd_09_1;gen-tokko-2022-tokko_dec;gen-tokko-2022-tokko_march;gen-mlit-release-2023,https://www.e-stat.go.jp/stat-search/file-download?statInfId=000040171702&fileKind=1
09,092100,大田原市,e_kokko,6,国庫支出金 計(決算、地方財政状況調査),2023-04-01,2024-03-31,2024-03-31,0,決算(年度末),,6111512.0,千円,,,-257497.0,-0.040429680661465545,横ばい,2023-04-01,2024-03-31,gen-tokko-2023-tokko_dec;gen-tokko-2023-tokko_march,https://www.e-stat.go.jp/stat-search/file-download?statInfId=000040231591&fileKind=1
09,092100,大田原市,e_kokko,6,国庫支出金 計(決算、地方財政状況調査),2024-04-01,2025-03-31,2025-03-31,0,決算(年度末),,6373459.0,千円,,,261947.0,0.042861242847923725,横ばい,2024-04-01,2025-03-31,gen-mlit-release-2024;gen-election-shugiin_20241027_smd_09_3;gen-tokko-2024-tokko_dec;gen-tokko-2024-tokko_march,https://www.e-stat.go.jp/stat-search/file-download?statInfId=000040375638&fileKind=1
09,092100,大田原市,e_kokko_futsuken,6,国庫支出金のうち普通建設事業費支出金(決算),2020-04-01,2021-03-31,2021-03-31,0,決算(年度末),,332150.0,千円,,,,,未取得,,,,https://www.e-stat.go.jp/stat-search/file-download?statInfId=000032188698&fileKind=1
09,092100,大田原市,e_kokko_futsuken,6,国庫支出金のうち普通建設事業費支出金(決算),2021-04-01,2022-03-31,2022-03-31,0,決算(年度末),,91286.0,千円,,,-240864.0,-0.7251663405088062,減少,2021-04-01,2022-03-31,gen-election-shugiin_20211031_smd_09_3;gen-tokko-2021-tokko_dec;gen-tokko-2021-tokko_march;gen-mlit-release-2022,https://www.e-stat.go.jp/stat-search/file-download?statInfId=000040044921&fileKind=1
09,092100,大田原市,e_kokko_futsuken,6,国庫支出金のうち普通建設事業費支出金(決算),2022-04-01,2023-03-31,2023-03-31,0,決算(年度末),,152068.0,千円,,,60782.0,0.6658414214665995,増加,2022-04-01,2023-03-31,gen-election-sangiin_20220710_smd_09_1;gen-tokko-2022-tokko_dec;gen-tokko-2022-tokko_march;gen-mlit-release-2023,https://www.e-stat.go.jp/stat-search/file-download?statInfId=000040171702&fileKind=1
09,092100,大田原市,e_kokko_futsuken,6,国庫支出金のうち普通建設事業費支出金(決算),2023-04-01,2024-03-31,2024-03-31,0,決算(年度末),,74946.0,千円,,,-77122.0,-0.5071546939527054,減少,2023-04-01,2024-03-31,gen-tokko-2023-tokko_dec;gen-tokko-2023-tokko_march,https://www.e-stat.go.jp/stat-search/file-download?statInfId=000040231591&fileKind=1
09,092100,大田原市,e_kokko_futsuken,6,国庫支出金のうち普通建設事業費支出金(決算),2024-04-01,2025-03-31,2025-03-31,0,決算(年度末),,312642.0,千円,,,237696.0,3.1715635257385317,増加,2024-04-01,2025-03-31,gen-mlit-release-2024;gen-election-shugiin_20241027_smd_09_3;gen-tokko-2024-tokko_dec;gen-tokko-2024-tokko_march,https://www.e-stat.go.jp/stat-search/file-download?statInfId=000040375638&fileKind=1
09,092100,大田原市,e_kokko_saigai,6,国庫支出金のうち災害復旧事業費支出金(決算),2020-04-01,2021-03-31,2021-03-31,0,決算(年度末),,73380.0,千円,,,,,未取得,,,,https://www.e-stat.go.jp/stat-search/file-download?statInfId=000032188698&fileKind=1
09,092100,大田原市,e_kokko_saigai,6,国庫支出金のうち災害復旧事業費支出金(決算),2021-04-01,2022-03-31,2022-03-31,0,決算(年度末),,30159.0,千円,,,-43221.0,-0.5890024529844644,減少,2021-04-01,2022-03-31,gen-election-shugiin_20211031_smd_09_3;gen-tokko-2021-tokko_dec;gen-tokko-2021-tokko_march;gen-mlit-release-2022,https://www.e-stat.go.jp/stat-search/file-download?statInfId=000040044921&fileKind=1
09,092100,大田原市,e_kokko_saigai,6,国庫支出金のうち災害復旧事業費支出金(決算),2022-04-01,2023-03-31,2023-03-31,0,決算(年度末),,0.0,千円,,,-30159.0,-1.0,減少,2022-04-01,2023-03-31,gen-election-sangiin_20220710_smd_09_1;gen-tokko-2022-tokko_dec;gen-tokko-2022-tokko_march;gen-mlit-release-2023,https://www.e-stat.go.jp/stat-search/file-download?statInfId=000040171702&fileKind=1
09,092100,大田原市,e_kokko_saigai,6,国庫支出金のうち災害復旧事業費支出金(決算),2023-04-01,2024-03-31,2024-03-31,0,決算(年度末),,0.0,千円,,,0.0,,未取得,2023-04-01,2024-03-31,gen-tokko-2023-tokko_dec;gen-tokko-2023-tokko_march,https://www.e-stat.go.jp/stat-search/file-download?statInfId=000040231591&fileKind=1
09,092100,大田原市,e_kokko_saigai,6,国庫支出金のうち災害復旧事業費支出金(決算),2024-04-01,2025-03-31,2025-03-31,0,決算(年度末),,0.0,千円,,,0.0,,未取得,2024-04-01,2025-03-31,gen-mlit-release-2024;gen-election-shugiin_20241027_smd_09_3;gen-tokko-2024-tokko_dec;gen-tokko-2024-tokko_march,https://www.e-stat.go.jp/stat-search/file-download?statInfId=000040375638&fileKind=1
09,092100,大田原市,e_kokko_shasoukou,6,国庫支出金のうち社会資本整備総合交付金(決算),2020-04-01,2021-03-31,2021-03-31,0,決算(年度末),,342091.0,千円,,,,,未取得,,,,https://www.e-stat.go.jp/stat-search/file-download?statInfId=000032188698&fileKind=1
09,092100,大田原市,e_kokko_shasoukou,6,国庫支出金のうち社会資本整備総合交付金(決算),2021-04-01,2022-03-31,2022-03-31,0,決算(年度末),,241060.0,千円,,,-101031.0,-0.2953336977587835,減少,2021-04-01,2022-03-31,gen-election-shugiin_20211031_smd_09_3;gen-tokko-2021-tokko_dec;gen-tokko-2021-tokko_march;gen-mlit-release-2022,https://www.e-stat.go.jp/stat-search/file-download?statInfId=000040044921&fileKind=1
09,092100,大田原市,e_kokko_shasoukou,6,国庫支出金のうち社会資本整備総合交付金(決算),2022-04-01,2023-03-31,2023-03-31,0,決算(年度末),,102171.0,千円,,,-138889.0,-0.5761594623745125,減少,2022-04-01,2023-03-31,gen-election-sangiin_20220710_smd_09_1;gen-tokko-2022-tokko_dec;gen-tokko-2022-tokko_march;gen-mlit-release-2023,https://www.e-stat.go.jp/stat-search/file-download?statInfId=000040171702&fileKind=1
09,092100,大田原市,e_kokko_shasoukou,6,国庫支出金のうち社会資本整備総合交付金(決算),2023-04-01,2024-03-31,2024-03-31,0,決算(年度末),,234173.0,千円,,,132002.0,1.2919713030116178,増加,2023-04-01,2024-03-31,gen-tokko-2023-tokko_dec;gen-tokko-2023-tokko_march,https://www.e-stat.go.jp/stat-search/file-download?statInfId=000040231591&fileKind=1
09,092100,大田原市,e_kokko_shasoukou,6,国庫支出金のうち社会資本整備総合交付金(決算),2024-04-01,2025-03-31,2025-03-31,0,決算(年度末),,259496.0,千円,,,25323.0,0.10813800053806374,増加,2024-04-01,2025-03-31,gen-mlit-release-2024;gen-election-shugiin_20241027_smd_09_3;gen-tokko-2024-tokko_dec;gen-tokko-2024-tokko_march,https://www.e-stat.go.jp/stat-search/file-download?statInfId=000040375638&fileKind=1
09,092100,大田原市,e_pref,6,都道府県支出金 計(決算),2020-04-01,2021-03-31,2021-03-31,0,決算(年度末),,2771639.0,千円,,,,,未取得,,,,https://www.e-stat.go.jp/stat-search/file-download?statInfId=000032188698&fileKind=1
09,092100,大田原市,e_pref,6,都道府県支出金 計(決算),2021-04-01,2022-03-31,2022-03-31,0,決算(年度末),,2604283.0,千円,,,-167356.0,-0.060381600922775294,減少,2021-04-01,2022-03-31,gen-election-shugiin_20211031_smd_09_3;gen-tokko-2021-tokko_dec;gen-tokko-2021-tokko_march;gen-mlit-release-2022,https://www.e-stat.go.jp/stat-search/file-download?statInfId=000040044921&fileKind=1
09,092100,大田原市,e_pref,6,都道府県支出金 計(決算),2022-04-01,2023-03-31,2023-03-31,0,決算(年度末),,2665971.0,千円,,,61688.0,0.023687133848356728,横ばい,2022-04-01,2023-03-31,gen-election-sangiin_20220710_smd_09_1;gen-tokko-2022-tokko_dec;gen-tokko-2022-tokko_march;gen-mlit-release-2023,https://www.e-stat.go.jp/stat-search/file-download?statInfId=000040171702&fileKind=1
09,092100,大田原市,e_pref,6,都道府県支出金 計(決算),2023-04-01,2024-03-31,2024-03-31,0,決算(年度末),,2746718.0,千円,,,80747.0,0.030288026388884202,横ばい,2023-04-01,2024-03-31,gen-tokko-2023-tokko_dec;gen-tokko-2023-tokko_march,https://www.e-stat.go.jp/stat-search/file-download?statInfId=000040231591&fileKind=1
09,092100,大田原市,e_pref,6,都道府県支出金 計(決算),2024-04-01,2025-03-31,2025-03-31,0,決算(年度末),,3074145.0,千円,,,327427.0,0.11920663133237558,増加,2024-04-01,2025-03-31,gen-mlit-release-2024;gen-election-shugiin_20241027_smd_09_3;gen-tokko-2024-tokko_dec;gen-tokko-2024-tokko_march,https://www.e-stat.go.jp/stat-search/file-download?statInfId=000040375638&fileKind=1
09,092100,大田原市,e_futsu,6,普通交付税(決算),2020-04-01,2021-03-31,2021-03-31,0,決算(年度末),,5382912.0,千円,,,,,未取得,,,,https://www.e-stat.go.jp/stat-search/file-download?statInfId=000032188698&fileKind=1
09,092100,大田原市,e_futsu,6,普通交付税(決算),2021-04-01,2022-03-31,2022-03-31,0,決算(年度末),,6125027.0,千円,,,742115.0,0.137864969741285,増加,2021-04-01,2022-03-31,gen-election-shugiin_20211031_smd_09_3;gen-tokko-2021-tokko_dec;gen-tokko-2021-tokko_march;gen-mlit-release-2022,https://www.e-stat.go.jp/stat-search/file-download?statInfId=000040044921&fileKind=1
09,092100,大田原市,e_futsu,6,普通交付税(決算),2022-04-01,2023-03-31,2023-03-31,0,決算(年度末),,5733060.0,千円,,,-391967.0,-0.06399433014744262,減少,2022-04-01,2023-03-31,gen-election-sangiin_20220710_smd_09_1;gen-tokko-2022-tokko_dec;gen-tokko-2022-tokko_march;gen-mlit-release-2023,https://www.e-stat.go.jp/stat-search/file-download?statInfId=000040171702&fileKind=1
09,092100,大田原市,e_futsu,6,普通交付税(決算),2023-04-01,2024-03-31,2024-03-31,0,決算(年度末),,5818080.0,千円,,,85020.0,0.014829776768427332,横ばい,2023-04-01,2024-03-31,gen-tokko-2023-tokko_dec;gen-tokko-2023-tokko_march,https://www.e-stat.go.jp/stat-search/file-download?statInfId=000040231591&fileKind=1
09,092100,大田原市,e_futsu,6,普通交付税(決算),2024-04-01,2025-03-31,2025-03-31,0,決算(年度末),,6024904.0,千円,,,206824.0,0.03554849709869923,横ばい,2024-04-01,2025-03-31,gen-mlit-release-2024;gen-election-shugiin_20241027_smd_09_3;gen-tokko-2024-tokko_dec;gen-tokko-2024-tokko_march,https://www.e-stat.go.jp/stat-search/file-download?statInfId=000040375638&fileKind=1
09,092100,大田原市,e_tokko,6,特別交付税(決算),2020-04-01,2021-03-31,2021-03-31,0,決算(年度末),,701537.0,千円,,,,,未取得,,,,https://www.e-stat.go.jp/stat-search/file-download?statInfId=000032188698&fileKind=1
09,092100,大田原市,e_tokko,6,特別交付税(決算),2021-04-01,2022-03-31,2022-03-31,0,決算(年度末),,707825.0,千円,,,6288.0,0.008963176568021359,横ばい,2021-04-01,2022-03-31,gen-election-shugiin_20211031_smd_09_3;gen-tokko-2021-tokko_dec;gen-tokko-2021-tokko_march;gen-mlit-release-2022,https://www.e-stat.go.jp/stat-search/file-download?statInfId=000040044921&fileKind=1
09,092100,大田原市,e_tokko,6,特別交付税(決算),2022-04-01,2023-03-31,2023-03-31,0,決算(年度末),,746907.0,千円,,,39082.0,0.0552142125525377,増加,2022-04-01,2023-03-31,gen-election-sangiin_20220710_smd_09_1;gen-tokko-2022-tokko_dec;gen-tokko-2022-tokko_march;gen-mlit-release-2023,https://www.e-stat.go.jp/stat-search/file-download?statInfId=000040171702&fileKind=1
09,092100,大田原市,e_tokko,6,特別交付税(決算),2023-04-01,2024-03-31,2024-03-31,0,決算(年度末),,740042.0,千円,,,-6865.0,-0.009191237998840552,横ばい,2023-04-01,2024-03-31,gen-tokko-2023-tokko_dec;gen-tokko-2023-tokko_march,https://www.e-stat.go.jp/stat-search/file-download?statInfId=000040231591&fileKind=1
09,092100,大田原市,e_tokko,6,特別交付税(決算),2024-04-01,2025-03-31,2025-03-31,0,決算(年度末),,731588.0,千円,,,-8454.0,-0.011423675953526962,横ばい,2024-04-01,2025-03-31,gen-mlit-release-2024;gen-election-shugiin_20241027_smd_09_3;gen-tokko-2024-tokko_dec;gen-tokko-2024-tokko_march,https://www.e-stat.go.jp/stat-search/file-download?statInfId=000040375638&fileKind=1
09,092100,大田原市,e_road_kokko,7,道路橋りょう費に充当した国庫支出金(決算),2020-04-01,2021-03-31,2021-03-31,0,決算(年度末),,509664.0,千円,,,,,未取得,,,,https://www.e-stat.go.jp/stat-search/file-download?statInfId=000032188710&fileKind=1
09,092100,大田原市,e_road_kokko,7,道路橋りょう費に充当した国庫支出金(決算),2021-04-01,2022-03-31,2022-03-31,0,決算(年度末),,390564.0,千円,,,-119100.0,-0.23368336786588811,減少,2021-04-01,2022-03-31,gen-election-shugiin_20211031_smd_09_3;gen-tokko-2021-tokko_dec;gen-tokko-2021-tokko_march;gen-mlit-release-2022,https://www.e-stat.go.jp/stat-search/file-download?statInfId=000040044933&fileKind=1
09,092100,大田原市,e_road_kokko,7,道路橋りょう費に充当した国庫支出金(決算),2022-04-01,2023-03-31,2023-03-31,0,決算(年度末),,171092.0,千円,,,-219472.0,-0.5619360719369937,減少,2022-04-01,2023-03-31,gen-election-sangiin_20220710_smd_09_1;gen-tokko-2022-tokko_dec;gen-tokko-2022-tokko_march;gen-mlit-release-2023,https://www.e-stat.go.jp/stat-search/file-download?statInfId=000040171714&fileKind=1
09,092100,大田原市,e_road_kokko,7,道路橋りょう費に充当した国庫支出金(決算),2023-04-01,2024-03-31,2024-03-31,0,決算(年度末),,245545.0,千円,,,74453.0,0.4351635377457742,増加,2023-04-01,2024-03-31,gen-tokko-2023-tokko_dec;gen-tokko-2023-tokko_march,https://www.e-stat.go.jp/stat-search/file-download?statInfId=000040231603&fileKind=1
09,092100,大田原市,e_road_kokko,7,道路橋りょう費に充当した国庫支出金(決算),2024-04-01,2025-03-31,2025-03-31,0,決算(年度末),,473259.0,千円,,,227714.0,0.9273819462827587,増加,2024-04-01,2025-03-31,gen-mlit-release-2024;gen-election-shugiin_20241027_smd_09_3;gen-tokko-2024-tokko_dec;gen-tokko-2024-tokko_march,https://www.e-stat.go.jp/stat-search/file-download?statInfId=000040375650&fileKind=1
09,092100,大田原市,e_hojo_road_kokko,8,補助事業費(道路・橋りょう)の国庫支出金(決算),2020-04-01,2021-03-31,2021-03-31,0,決算(年度末),,509664.0,千円,,,,,未取得,,,,https://www.e-stat.go.jp/stat-search/file-download?statInfId=000032188732&fileKind=1
09,092100,大田原市,e_hojo_road_kokko,8,補助事業費(道路・橋りょう)の国庫支出金(決算),2021-04-01,2022-03-31,2022-03-31,0,決算(年度末),,390564.0,千円,,,-119100.0,-0.23368336786588811,減少,2021-04-01,2022-03-31,gen-election-shugiin_20211031_smd_09_3;gen-tokko-2021-tokko_dec;gen-tokko-2021-tokko_march;gen-mlit-release-2022,https://www.e-stat.go.jp/stat-search/file-download?statInfId=000040044955&fileKind=1
09,092100,大田原市,e_hojo_road_kokko,8,補助事業費(道路・橋りょう)の国庫支出金(決算),2022-04-01,2023-03-31,2023-03-31,0,決算(年度末),,171092.0,千円,,,-219472.0,-0.5619360719369937,減少,2022-04-01,2023-03-31,gen-election-sangiin_20220710_smd_09_1;gen-tokko-2022-tokko_dec;gen-tokko-2022-tokko_march;gen-mlit-release-2023,https://www.e-stat.go.jp/stat-search/file-download?statInfId=000040171736&fileKind=1
09,092100,大田原市,e_hojo_road_kokko,8,補助事業費(道路・橋りょう)の国庫支出金(決算),2023-04-01,2024-03-31,2024-03-31,0,決算(年度末),,245545.0,千円,,,74453.0,0.4351635377457742,増加,2023-04-01,2024-03-31,gen-tokko-2023-tokko_dec;gen-tokko-2023-tokko_march,https://www.e-stat.go.jp/stat-search/file-download?statInfId=000040231625&fileKind=1
09,092100,大田原市,e_hojo_road_kokko,8,補助事業費(道路・橋りょう)の国庫支出金(決算),2024-04-01,2025-03-31,2025-03-31,0,決算(年度末),,473259.0,千円,,,227714.0,0.9273819462827587,増加,2024-04-01,2025-03-31,gen-mlit-release-2024;gen-election-shugiin_20241027_smd_09_3;gen-tokko-2024-tokko_dec;gen-tokko-2024-tokko_march,https://www.e-stat.go.jp/stat-search/file-download?statInfId=000040375672&fileKind=1
09,092100,大田原市,futsu_decided,9,普通交付税 当初決定額,2021-04-01,2022-03-31,2021-08-03,0,当初決定日(算定結果の報道資料の日付),2021-08-03,5640781.0,千円,,,,,未取得,,,,https://www.soumu.go.jp/main_content/000761570.xlsx
09,092100,大田原市,futsu_decided,9,普通交付税 当初決定額,2022-04-01,2023-03-31,2022-07-26,0,当初決定日(算定結果の報道資料の日付),2022-07-26,5611926.0,千円,,,-28855.0,-0.0051154263921964,横ばい,2021-08-04,2022-07-26,gen-election-shugiin_20211031_smd_09_3;gen-tokko-2021-tokko_dec;gen-tokko-2021-tokko_march;gen-mlit-release-2022;gen-election-sangiin_20220710_smd_09_1,https://www.soumu.go.jp/main_content/000762090.xlsx
09,092100,大田原市,futsu_decided,9,普通交付税 当初決定額,2023-04-01,2024-03-31,2023-07-28,0,当初決定日(算定結果の報道資料の日付),2023-07-28,5640823.0,千円,,,28897.0,0.0051492125876214335,横ばい,2022-07-27,2023-07-28,gen-tokko-2022-tokko_dec;gen-tokko-2022-tokko_march;gen-mlit-release-2023,https://www.soumu.go.jp/main_content/000894237.xlsx
09,092100,大田原市,futsu_decided,9,普通交付税 当初決定額,2024-04-01,2025-03-31,2024-07-23,0,当初決定日(算定結果の報道資料の日付),2024-07-23,5676065.0,千円,,,35242.0,0.006247669887886927,横ばい,2023-07-29,2024-07-23,gen-tokko-2023-tokko_dec;gen-tokko-2023-tokko_march;gen-mlit-release-2024,https://www.soumu.go.jp/main_content/000958553.xlsx
09,092100,大田原市,futsu_decided,9,普通交付税 当初決定額,2025-04-01,2026-03-31,2025-07-29,0,当初決定日(算定結果の報道資料の日付),2025-07-29,5850517.0,千円,,,174452.0,0.030734672700189303,横ばい,2024-07-24,2025-07-29,gen-election-shugiin_20241027_smd_09_3;gen-tokko-2024-tokko_dec;gen-tokko-2024-tokko_march;gen-mlit-release-2025;gen-election-sangiin_20250720_smd_09_1,https://www.soumu.go.jp/main_content/001022466.xlsx
09,092100,大田原市,futsu_decided,9,普通交付税 当初決定額,2026-04-01,2027-03-31,2026-07-24,0,当初決定日(算定結果の報道資料の日付),2026-07-24,5905170.0,千円,,,54653.0,0.009341567591376967,横ばい,2025-07-30,2026-07-24,gen-tokko-2025-tokko_dec;m-2026ge-endorse-092100;gen-election-shugiin_20260208_smd_09_3;gen-cabinet-2026-02-18;gen-position-motegi_toshimitsu-外務大臣-2026-02-18;gen-tokko-2025-tokko_march;gen-mlit-release-2026,https://www.soumu.go.jp/main_content/001083404.xlsx
09,092100,大田原市,kofu_total,10,国交省 交付決定額 計(年度合計),2017-04-01,2018-03-31,2017-10-31,1,年度内で最後の交付決定日(交付決定がない年度は年度末)。値は年度合計(変更減額を含む),,917067.0,千円,,,,,未取得,,,,https://www.mlit.go.jp/common/001210869.xlsx
09,092100,大田原市,kofu_total,10,国交省 交付決定額 計(年度合計),2018-04-01,2019-03-31,2018-09-03,1,年度内で最後の交付決定日(交付決定がない年度は年度末)。値は年度合計(変更減額を含む),,773403.0,千円,,,-143664.0,-0.15665594771156305,減少,2017-11-01,2018-09-03,,https://www.mlit.go.jp/common/001260907.xlsx
09,092100,大田原市,kofu_total,10,国交省 交付決定額 計(年度合計),2019-04-01,2020-03-31,2020-03-31,1,年度内で最後の交付決定日(交付決定がない年度は年度末)。値は年度合計(変更減額を含む),,726972.0,千円,,,-46431.0,-0.06003467791048134,減少,2018-09-04,2020-03-31,,https://www.mlit.go.jp/common/001316172.xlsx
09,092100,大田原市,kofu_total,10,国交省 交付決定額 計(年度合計),2020-04-01,2021-03-31,2021-02-05,1,年度内で最後の交付決定日(交付決定がない年度は年度末)。値は年度合計(変更減額を含む),,702566.0,千円,,,-24406.0,-0.03357213207661368,横ばい,2020-04-01,2021-02-05,gen-tokko-2020-tokko_dec,https://www.mlit.go.jp/common/001371589.xlsx
09,092100,大田原市,kofu_total,10,国交省 交付決定額 計(年度合計),2021-04-01,2022-03-31,2022-02-09,1,年度内で最後の交付決定日(交付決定がない年度は年度末)。値は年度合計(変更減額を含む),,212721.0,千円,,,-489845.0,-0.6972227520261441,減少,2021-02-06,2022-02-09,gen-tokko-2020-tokko_march;gen-mlit-release-2021;gen-election-shugiin_20211031_smd_09_3;gen-tokko-2021-tokko_dec,https://www.mlit.go.jp/common/001579048.xlsx
09,092100,大田原市,kofu_total,10,国交省 交付決定額 計(年度合計),2022-04-01,2023-03-31,2023-03-07,1,年度内で最後の交付決定日(交付決定がない年度は年度末)。値は年度合計(変更減額を含む),,316796.0,千円,,,104075.0,0.4892558797673949,増加,2022-02-10,2023-03-07,gen-tokko-2021-tokko_march;gen-mlit-release-2022;gen-election-sangiin_20220710_smd_09_1;gen-tokko-2022-tokko_dec,https://www.mlit.go.jp/common/001426891.xlsx
09,092100,大田原市,kofu_total,10,国交省 交付決定額 計(年度合計),2023-04-01,2024-03-31,2024-03-08,1,年度内で最後の交付決定日(交付決定がない年度は年度末)。値は年度合計(変更減額を含む),,477980.0,千円,,,161184.0,0.5087943029583707,増加,2023-03-08,2024-03-08,gen-tokko-2022-tokko_march;gen-mlit-release-2023;gen-tokko-2023-tokko_dec,https://www.mlit.go.jp/page/content/001749355.xlsx
09,092100,大田原市,kofu_total,10,国交省 交付決定額 計(年度合計),2024-04-01,2025-03-31,2025-03-13,1,年度内で最後の交付決定日(交付決定がない年度は年度末)。値は年度合計(変更減額を含む),,601527.0,千円,,,123547.0,0.25847734214820706,増加,2024-03-09,2025-03-13,gen-tokko-2023-tokko_march;gen-mlit-release-2024;gen-election-shugiin_20241027_smd_09_3;gen-tokko-2024-tokko_dec,https://www.mlit.go.jp/page/content/001889200.xlsx
09,092100,大田原市,kofu_total,10,国交省 交付決定額 計(年度合計),2025-04-01,2026-03-31,2026-03-26,1,年度内で最後の交付決定日(交付決定がない年度は年度末)。値は年度合計(変更減額を含む),,826074.0,千円,,,224547.0,0.37329496431581627,増加,2025-03-14,2026-03-26,gen-tokko-2024-tokko_march;gen-mlit-release-2025;gen-election-sangiin_20250720_smd_09_1;gen-tokko-2025-tokko_dec;m-2026ge-endorse-092100;gen-election-shugiin_20260208_smd_09_3;gen-cabinet-2026-02-18;gen-position-motegi_toshimitsu-外務大臣-2026-02-18;gen-tokko-2025-tokko_march,https://www.mlit.go.jp/page/content/001968987.xlsx
09,092100,大田原市,kofu_shasoukou,10,国交省 交付決定額 社会資本整備総合交付金,2017-04-01,2018-03-31,2018-03-31,1,年度内で最後の交付決定日(交付決定がない年度は年度末)。値は年度合計(変更減額を含む),,653906.0,千円,,,,,未取得,,,,https://www.mlit.go.jp/common/001306061.xlsx
09,092100,大田原市,kofu_shasoukou,10,国交省 交付決定額 社会資本整備総合交付金,2018-04-01,2019-03-31,2018-09-03,1,年度内で最後の交付決定日(交付決定がない年度は年度末)。値は年度合計(変更減額を含む),,566257.0,千円,,,-87649.0,-0.1340391432407716,減少,2018-04-01,2018-09-03,,https://www.mlit.go.jp/common/001288716.xlsx
09,092100,大田原市,kofu_shasoukou,10,国交省 交付決定額 社会資本整備総合交付金,2019-04-01,2020-03-31,2020-03-31,1,年度内で最後の交付決定日(交付決定がない年度は年度末)。値は年度合計(変更減額を含む),,493514.0,千円,,,-72743.0,-0.1284628710991652,減少,2018-09-04,2020-03-31,,https://www.mlit.go.jp/common/001316186.xlsx
09,092100,大田原市,kofu_shasoukou,10,国交省 交付決定額 社会資本整備総合交付金,2020-04-01,2021-03-31,2021-03-31,1,年度内で最後の交付決定日(交付決定がない年度は年度末)。値は年度合計(変更減額を含む),,335413.0,千円,,,-158101.0,-0.32035767982265956,減少,2020-04-01,2021-03-31,gen-tokko-2020-tokko_dec;gen-tokko-2020-tokko_march;gen-mlit-release-2021,https://www.mlit.go.jp/common/001371606.xlsx
09,092100,大田原市,kofu_shasoukou,10,国交省 交付決定額 社会資本整備総合交付金,2021-04-01,2022-03-31,2022-03-31,1,年度内で最後の交付決定日(交付決定がない年度は年度末)。値は年度合計(変更減額を含む),,135215.0,千円,,,-200198.0,-0.5968701272759255,減少,2021-04-01,2022-03-31,gen-election-shugiin_20211031_smd_09_3;gen-tokko-2021-tokko_dec;gen-tokko-2021-tokko_march;gen-mlit-release-2022,https://www.mlit.go.jp/common/001579064.xlsx
09,092100,大田原市,kofu_shasoukou,10,国交省 交付決定額 社会資本整備総合交付金,2022-04-01,2023-03-31,2023-03-31,1,年度内で最後の交付決定日(交付決定がない年度は年度末)。値は年度合計(変更減額を含む),,139412.0,千円,,,4197.0,0.03103945568169212,横ばい,2022-04-01,2023-03-31,gen-election-sangiin_20220710_smd_09_1;gen-tokko-2022-tokko_dec;gen-tokko-2022-tokko_march;gen-mlit-release-2023,https://www.mlit.go.jp/common/001426909.xlsx
09,092100,大田原市,kofu_shasoukou,10,国交省 交付決定額 社会資本整備総合交付金,2023-04-01,2024-03-31,2023-08-03,1,年度内で最後の交付決定日(交付決定がない年度は年度末)。値は年度合計(変更減額を含む),,239558.0,千円,,,100146.0,0.718345623045362,増加,2023-04-01,2023-08-03,,https://www.mlit.go.jp/page/content/001708175.xlsx
09,092100,大田原市,kofu_shasoukou,10,国交省 交付決定額 社会資本整備総合交付金,2024-04-01,2025-03-31,2024-12-23,1,年度内で最後の交付決定日(交付決定がない年度は年度末)。値は年度合計(変更減額を含む),,160438.0,千円,,,-79120.0,-0.33027492298316063,減少,2023-08-04,2024-12-23,gen-tokko-2023-tokko_dec;gen-tokko-2023-tokko_march;gen-mlit-release-2024;gen-election-shugiin_20241027_smd_09_3;gen-tokko-2024-tokko_dec,https://www.mlit.go.jp/page/content/001842591.xlsx
09,092100,大田原市,kofu_shasoukou,10,国交省 交付決定額 社会資本整備総合交付金,2025-04-01,2026-03-31,2026-03-26,1,年度内で最後の交付決定日(交付決定がない年度は年度末)。値は年度合計(変更減額を含む),,131177.0,千円,,,-29261.0,-0.1823819793315798,減少,2024-12-24,2026-03-26,gen-tokko-2024-tokko_march;gen-mlit-release-2025;gen-election-sangiin_20250720_smd_09_1;gen-tokko-2025-tokko_dec;m-2026ge-endorse-092100;gen-election-shugiin_20260208_smd_09_3;gen-cabinet-2026-02-18;gen-position-motegi_toshimitsu-外務大臣-2026-02-18;gen-tokko-2025-tokko_march,https://www.mlit.go.jp/page/content/001969014.xlsx
09,092100,大田原市,kofu_bouan,10,国交省 交付決定額 防災・安全交付金,2017-04-01,2018-03-31,2018-03-31,1,年度内で最後の交付決定日(交付決定がない年度は年度末)。値は年度合計(変更減額を含む),,464187.0,千円,,,,,未取得,,,,https://www.mlit.go.jp/common/001306061.xlsx
09,092100,大田原市,kofu_bouan,10,国交省 交付決定額 防災・安全交付金,2018-04-01,2019-03-31,2018-09-03,1,年度内で最後の交付決定日(交付決定がない年度は年度末)。値は年度合計(変更減額を含む),,331556.0,千円,,,-132631.0,-0.2857275192971798,減少,2018-04-01,2018-09-03,,https://www.mlit.go.jp/common/001288716.xlsx
09,092100,大田原市,kofu_bouan,10,国交省 交付決定額 防災・安全交付金,2019-04-01,2020-03-31,2020-03-31,1,年度内で最後の交付決定日(交付決定がない年度は年度末)。値は年度合計(変更減額を含む),,257414.0,千円,,,-74142.0,-0.22361833295129632,減少,2018-09-04,2020-03-31,,https://www.mlit.go.jp/common/001316186.xlsx
09,092100,大田原市,kofu_bouan,10,国交省 交付決定額 防災・安全交付金,2020-04-01,2021-03-31,2021-03-31,1,年度内で最後の交付決定日(交付決定がない年度は年度末)。値は年度合計(変更減額を含む),,178295.0,千円,,,-79119.0,-0.307360905001282,減少,2020-04-01,2021-03-31,gen-tokko-2020-tokko_dec;gen-tokko-2020-tokko_march;gen-mlit-release-2021,https://www.mlit.go.jp/common/001371606.xlsx
09,092100,大田原市,kofu_bouan,10,国交省 交付決定額 防災・安全交付金,2021-04-01,2022-03-31,2022-03-31,1,年度内で最後の交付決定日(交付決定がない年度は年度末)。値は年度合計(変更減額を含む),,28300.0,千円,,,-149995.0,-0.8412742926049525,減少,2021-04-01,2022-03-31,gen-election-shugiin_20211031_smd_09_3;gen-tokko-2021-tokko_dec;gen-tokko-2021-tokko_march;gen-mlit-release-2022,https://www.mlit.go.jp/common/001579064.xlsx
09,092100,大田原市,kofu_bouan,10,国交省 交付決定額 防災・安全交付金,2022-04-01,2023-03-31,2023-03-31,1,年度内で最後の交付決定日(交付決定がない年度は年度末)。値は年度合計(変更減額を含む),,92161.0,千円,,,63861.0,2.2565724381625443,増加,2022-04-01,2023-03-31,gen-election-sangiin_20220710_smd_09_1;gen-tokko-2022-tokko_dec;gen-tokko-2022-tokko_march;gen-mlit-release-2023,https://www.mlit.go.jp/common/001426909.xlsx
09,092100,大田原市,kofu_bouan,10,国交省 交付決定額 防災・安全交付金,2023-04-01,2024-03-31,2023-08-18,1,年度内で最後の交付決定日(交付決定がない年度は年度末)。値は年度合計(変更減額を含む),,175937.0,千円,,,83776.0,0.9090179143021452,増加,2023-04-01,2023-08-18,,https://www.mlit.go.jp/page/content/001708175.xlsx
09,092100,大田原市,kofu_bouan,10,国交省 交付決定額 防災・安全交付金,2024-04-01,2025-03-31,2025-03-13,1,年度内で最後の交付決定日(交付決定がない年度は年度末)。値は年度合計(変更減額を含む),,160998.0,千円,,,-14939.0,-0.08491107612383979,減少,2023-08-19,2025-03-13,gen-tokko-2023-tokko_dec;gen-tokko-2023-tokko_march;gen-mlit-release-2024;gen-election-shugiin_20241027_smd_09_3;gen-tokko-2024-tokko_dec,https://www.mlit.go.jp/page/content/001842591.xlsx
09,092100,大田原市,kofu_bouan,10,国交省 交付決定額 防災・安全交付金,2025-04-01,2026-03-31,2026-03-26,1,年度内で最後の交付決定日(交付決定がない年度は年度末)。値は年度合計(変更減額を含む),,173954.0,千円,,,12956.0,0.08047304935465037,増加,2025-03-14,2026-03-26,gen-tokko-2024-tokko_march;gen-mlit-release-2025;gen-election-sangiin_20250720_smd_09_1;gen-tokko-2025-tokko_dec;m-2026ge-endorse-092100;gen-election-shugiin_20260208_smd_09_3;gen-cabinet-2026-02-18;gen-position-motegi_toshimitsu-外務大臣-2026-02-18;gen-tokko-2025-tokko_march,https://www.mlit.go.jp/page/content/001969014.xlsx
09,092100,大田原市,kofu_road,10,国交省 交付決定額 道路関係の補助,2017-04-01,2018-03-31,2018-03-31,1,年度内で最後の交付決定日(交付決定がない年度は年度末)。値は年度合計(変更減額を含む),,0.0,千円,,,,,未取得,,,,https://www.mlit.go.jp/common/001234557.xlsx
09,092100,大田原市,kofu_road,10,国交省 交付決定額 道路関係の補助,2018-04-01,2019-03-31,2019-03-31,1,年度内で最後の交付決定日(交付決定がない年度は年度末)。値は年度合計(変更減額を含む),,0.0,千円,,,0.0,,未取得,2018-04-01,2019-03-31,,https://www.mlit.go.jp/common/001260897.xlsx
09,092100,大田原市,kofu_road,10,国交省 交付決定額 道路関係の補助,2019-04-01,2020-03-31,2020-03-31,1,年度内で最後の交付決定日(交付決定がない年度は年度末)。値は年度合計(変更減額を含む),,0.0,千円,,,0.0,,未取得,2019-04-01,2020-03-31,,https://www.mlit.go.jp/common/001316175.xlsx
09,092100,大田原市,kofu_road,10,国交省 交付決定額 道路関係の補助,2020-04-01,2021-03-31,2021-03-31,1,年度内で最後の交付決定日(交付決定がない年度は年度末)。値は年度合計(変更減額を含む),,105050.0,千円,,,105050.0,,未取得,2020-04-01,2021-03-31,gen-tokko-2020-tokko_dec;gen-tokko-2020-tokko_march;gen-mlit-release-2021,https://www.mlit.go.jp/common/001371629.xlsx
09,092100,大田原市,kofu_road,10,国交省 交付決定額 道路関係の補助,2021-04-01,2022-03-31,2021-06-18,1,年度内で最後の交付決定日(交付決定がない年度は年度末)。値は年度合計(変更減額を含む),,77206.0,千円,,,-27844.0,-0.26505473584007616,減少,2021-04-01,2021-06-18,,https://www.mlit.go.jp/common/001579051.xlsx
09,092100,大田原市,kofu_road,10,国交省 交付決定額 道路関係の補助,2022-04-01,2023-03-31,2022-06-17,1,年度内で最後の交付決定日(交付決定がない年度は年度末)。値は年度合計(変更減額を含む),,84923.0,千円,,,7717.0,0.09995337149962438,増加,2021-06-19,2022-06-17,gen-election-shugiin_20211031_smd_09_3;gen-tokko-2021-tokko_dec;gen-tokko-2021-tokko_march;gen-mlit-release-2022,https://www.mlit.go.jp/common/001426897.xlsx
09,092100,大田原市,kofu_road,10,国交省 交付決定額 道路関係の補助,2023-04-01,2024-03-31,2023-06-16,1,年度内で最後の交付決定日(交付決定がない年度は年度末)。値は年度合計(変更減額を含む),,62184.99999999999,千円,,,-22738.000000000007,-0.2677484309315498,減少,2022-06-18,2023-06-16,gen-election-sangiin_20220710_smd_09_1;gen-tokko-2022-tokko_dec;gen-tokko-2022-tokko_march;gen-mlit-release-2023,https://www.mlit.go.jp/page/content/001708164.xlsx
09,092100,大田原市,kofu_road,10,国交省 交付決定額 道路関係の補助,2024-04-01,2025-03-31,2024-08-23,1,年度内で最後の交付決定日(交付決定がない年度は年度末)。値は年度合計(変更減額を含む),,128149.99999999997,千円,,,65964.99999999997,1.060786363270885,増加,2023-06-17,2024-08-23,gen-tokko-2023-tokko_dec;gen-tokko-2023-tokko_march;gen-mlit-release-2024,https://www.mlit.go.jp/page/content/001889202.xlsx
09,092100,大田原市,kofu_road,10,国交省 交付決定額 道路関係の補助,2025-04-01,2026-03-31,2025-05-16,1,年度内で最後の交付決定日(交付決定がない年度は年度末)。値は年度合計(変更減額を含む),,311299.99999999994,千円,,,183149.99999999997,1.4291845493562232,増加,2024-08-24,2025-05-16,gen-election-shugiin_20241027_smd_09_3;gen-tokko-2024-tokko_dec;gen-tokko-2024-tokko_march;gen-mlit-release-2025,https://www.mlit.go.jp/page/content/001969000.xlsx
09,092118,矢板市,card_kokko,1,国庫支出金(決算),2020-04-01,2021-03-31,2021-03-31,0,決算(年度末),,5799557.0,千円,,,,,未取得,,,,https://www.soumu.go.jp/main_content/000804135.xlsx
09,092118,矢板市,card_kokko,1,国庫支出金(決算),2021-04-01,2022-03-31,2022-03-31,0,決算(年度末),,3166009.0,千円,,,-2633548.0,-0.4540946834387523,減少,2021-04-01,2022-03-31,gen-election-shugiin_20211031_smd_09_3;gen-tokko-2021-tokko_dec;gen-tokko-2021-tokko_march;gen-mlit-release-2022,https://www.soumu.go.jp/main_content/000873399.xlsx
09,092118,矢板市,card_kokko,1,国庫支出金(決算),2022-04-01,2023-03-31,2023-03-31,0,決算(年度末),,2703018.0,千円,,,-462991.0,-0.1462380555456412,減少,2022-04-01,2023-03-31,gen-election-sangiin_20220710_smd_09_1;gen-tokko-2022-tokko_dec;gen-tokko-2022-tokko_march;gen-mlit-release-2023,https://www.soumu.go.jp/main_content/000937050.xlsx
09,092118,矢板市,card_kokko,1,国庫支出金(決算),2023-04-01,2024-03-31,2024-03-31,0,決算(年度末),,3158734.0,千円,,,455716.0,0.16859525167793926,増加,2023-04-01,2024-03-31,gen-tokko-2023-tokko_dec;gen-tokko-2023-tokko_march,https://www.soumu.go.jp/main_content/000998938.xlsx
09,092118,矢板市,card_kokko,1,国庫支出金(決算),2024-04-01,2025-03-31,2025-03-31,0,決算(年度末),,2581717.0,千円,,,-577017.0,-0.18267350147242534,減少,2024-04-01,2025-03-31,gen-mlit-release-2024;gen-election-shugiin_20241027_smd_09_3;gen-tokko-2024-tokko_dec;gen-tokko-2024-tokko_march,https://www.soumu.go.jp/main_content/001063963.xlsx
09,092118,矢板市,card_pref,2,県支出金(決算),2020-04-01,2021-03-31,2021-03-31,0,決算(年度末),,1260025.0,千円,,,,,未取得,,,,https://www.soumu.go.jp/main_content/000804135.xlsx
09,092118,矢板市,card_pref,2,県支出金(決算),2021-04-01,2022-03-31,2022-03-31,0,決算(年度末),,1101377.0,千円,,,-158648.0,-0.12590861292434674,減少,2021-04-01,2022-03-31,gen-election-shugiin_20211031_smd_09_3;gen-tokko-2021-tokko_dec;gen-tokko-2021-tokko_march;gen-mlit-release-2022,https://www.soumu.go.jp/main_content/000873399.xlsx
09,092118,矢板市,card_pref,2,県支出金(決算),2022-04-01,2023-03-31,2023-03-31,0,決算(年度末),,1013133.0,千円,,,-88244.0,-0.08012152060556921,減少,2022-04-01,2023-03-31,gen-election-sangiin_20220710_smd_09_1;gen-tokko-2022-tokko_dec;gen-tokko-2022-tokko_march;gen-mlit-release-2023,https://www.soumu.go.jp/main_content/000937050.xlsx
09,092118,矢板市,card_pref,2,県支出金(決算),2023-04-01,2024-03-31,2024-03-31,0,決算(年度末),,1102370.0,千円,,,89237.0,0.08808024217945719,増加,2023-04-01,2024-03-31,gen-tokko-2023-tokko_dec;gen-tokko-2023-tokko_march,https://www.soumu.go.jp/main_content/000998938.xlsx
09,092118,矢板市,card_pref,2,県支出金(決算),2024-04-01,2025-03-31,2025-03-31,0,決算(年度末),,1151138.0,千円,,,48768.0,0.0442392300225877,横ばい,2024-04-01,2025-03-31,gen-mlit-release-2024;gen-election-shugiin_20241027_smd_09_3;gen-tokko-2024-tokko_dec;gen-tokko-2024-tokko_march,https://www.soumu.go.jp/main_content/001063963.xlsx
09,092118,矢板市,tokko_dec,3a,特別交付税 12月分,2020-04-01,2021-03-31,2020-12-08,0,交付決定日(報道発表),2020-12-08,24316.0,千円,,,,,未取得,,,,https://www.soumu.go.jp/main_content/000721607.pdf
09,092118,矢板市,tokko_dec,3a,特別交付税 12月分,2021-04-01,2022-03-31,2021-12-03,0,交付決定日(報道発表),2021-12-03,32418.0,千円,,,8102.0,0.3331962493831222,増加,2020-12-09,2021-12-03,gen-tokko-2020-tokko_march;gen-mlit-release-2021;gen-election-shugiin_20211031_smd_09_3;gen-tokko-2021-tokko_dec,https://www.soumu.go.jp/main_content/000780948.pdf
09,092118,矢板市,tokko_dec,3a,特別交付税 12月分,2022-04-01,2023-03-31,2022-12-13,0,交付決定日(報道発表),2022-12-13,32210.0,千円,,,-208.0,-0.0064161885372324015,横ばい,2021-12-04,2022-12-13,gen-tokko-2021-tokko_march;gen-mlit-release-2022;gen-election-sangiin_20220710_smd_09_1;gen-tokko-2022-tokko_dec,https://www.soumu.go.jp/main_content/000850537.pdf
09,092118,矢板市,tokko_dec,3a,特別交付税 12月分,2023-04-01,2024-03-31,2023-12-12,0,交付決定日(報道発表),2023-12-12,46125.0,千円,,,13915.0,0.4320086929524992,増加,2022-12-14,2023-12-12,gen-tokko-2022-tokko_march;gen-mlit-release-2023;gen-tokko-2023-tokko_dec,https://www.soumu.go.jp/main_content/000916643.pdf
09,092118,矢板市,tokko_dec,3a,特別交付税 12月分,2024-04-01,2025-03-31,2024-12-20,0,交付決定日(報道発表),2024-12-20,59405.0,千円,,,13280.0,0.28791327913279136,増加,2023-12-13,2024-12-20,gen-tokko-2023-tokko_march;gen-mlit-release-2024;gen-election-shugiin_20241027_smd_09_3;gen-tokko-2024-tokko_dec,https://www.soumu.go.jp/main_content/000983129.pdf
09,092118,矢板市,tokko_dec,3a,特別交付税 12月分,2025-04-01,2026-03-31,2025-12-19,0,交付決定日(報道発表),2025-12-19,44150.0,千円,,,-15255.0,-0.2567965659456275,減少,2024-12-21,2025-12-19,gen-tokko-2024-tokko_march;gen-mlit-release-2025;gen-election-sangiin_20250720_smd_09_1;gen-tokko-2025-tokko_dec,https://www.soumu.go.jp/main_content/001046667.pdf
09,092118,矢板市,tokko_march,3b,特別交付税 3月分,2020-04-01,2021-03-31,2021-03-19,0,交付決定日(報道発表),2021-03-19,328029.0,千円,,,,,未取得,,,,https://www.soumu.go.jp/main_content/000738961.pdf
09,092118,矢板市,tokko_march,3b,特別交付税 3月分,2021-04-01,2022-03-31,2022-03-18,0,交付決定日(報道発表),2022-03-18,351562.0,千円,,,23533.0,0.07174060829987593,増加,2021-03-20,2022-03-18,gen-mlit-release-2021;gen-election-shugiin_20211031_smd_09_3;gen-tokko-2021-tokko_dec;gen-tokko-2021-tokko_march,https://www.soumu.go.jp/main_content/000799619.pdf
09,092118,矢板市,tokko_march,3b,特別交付税 3月分,2022-04-01,2023-03-31,2023-03-22,0,交付決定日(報道発表),2023-03-22,366262.0,千円,,,14700.0,0.041813392801269764,横ばい,2022-03-19,2023-03-22,gen-mlit-release-2022;gen-election-sangiin_20220710_smd_09_1;gen-tokko-2022-tokko_dec;gen-tokko-2022-tokko_march,https://www.soumu.go.jp/main_content/000869990.pdf
09,092118,矢板市,tokko_march,3b,特別交付税 3月分,2023-04-01,2024-03-31,2024-03-22,0,交付決定日(報道発表),2024-03-22,349570.0,千円,,,-16692.0,-0.04557393341378576,横ばい,2023-03-23,2024-03-22,gen-mlit-release-2023;gen-tokko-2023-tokko_dec;gen-tokko-2023-tokko_march,https://www.soumu.go.jp/main_content/000997045.pdf
09,092118,矢板市,tokko_march,3b,特別交付税 3月分,2024-04-01,2025-03-31,2025-03-21,0,交付決定日(報道発表),2025-03-21,346770.0,千円,,,-2800.0,-0.008009840661383986,横ばい,2024-03-23,2025-03-21,gen-mlit-release-2024;gen-election-shugiin_20241027_smd_09_3;gen-tokko-2024-tokko_dec;gen-tokko-2024-tokko_march,https://www.soumu.go.jp/main_content/000998441.pdf
09,092118,矢板市,tokko_march,3b,特別交付税 3月分,2025-04-01,2026-03-31,2026-03-17,0,交付決定日(報道発表),2026-03-17,373943.0,千円,,,27173.0,0.07836029645009661,増加,2025-03-22,2026-03-17,gen-mlit-release-2025;gen-election-sangiin_20250720_smd_09_1;gen-tokko-2025-tokko_dec;m-2026ge-endorse-092118;gen-election-shugiin_20260208_smd_09_3;gen-cabinet-2026-02-18;gen-position-motegi_toshimitsu-外務大臣-2026-02-18;gen-tokko-2025-tokko_march,https://www.soumu.go.jp/main_content/001061260.pdf
09,092118,矢板市,mlit_sole_grants,4,社総交・防安交 単独策定主体の国費,2021-04-01,2022-03-31,2021-03-30,1,当初配分の報道発表日を代用(交付決定日は未公表),2021-03-30,36000.0,千円,1,,,,未取得,,,,https://www.mlit.go.jp/common/001396522.pdf
09,092118,矢板市,mlit_sole_grants,4,社総交・防安交 単独策定主体の国費,2022-04-01,2023-03-31,2022-03-25,1,当初配分の報道発表日を代用(交付決定日は未公表),2022-03-25,41600.0,千円,1,,5600.0,0.15555555555555556,増加,2021-03-31,2022-03-25,gen-election-shugiin_20211031_smd_09_3;gen-tokko-2021-tokko_dec;gen-tokko-2021-tokko_march;gen-mlit-release-2022,https://www.mlit.go.jp/page/content/001472731.pdf
09,092118,矢板市,mlit_sole_grants,4,社総交・防安交 単独策定主体の国費,2023-04-01,2024-03-31,2023-03-31,1,当初配分の報道発表日を代用(交付決定日は未公表),2023-03-31,0.0,千円,0,,-41600.0,-1.0,減少,2022-03-26,2023-03-31,gen-election-sangiin_20220710_smd_09_1;gen-tokko-2022-tokko_dec;gen-tokko-2022-tokko_march;gen-mlit-release-2023,https://www.mlit.go.jp/page/content/001596924.pdf
09,092118,矢板市,mlit_sole_grants,4,社総交・防安交 単独策定主体の国費,2024-04-01,2025-03-31,2024-04-01,1,当初配分の報道発表日を代用(交付決定日は未公表),2024-04-01,0.0,千円,0,,0.0,,未取得,2023-04-01,2024-04-01,gen-tokko-2023-tokko_dec;gen-tokko-2023-tokko_march;gen-mlit-release-2024,https://www.mlit.go.jp/page/content/001735005.pdf
09,092118,矢板市,mlit_sole_grants,4,社総交・防安交 単独策定主体の国費,2025-04-01,2026-03-31,2025-04-01,1,当初配分の報道発表日を代用(交付決定日は未公表),2025-04-01,0.0,千円,0,,0.0,,未取得,2024-04-02,2025-04-01,gen-election-shugiin_20241027_smd_09_3;gen-tokko-2024-tokko_dec;gen-tokko-2024-tokko_march;gen-mlit-release-2025,https://www.mlit.go.jp/page/content/001879738.pdf
09,092118,矢板市,mlit_sole_grants,4,社総交・防安交 単独策定主体の国費,2026-04-01,2027-03-31,2026-04-07,1,当初配分の報道発表日を代用(交付決定日は未公表),2026-04-07,0.0,千円,0,,0.0,,未取得,2025-04-02,2026-04-07,gen-election-sangiin_20250720_smd_09_1;gen-tokko-2025-tokko_dec;m-2026ge-endorse-092118;gen-election-shugiin_20260208_smd_09_3;gen-cabinet-2026-02-18;gen-position-motegi_toshimitsu-外務大臣-2026-02-18;gen-tokko-2025-tokko_march;gen-mlit-release-2026,https://www.mlit.go.jp/page/content/001994561.pdf
09,092118,矢板市,mlit_road,5,道路局箇所表 事業主体=当該市町の国費,2021-04-01,2022-03-31,2021-03-30,1,当初配分の報道発表日を代用(交付決定日は未公表),2021-03-30,35000.0,千円,1,,,,未取得,,,,https://www.mlit.go.jp/common/001396522.pdf
09,092118,矢板市,mlit_road,5,道路局箇所表 事業主体=当該市町の国費,2022-04-01,2023-03-31,2022-03-25,1,当初配分の報道発表日を代用(交付決定日は未公表),2022-03-25,32000.0,千円,1,,-3000.0,-0.08571428571428572,減少,2021-03-31,2022-03-25,gen-election-shugiin_20211031_smd_09_3;gen-tokko-2021-tokko_dec;gen-tokko-2021-tokko_march;gen-mlit-release-2022,https://www.mlit.go.jp/page/content/001472731.pdf
09,092118,矢板市,mlit_road,5,道路局箇所表 事業主体=当該市町の国費,2023-04-01,2024-03-31,2023-03-31,1,当初配分の報道発表日を代用(交付決定日は未公表),2023-03-31,31000.0,千円,1,,-1000.0,-0.03125,横ばい,2022-03-26,2023-03-31,gen-election-sangiin_20220710_smd_09_1;gen-tokko-2022-tokko_dec;gen-tokko-2022-tokko_march;gen-mlit-release-2023,https://www.mlit.go.jp/page/content/001596924.pdf
09,092118,矢板市,mlit_road,5,道路局箇所表 事業主体=当該市町の国費,2024-04-01,2025-03-31,2024-04-01,1,当初配分の報道発表日を代用(交付決定日は未公表),2024-04-01,222000.0,千円,1,,191000.0,6.161290322580645,増加,2023-04-01,2024-04-01,gen-tokko-2023-tokko_dec;gen-tokko-2023-tokko_march;gen-mlit-release-2024,https://www.mlit.go.jp/page/content/001735005.pdf
09,092118,矢板市,mlit_road,5,道路局箇所表 事業主体=当該市町の国費,2025-04-01,2026-03-31,2025-04-01,1,当初配分の報道発表日を代用(交付決定日は未公表),2025-04-01,234000.0,千円,1,,12000.0,0.05405405405405406,増加,2024-04-02,2025-04-01,gen-election-shugiin_20241027_smd_09_3;gen-tokko-2024-tokko_dec;gen-tokko-2024-tokko_march;gen-mlit-release-2025,https://www.mlit.go.jp/page/content/001879738.pdf
09,092118,矢板市,mlit_road,5,道路局箇所表 事業主体=当該市町の国費,2026-04-01,2027-03-31,2026-04-07,1,当初配分の報道発表日を代用(交付決定日は未公表),2026-04-07,24000.0,千円,1,,-210000.0,-0.8974358974358975,減少,2025-04-02,2026-04-07,gen-election-sangiin_20250720_smd_09_1;gen-tokko-2025-tokko_dec;m-2026ge-endorse-092118;gen-election-shugiin_20260208_smd_09_3;gen-cabinet-2026-02-18;gen-position-motegi_toshimitsu-外務大臣-2026-02-18;gen-tokko-2025-tokko_march;gen-mlit-release-2026,https://www.mlit.go.jp/page/content/001994561.pdf
09,092118,矢板市,e_kokko,6,国庫支出金 計(決算、地方財政状況調査),2020-04-01,2021-03-31,2021-03-31,0,決算(年度末),,5799557.0,千円,,,,,未取得,,,,https://www.e-stat.go.jp/stat-search/file-download?statInfId=000032188698&fileKind=1
09,092118,矢板市,e_kokko,6,国庫支出金 計(決算、地方財政状況調査),2021-04-01,2022-03-31,2022-03-31,0,決算(年度末),,3166009.0,千円,,,-2633548.0,-0.4540946834387523,減少,2021-04-01,2022-03-31,gen-election-shugiin_20211031_smd_09_3;gen-tokko-2021-tokko_dec;gen-tokko-2021-tokko_march;gen-mlit-release-2022,https://www.e-stat.go.jp/stat-search/file-download?statInfId=000040044921&fileKind=1
09,092118,矢板市,e_kokko,6,国庫支出金 計(決算、地方財政状況調査),2022-04-01,2023-03-31,2023-03-31,0,決算(年度末),,2703018.0,千円,,,-462991.0,-0.1462380555456412,減少,2022-04-01,2023-03-31,gen-election-sangiin_20220710_smd_09_1;gen-tokko-2022-tokko_dec;gen-tokko-2022-tokko_march;gen-mlit-release-2023,https://www.e-stat.go.jp/stat-search/file-download?statInfId=000040171702&fileKind=1
09,092118,矢板市,e_kokko,6,国庫支出金 計(決算、地方財政状況調査),2023-04-01,2024-03-31,2024-03-31,0,決算(年度末),,3158734.0,千円,,,455716.0,0.16859525167793926,増加,2023-04-01,2024-03-31,gen-tokko-2023-tokko_dec;gen-tokko-2023-tokko_march,https://www.e-stat.go.jp/stat-search/file-download?statInfId=000040231591&fileKind=1
09,092118,矢板市,e_kokko,6,国庫支出金 計(決算、地方財政状況調査),2024-04-01,2025-03-31,2025-03-31,0,決算(年度末),,2581717.0,千円,,,-577017.0,-0.18267350147242534,減少,2024-04-01,2025-03-31,gen-mlit-release-2024;gen-election-shugiin_20241027_smd_09_3;gen-tokko-2024-tokko_dec;gen-tokko-2024-tokko_march,https://www.e-stat.go.jp/stat-search/file-download?statInfId=000040375638&fileKind=1
09,092118,矢板市,e_kokko_futsuken,6,国庫支出金のうち普通建設事業費支出金(決算),2020-04-01,2021-03-31,2021-03-31,0,決算(年度末),,300490.0,千円,,,,,未取得,,,,https://www.e-stat.go.jp/stat-search/file-download?statInfId=000032188698&fileKind=1
09,092118,矢板市,e_kokko_futsuken,6,国庫支出金のうち普通建設事業費支出金(決算),2021-04-01,2022-03-31,2022-03-31,0,決算(年度末),,23768.0,千円,,,-276722.0,-0.9209025258744051,減少,2021-04-01,2022-03-31,gen-election-shugiin_20211031_smd_09_3;gen-tokko-2021-tokko_dec;gen-tokko-2021-tokko_march;gen-mlit-release-2022,https://www.e-stat.go.jp/stat-search/file-download?statInfId=000040044921&fileKind=1
09,092118,矢板市,e_kokko_futsuken,6,国庫支出金のうち普通建設事業費支出金(決算),2022-04-01,2023-03-31,2023-03-31,0,決算(年度末),,89282.0,千円,,,65514.0,2.7563951531470887,増加,2022-04-01,2023-03-31,gen-election-sangiin_20220710_smd_09_1;gen-tokko-2022-tokko_dec;gen-tokko-2022-tokko_march;gen-mlit-release-2023,https://www.e-stat.go.jp/stat-search/file-download?statInfId=000040171702&fileKind=1
09,092118,矢板市,e_kokko_futsuken,6,国庫支出金のうち普通建設事業費支出金(決算),2023-04-01,2024-03-31,2024-03-31,0,決算(年度末),,101937.0,千円,,,12655.0,0.14174189646289287,増加,2023-04-01,2024-03-31,gen-tokko-2023-tokko_dec;gen-tokko-2023-tokko_march,https://www.e-stat.go.jp/stat-search/file-download?statInfId=000040231591&fileKind=1
09,092118,矢板市,e_kokko_futsuken,6,国庫支出金のうち普通建設事業費支出金(決算),2024-04-01,2025-03-31,2025-03-31,0,決算(年度末),,223597.0,千円,,,121660.0,1.19348224883997,増加,2024-04-01,2025-03-31,gen-mlit-release-2024;gen-election-shugiin_20241027_smd_09_3;gen-tokko-2024-tokko_dec;gen-tokko-2024-tokko_march,https://www.e-stat.go.jp/stat-search/file-download?statInfId=000040375638&fileKind=1
09,092118,矢板市,e_kokko_saigai,6,国庫支出金のうち災害復旧事業費支出金(決算),2020-04-01,2021-03-31,2021-03-31,0,決算(年度末),,88062.0,千円,,,,,未取得,,,,https://www.e-stat.go.jp/stat-search/file-download?statInfId=000032188698&fileKind=1
09,092118,矢板市,e_kokko_saigai,6,国庫支出金のうち災害復旧事業費支出金(決算),2021-04-01,2022-03-31,2022-03-31,0,決算(年度末),,0.0,千円,,,-88062.0,-1.0,減少,2021-04-01,2022-03-31,gen-election-shugiin_20211031_smd_09_3;gen-tokko-2021-tokko_dec;gen-tokko-2021-tokko_march;gen-mlit-release-2022,https://www.e-stat.go.jp/stat-search/file-download?statInfId=000040044921&fileKind=1
09,092118,矢板市,e_kokko_saigai,6,国庫支出金のうち災害復旧事業費支出金(決算),2022-04-01,2023-03-31,2023-03-31,0,決算(年度末),,0.0,千円,,,0.0,,未取得,2022-04-01,2023-03-31,gen-election-sangiin_20220710_smd_09_1;gen-tokko-2022-tokko_dec;gen-tokko-2022-tokko_march;gen-mlit-release-2023,https://www.e-stat.go.jp/stat-search/file-download?statInfId=000040171702&fileKind=1
09,092118,矢板市,e_kokko_saigai,6,国庫支出金のうち災害復旧事業費支出金(決算),2023-04-01,2024-03-31,2024-03-31,0,決算(年度末),,0.0,千円,,,0.0,,未取得,2023-04-01,2024-03-31,gen-tokko-2023-tokko_dec;gen-tokko-2023-tokko_march,https://www.e-stat.go.jp/stat-search/file-download?statInfId=000040231591&fileKind=1
09,092118,矢板市,e_kokko_saigai,6,国庫支出金のうち災害復旧事業費支出金(決算),2024-04-01,2025-03-31,2025-03-31,0,決算(年度末),,7674.0,千円,,,7674.0,,未取得,2024-04-01,2025-03-31,gen-mlit-release-2024;gen-election-shugiin_20241027_smd_09_3;gen-tokko-2024-tokko_dec;gen-tokko-2024-tokko_march,https://www.e-stat.go.jp/stat-search/file-download?statInfId=000040375638&fileKind=1
09,092118,矢板市,e_kokko_shasoukou,6,国庫支出金のうち社会資本整備総合交付金(決算),2020-04-01,2021-03-31,2021-03-31,0,決算(年度末),,71698.0,千円,,,,,未取得,,,,https://www.e-stat.go.jp/stat-search/file-download?statInfId=000032188698&fileKind=1
09,092118,矢板市,e_kokko_shasoukou,6,国庫支出金のうち社会資本整備総合交付金(決算),2021-04-01,2022-03-31,2022-03-31,0,決算(年度末),,45899.0,千円,,,-25799.0,-0.35982872604535693,減少,2021-04-01,2022-03-31,gen-election-shugiin_20211031_smd_09_3;gen-tokko-2021-tokko_dec;gen-tokko-2021-tokko_march;gen-mlit-release-2022,https://www.e-stat.go.jp/stat-search/file-download?statInfId=000040044921&fileKind=1
09,092118,矢板市,e_kokko_shasoukou,6,国庫支出金のうち社会資本整備総合交付金(決算),2022-04-01,2023-03-31,2023-03-31,0,決算(年度末),,15780.0,千円,,,-30119.0,-0.6562016601668882,減少,2022-04-01,2023-03-31,gen-election-sangiin_20220710_smd_09_1;gen-tokko-2022-tokko_dec;gen-tokko-2022-tokko_march;gen-mlit-release-2023,https://www.e-stat.go.jp/stat-search/file-download?statInfId=000040171702&fileKind=1
09,092118,矢板市,e_kokko_shasoukou,6,国庫支出金のうち社会資本整備総合交付金(決算),2023-04-01,2024-03-31,2024-03-31,0,決算(年度末),,139367.0,千円,,,123587.0,7.831875792141952,増加,2023-04-01,2024-03-31,gen-tokko-2023-tokko_dec;gen-tokko-2023-tokko_march,https://www.e-stat.go.jp/stat-search/file-download?statInfId=000040231591&fileKind=1
09,092118,矢板市,e_kokko_shasoukou,6,国庫支出金のうち社会資本整備総合交付金(決算),2024-04-01,2025-03-31,2025-03-31,0,決算(年度末),,137211.0,千円,,,-2156.0,-0.015469946257004886,横ばい,2024-04-01,2025-03-31,gen-mlit-release-2024;gen-election-shugiin_20241027_smd_09_3;gen-tokko-2024-tokko_dec;gen-tokko-2024-tokko_march,https://www.e-stat.go.jp/stat-search/file-download?statInfId=000040375638&fileKind=1
09,092118,矢板市,e_pref,6,都道府県支出金 計(決算),2020-04-01,2021-03-31,2021-03-31,0,決算(年度末),,1260025.0,千円,,,,,未取得,,,,https://www.e-stat.go.jp/stat-search/file-download?statInfId=000032188698&fileKind=1
09,092118,矢板市,e_pref,6,都道府県支出金 計(決算),2021-04-01,2022-03-31,2022-03-31,0,決算(年度末),,1101377.0,千円,,,-158648.0,-0.12590861292434674,減少,2021-04-01,2022-03-31,gen-election-shugiin_20211031_smd_09_3;gen-tokko-2021-tokko_dec;gen-tokko-2021-tokko_march;gen-mlit-release-2022,https://www.e-stat.go.jp/stat-search/file-download?statInfId=000040044921&fileKind=1
09,092118,矢板市,e_pref,6,都道府県支出金 計(決算),2022-04-01,2023-03-31,2023-03-31,0,決算(年度末),,1013133.0,千円,,,-88244.0,-0.08012152060556921,減少,2022-04-01,2023-03-31,gen-election-sangiin_20220710_smd_09_1;gen-tokko-2022-tokko_dec;gen-tokko-2022-tokko_march;gen-mlit-release-2023,https://www.e-stat.go.jp/stat-search/file-download?statInfId=000040171702&fileKind=1
09,092118,矢板市,e_pref,6,都道府県支出金 計(決算),2023-04-01,2024-03-31,2024-03-31,0,決算(年度末),,1102370.0,千円,,,89237.0,0.08808024217945719,増加,2023-04-01,2024-03-31,gen-tokko-2023-tokko_dec;gen-tokko-2023-tokko_march,https://www.e-stat.go.jp/stat-search/file-download?statInfId=000040231591&fileKind=1
09,092118,矢板市,e_pref,6,都道府県支出金 計(決算),2024-04-01,2025-03-31,2025-03-31,0,決算(年度末),,1151138.0,千円,,,48768.0,0.0442392300225877,横ばい,2024-04-01,2025-03-31,gen-mlit-release-2024;gen-election-shugiin_20241027_smd_09_3;gen-tokko-2024-tokko_dec;gen-tokko-2024-tokko_march,https://www.e-stat.go.jp/stat-search/file-download?statInfId=000040375638&fileKind=1
09,092118,矢板市,e_futsu,6,普通交付税(決算),2020-04-01,2021-03-31,2021-03-31,0,決算(年度末),,1989651.0,千円,,,,,未取得,,,,https://www.e-stat.go.jp/stat-search/file-download?statInfId=000032188698&fileKind=1
09,092118,矢板市,e_futsu,6,普通交付税(決算),2021-04-01,2022-03-31,2022-03-31,0,決算(年度末),,2383222.0,千円,,,393571.0,0.19780906299647527,増加,2021-04-01,2022-03-31,gen-election-shugiin_20211031_smd_09_3;gen-tokko-2021-tokko_dec;gen-tokko-2021-tokko_march;gen-mlit-release-2022,https://www.e-stat.go.jp/stat-search/file-download?statInfId=000040044921&fileKind=1
09,092118,矢板市,e_futsu,6,普通交付税(決算),2022-04-01,2023-03-31,2023-03-31,0,決算(年度末),,2347011.0,千円,,,-36211.0,-0.015194136341473853,横ばい,2022-04-01,2023-03-31,gen-election-sangiin_20220710_smd_09_1;gen-tokko-2022-tokko_dec;gen-tokko-2022-tokko_march;gen-mlit-release-2023,https://www.e-stat.go.jp/stat-search/file-download?statInfId=000040171702&fileKind=1
09,092118,矢板市,e_futsu,6,普通交付税(決算),2023-04-01,2024-03-31,2024-03-31,0,決算(年度末),,2443488.0,千円,,,96477.0,0.04110632630183668,横ばい,2023-04-01,2024-03-31,gen-tokko-2023-tokko_dec;gen-tokko-2023-tokko_march,https://www.e-stat.go.jp/stat-search/file-download?statInfId=000040231591&fileKind=1
09,092118,矢板市,e_futsu,6,普通交付税(決算),2024-04-01,2025-03-31,2025-03-31,0,決算(年度末),,2671373.0,千円,,,227885.0,0.09326217276287013,増加,2024-04-01,2025-03-31,gen-mlit-release-2024;gen-election-shugiin_20241027_smd_09_3;gen-tokko-2024-tokko_dec;gen-tokko-2024-tokko_march,https://www.e-stat.go.jp/stat-search/file-download?statInfId=000040375638&fileKind=1
09,092118,矢板市,e_tokko,6,特別交付税(決算),2020-04-01,2021-03-31,2021-03-31,0,決算(年度末),,352345.0,千円,,,,,未取得,,,,https://www.e-stat.go.jp/stat-search/file-download?statInfId=000032188698&fileKind=1
09,092118,矢板市,e_tokko,6,特別交付税(決算),2021-04-01,2022-03-31,2022-03-31,0,決算(年度末),,383980.0,千円,,,31635.0,0.08978416041096085,増加,2021-04-01,2022-03-31,gen-election-shugiin_20211031_smd_09_3;gen-tokko-2021-tokko_dec;gen-tokko-2021-tokko_march;gen-mlit-release-2022,https://www.e-stat.go.jp/stat-search/file-download?statInfId=000040044921&fileKind=1
09,092118,矢板市,e_tokko,6,特別交付税(決算),2022-04-01,2023-03-31,2023-03-31,0,決算(年度末),,398472.0,千円,,,14492.0,0.037741549039012445,横ばい,2022-04-01,2023-03-31,gen-election-sangiin_20220710_smd_09_1;gen-tokko-2022-tokko_dec;gen-tokko-2022-tokko_march;gen-mlit-release-2023,https://www.e-stat.go.jp/stat-search/file-download?statInfId=000040171702&fileKind=1
09,092118,矢板市,e_tokko,6,特別交付税(決算),2023-04-01,2024-03-31,2024-03-31,0,決算(年度末),,395695.0,千円,,,-2777.0,-0.006969122046216547,横ばい,2023-04-01,2024-03-31,gen-tokko-2023-tokko_dec;gen-tokko-2023-tokko_march,https://www.e-stat.go.jp/stat-search/file-download?statInfId=000040231591&fileKind=1
09,092118,矢板市,e_tokko,6,特別交付税(決算),2024-04-01,2025-03-31,2025-03-31,0,決算(年度末),,406175.0,千円,,,10480.0,0.0264850453000417,横ばい,2024-04-01,2025-03-31,gen-mlit-release-2024;gen-election-shugiin_20241027_smd_09_3;gen-tokko-2024-tokko_dec;gen-tokko-2024-tokko_march,https://www.e-stat.go.jp/stat-search/file-download?statInfId=000040375638&fileKind=1
09,092118,矢板市,e_road_kokko,7,道路橋りょう費に充当した国庫支出金(決算),2020-04-01,2021-03-31,2021-03-31,0,決算(年度末),,290389.0,千円,,,,,未取得,,,,https://www.e-stat.go.jp/stat-search/file-download?statInfId=000032188710&fileKind=1
09,092118,矢板市,e_road_kokko,7,道路橋りょう費に充当した国庫支出金(決算),2021-04-01,2022-03-31,2022-03-31,0,決算(年度末),,30858.0,千円,,,-259531.0,-0.8937356442564973,減少,2021-04-01,2022-03-31,gen-election-shugiin_20211031_smd_09_3;gen-tokko-2021-tokko_dec;gen-tokko-2021-tokko_march;gen-mlit-release-2022,https://www.e-stat.go.jp/stat-search/file-download?statInfId=000040044933&fileKind=1
09,092118,矢板市,e_road_kokko,7,道路橋りょう費に充当した国庫支出金(決算),2022-04-01,2023-03-31,2023-03-31,0,決算(年度末),,85807.0,千円,,,54949.0,1.780705165597252,増加,2022-04-01,2023-03-31,gen-election-sangiin_20220710_smd_09_1;gen-tokko-2022-tokko_dec;gen-tokko-2022-tokko_march;gen-mlit-release-2023,https://www.e-stat.go.jp/stat-search/file-download?statInfId=000040171714&fileKind=1
09,092118,矢板市,e_road_kokko,7,道路橋りょう費に充当した国庫支出金(決算),2023-04-01,2024-03-31,2024-03-31,0,決算(年度末),,131172.0,千円,,,45365.0,0.5286864708007505,増加,2023-04-01,2024-03-31,gen-tokko-2023-tokko_dec;gen-tokko-2023-tokko_march,https://www.e-stat.go.jp/stat-search/file-download?statInfId=000040231603&fileKind=1
09,092118,矢板市,e_road_kokko,7,道路橋りょう費に充当した国庫支出金(決算),2024-04-01,2025-03-31,2025-03-31,0,決算(年度末),,225186.0,千円,,,94014.0,0.7167230811453664,増加,2024-04-01,2025-03-31,gen-mlit-release-2024;gen-election-shugiin_20241027_smd_09_3;gen-tokko-2024-tokko_dec;gen-tokko-2024-tokko_march,https://www.e-stat.go.jp/stat-search/file-download?statInfId=000040375650&fileKind=1
09,092118,矢板市,e_hojo_road_kokko,8,補助事業費(道路・橋りょう)の国庫支出金(決算),2020-04-01,2021-03-31,2021-03-31,0,決算(年度末),,290389.0,千円,,,,,未取得,,,,https://www.e-stat.go.jp/stat-search/file-download?statInfId=000032188732&fileKind=1
09,092118,矢板市,e_hojo_road_kokko,8,補助事業費(道路・橋りょう)の国庫支出金(決算),2021-04-01,2022-03-31,2022-03-31,0,決算(年度末),,30858.0,千円,,,-259531.0,-0.8937356442564973,減少,2021-04-01,2022-03-31,gen-election-shugiin_20211031_smd_09_3;gen-tokko-2021-tokko_dec;gen-tokko-2021-tokko_march;gen-mlit-release-2022,https://www.e-stat.go.jp/stat-search/file-download?statInfId=000040044955&fileKind=1
09,092118,矢板市,e_hojo_road_kokko,8,補助事業費(道路・橋りょう)の国庫支出金(決算),2022-04-01,2023-03-31,2023-03-31,0,決算(年度末),,76843.0,千円,,,45985.0,1.4902132348175514,増加,2022-04-01,2023-03-31,gen-election-sangiin_20220710_smd_09_1;gen-tokko-2022-tokko_dec;gen-tokko-2022-tokko_march;gen-mlit-release-2023,https://www.e-stat.go.jp/stat-search/file-download?statInfId=000040171736&fileKind=1
09,092118,矢板市,e_hojo_road_kokko,8,補助事業費(道路・橋りょう)の国庫支出金(決算),2023-04-01,2024-03-31,2024-03-31,0,決算(年度末),,127846.0,千円,,,51003.0,0.6637299428705282,増加,2023-04-01,2024-03-31,gen-tokko-2023-tokko_dec;gen-tokko-2023-tokko_march,https://www.e-stat.go.jp/stat-search/file-download?statInfId=000040231625&fileKind=1
09,092118,矢板市,e_hojo_road_kokko,8,補助事業費(道路・橋りょう)の国庫支出金(決算),2024-04-01,2025-03-31,2025-03-31,0,決算(年度末),,222470.0,千円,,,94624.0,0.7401404815168249,増加,2024-04-01,2025-03-31,gen-mlit-release-2024;gen-election-shugiin_20241027_smd_09_3;gen-tokko-2024-tokko_dec;gen-tokko-2024-tokko_march,https://www.e-stat.go.jp/stat-search/file-download?statInfId=000040375672&fileKind=1
09,092118,矢板市,futsu_decided,9,普通交付税 当初決定額,2021-04-01,2022-03-31,2021-08-03,0,当初決定日(算定結果の報道資料の日付),2021-08-03,2117248.0,千円,,,,,未取得,,,,https://www.soumu.go.jp/main_content/000761570.xlsx
09,092118,矢板市,futsu_decided,9,普通交付税 当初決定額,2022-04-01,2023-03-31,2022-07-26,0,当初決定日(算定結果の報道資料の日付),2022-07-26,2259278.0,千円,,,142030.0,0.06708236352094794,増加,2021-08-04,2022-07-26,gen-election-shugiin_20211031_smd_09_3;gen-tokko-2021-tokko_dec;gen-tokko-2021-tokko_march;gen-mlit-release-2022;gen-election-sangiin_20220710_smd_09_1,https://www.soumu.go.jp/main_content/000762090.xlsx
09,092118,矢板市,futsu_decided,9,普通交付税 当初決定額,2023-04-01,2024-03-31,2023-07-28,0,当初決定日(算定結果の報道資料の日付),2023-07-28,2354560.0,千円,,,95282.0,0.04217365016611502,横ばい,2022-07-27,2023-07-28,gen-tokko-2022-tokko_dec;gen-tokko-2022-tokko_march;gen-mlit-release-2023,https://www.soumu.go.jp/main_content/000894237.xlsx
09,092118,矢板市,futsu_decided,9,普通交付税 当初決定額,2024-04-01,2025-03-31,2024-07-23,0,当初決定日(算定結果の報道資料の日付),2024-07-23,2490219.0,千円,,,135659.0,0.05761543558032074,増加,2023-07-29,2024-07-23,gen-tokko-2023-tokko_dec;gen-tokko-2023-tokko_march;gen-mlit-release-2024,https://www.soumu.go.jp/main_content/000958553.xlsx
09,092118,矢板市,futsu_decided,9,普通交付税 当初決定額,2025-04-01,2026-03-31,2025-07-29,0,当初決定日(算定結果の報道資料の日付),2025-07-29,2626636.0,千円,,,136417.0,0.05478112567609515,増加,2024-07-24,2025-07-29,gen-election-shugiin_20241027_smd_09_3;gen-tokko-2024-tokko_dec;gen-tokko-2024-tokko_march;gen-mlit-release-2025;gen-election-sangiin_20250720_smd_09_1,https://www.soumu.go.jp/main_content/001022466.xlsx
09,092118,矢板市,futsu_decided,9,普通交付税 当初決定額,2026-04-01,2027-03-31,2026-07-24,0,当初決定日(算定結果の報道資料の日付),2026-07-24,2608068.0,千円,,,-18568.0,-0.007069118065845439,横ばい,2025-07-30,2026-07-24,gen-tokko-2025-tokko_dec;m-2026ge-endorse-092118;gen-election-shugiin_20260208_smd_09_3;gen-cabinet-2026-02-18;gen-position-motegi_toshimitsu-外務大臣-2026-02-18;gen-tokko-2025-tokko_march;gen-mlit-release-2026,https://www.soumu.go.jp/main_content/001083404.xlsx
09,092118,矢板市,kofu_total,10,国交省 交付決定額 計(年度合計),2017-04-01,2018-03-31,2018-03-31,1,年度内で最後の交付決定日(交付決定がない年度は年度末)。値は年度合計(変更減額を含む),,213011.0,千円,,,,,未取得,,,,https://www.mlit.go.jp/common/001210869.xlsx
09,092118,矢板市,kofu_total,10,国交省 交付決定額 計(年度合計),2018-04-01,2019-03-31,2018-09-03,1,年度内で最後の交付決定日(交付決定がない年度は年度末)。値は年度合計(変更減額を含む),,347674.0,千円,,,134663.0,0.6321880090699541,増加,2018-04-01,2018-09-03,,https://www.mlit.go.jp/common/001260907.xlsx
09,092118,矢板市,kofu_total,10,国交省 交付決定額 計(年度合計),2019-04-01,2020-03-31,2020-02-18,1,年度内で最後の交付決定日(交付決定がない年度は年度末)。値は年度合計(変更減額を含む),,412732.0,千円,,,65058.0,0.1871235697808867,増加,2018-09-04,2020-02-18,,https://www.mlit.go.jp/common/001316172.xlsx
09,092118,矢板市,kofu_total,10,国交省 交付決定額 計(年度合計),2020-04-01,2021-03-31,2021-03-31,1,年度内で最後の交付決定日(交付決定がない年度は年度末)。値は年度合計(変更減額を含む),,231383.0,千円,,,-181349.0,-0.4393868175959218,減少,2020-02-19,2021-03-31,gen-tokko-2020-tokko_dec;gen-tokko-2020-tokko_march;gen-mlit-release-2021,https://www.mlit.go.jp/common/001371589.xlsx
09,092118,矢板市,kofu_total,10,国交省 交付決定額 計(年度合計),2021-04-01,2022-03-31,2022-02-09,1,年度内で最後の交付決定日(交付決定がない年度は年度末)。値は年度合計(変更減額を含む),,221206.0,千円,,,-10177.0,-0.0439833522773929,横ばい,2021-04-01,2022-02-09,gen-election-shugiin_20211031_smd_09_3;gen-tokko-2021-tokko_dec,https://www.mlit.go.jp/common/001579048.xlsx
09,092118,矢板市,kofu_total,10,国交省 交付決定額 計(年度合計),2022-04-01,2023-03-31,2023-03-07,1,年度内で最後の交付決定日(交付決定がない年度は年度末)。値は年度合計(変更減額を含む),,158199.0,千円,,,-63007.0,-0.2848340460927823,減少,2022-02-10,2023-03-07,gen-tokko-2021-tokko_march;gen-mlit-release-2022;gen-election-sangiin_20220710_smd_09_1;gen-tokko-2022-tokko_dec,https://www.mlit.go.jp/common/001426891.xlsx
09,092118,矢板市,kofu_total,10,国交省 交付決定額 計(年度合計),2023-04-01,2024-03-31,2024-03-08,1,年度内で最後の交付決定日(交付決定がない年度は年度末)。値は年度合計(変更減額を含む),,409771.0,千円,,,251572.0,1.590224969816497,増加,2023-03-08,2024-03-08,gen-tokko-2022-tokko_march;gen-mlit-release-2023;gen-tokko-2023-tokko_dec,https://www.mlit.go.jp/page/content/001749355.xlsx
09,092118,矢板市,kofu_total,10,国交省 交付決定額 計(年度合計),2024-04-01,2025-03-31,2025-02-10,1,年度内で最後の交付決定日(交付決定がない年度は年度末)。値は年度合計(変更減額を含む),,356119.0,千円,,,-53652.0,-0.1309316667114071,減少,2024-03-09,2025-02-10,gen-tokko-2023-tokko_march;gen-mlit-release-2024;gen-election-shugiin_20241027_smd_09_3;gen-tokko-2024-tokko_dec,https://www.mlit.go.jp/page/content/001889200.xlsx
09,092118,矢板市,kofu_total,10,国交省 交付決定額 計(年度合計),2025-04-01,2026-03-31,2026-03-09,1,年度内で最後の交付決定日(交付決定がない年度は年度末)。値は年度合計(変更減額を含む),,328798.0,千円,,,-27321.0,-0.07671873727602291,減少,2025-02-11,2026-03-09,gen-tokko-2024-tokko_march;gen-mlit-release-2025;gen-election-sangiin_20250720_smd_09_1;gen-tokko-2025-tokko_dec;m-2026ge-endorse-092118;gen-election-shugiin_20260208_smd_09_3;gen-cabinet-2026-02-18;gen-position-motegi_toshimitsu-外務大臣-2026-02-18,https://www.mlit.go.jp/page/content/001968987.xlsx
09,092118,矢板市,kofu_shasoukou,10,国交省 交付決定額 社会資本整備総合交付金,2017-04-01,2018-03-31,2018-03-31,1,年度内で最後の交付決定日(交付決定がない年度は年度末)。値は年度合計(変更減額を含む),,150405.0,千円,,,,,未取得,,,,https://www.mlit.go.jp/common/001306061.xlsx
09,092118,矢板市,kofu_shasoukou,10,国交省 交付決定額 社会資本整備総合交付金,2018-04-01,2019-03-31,2018-09-03,1,年度内で最後の交付決定日(交付決定がない年度は年度末)。値は年度合計(変更減額を含む),,131524.0,千円,,,-18881.0,-0.12553439047903991,減少,2018-04-01,2018-09-03,,https://www.mlit.go.jp/common/001288716.xlsx
09,092118,矢板市,kofu_shasoukou,10,国交省 交付決定額 社会資本整備総合交付金,2019-04-01,2020-03-31,2020-03-31,1,年度内で最後の交付決定日(交付決定がない年度は年度末)。値は年度合計(変更減額を含む),,117305.0,千円,,,-14219.0,-0.10810954654663787,減少,2018-09-04,2020-03-31,,https://www.mlit.go.jp/common/001316186.xlsx
09,092118,矢板市,kofu_shasoukou,10,国交省 交付決定額 社会資本整備総合交付金,2020-04-01,2021-03-31,2021-03-31,1,年度内で最後の交付決定日(交付決定がない年度は年度末)。値は年度合計(変更減額を含む),,106617.0,千円,,,-10688.0,-0.09111291078811645,減少,2020-04-01,2021-03-31,gen-tokko-2020-tokko_dec;gen-tokko-2020-tokko_march;gen-mlit-release-2021,https://www.mlit.go.jp/common/001371606.xlsx
09,092118,矢板市,kofu_shasoukou,10,国交省 交付決定額 社会資本整備総合交付金,2021-04-01,2022-03-31,2022-03-31,1,年度内で最後の交付決定日(交付決定がない年度は年度末)。値は年度合計(変更減額を含む),,195154.0,千円,,,88537.0,0.8304210397966553,増加,2021-04-01,2022-03-31,gen-election-shugiin_20211031_smd_09_3;gen-tokko-2021-tokko_dec;gen-tokko-2021-tokko_march;gen-mlit-release-2022,https://www.mlit.go.jp/common/001579064.xlsx
09,092118,矢板市,kofu_shasoukou,10,国交省 交付決定額 社会資本整備総合交付金,2022-04-01,2023-03-31,2023-03-31,1,年度内で最後の交付決定日(交付決定がない年度は年度末)。値は年度合計(変更減額を含む),,77600.0,千円,,,-117554.0,-0.6023653114975865,減少,2022-04-01,2023-03-31,gen-election-sangiin_20220710_smd_09_1;gen-tokko-2022-tokko_dec;gen-tokko-2022-tokko_march;gen-mlit-release-2023,https://www.mlit.go.jp/common/001426909.xlsx
09,092118,矢板市,kofu_shasoukou,10,国交省 交付決定額 社会資本整備総合交付金,2023-04-01,2024-03-31,2023-06-09,1,年度内で最後の交付決定日(交付決定がない年度は年度末)。値は年度合計(変更減額を含む),,43600.0,千円,,,-34000.0,-0.4381443298969072,減少,2023-04-01,2023-06-09,,https://www.mlit.go.jp/page/content/001708175.xlsx
09,092118,矢板市,kofu_shasoukou,10,国交省 交付決定額 社会資本整備総合交付金,2024-04-01,2025-03-31,2024-12-23,1,年度内で最後の交付決定日(交付決定がない年度は年度末)。値は年度合計(変更減額を含む),,50750.0,千円,,,7150.0,0.16399082568807338,増加,2023-06-10,2024-12-23,gen-tokko-2023-tokko_dec;gen-tokko-2023-tokko_march;gen-mlit-release-2024;gen-election-shugiin_20241027_smd_09_3;gen-tokko-2024-tokko_dec,https://www.mlit.go.jp/page/content/001842591.xlsx
09,092118,矢板市,kofu_shasoukou,10,国交省 交付決定額 社会資本整備総合交付金,2025-04-01,2026-03-31,2026-02-10,1,年度内で最後の交付決定日(交付決定がない年度は年度末)。値は年度合計(変更減額を含む),,52268.0,千円,,,1518.0,0.029911330049261085,横ばい,2024-12-24,2026-02-10,gen-tokko-2024-tokko_march;gen-mlit-release-2025;gen-election-sangiin_20250720_smd_09_1;gen-tokko-2025-tokko_dec;m-2026ge-endorse-092118;gen-election-shugiin_20260208_smd_09_3,https://www.mlit.go.jp/page/content/001969014.xlsx
09,092118,矢板市,kofu_bouan,10,国交省 交付決定額 防災・安全交付金,2017-04-01,2018-03-31,2018-03-31,1,年度内で最後の交付決定日(交付決定がない年度は年度末)。値は年度合計(変更減額を含む),,118520.0,千円,,,,,未取得,,,,https://www.mlit.go.jp/common/001306061.xlsx
09,092118,矢板市,kofu_bouan,10,国交省 交付決定額 防災・安全交付金,2018-04-01,2019-03-31,2018-09-03,1,年度内で最後の交付決定日(交付決定がない年度は年度末)。値は年度合計(変更減額を含む),,92860.0,千円,,,-25660.0,-0.21650354370570368,減少,2018-04-01,2018-09-03,,https://www.mlit.go.jp/common/001288716.xlsx
09,092118,矢板市,kofu_bouan,10,国交省 交付決定額 防災・安全交付金,2019-04-01,2020-03-31,2020-03-31,1,年度内で最後の交付決定日(交付決定がない年度は年度末)。値は年度合計(変更減額を含む),,71705.0,千円,,,-21155.0,-0.22781606719793238,減少,2018-09-04,2020-03-31,,https://www.mlit.go.jp/common/001316186.xlsx
09,092118,矢板市,kofu_bouan,10,国交省 交付決定額 防災・安全交付金,2020-04-01,2021-03-31,2021-03-31,1,年度内で最後の交付決定日(交付決定がない年度は年度末)。値は年度合計(変更減額を含む),,47617.0,千円,,,-24088.0,-0.3359319433791228,減少,2020-04-01,2021-03-31,gen-tokko-2020-tokko_dec;gen-tokko-2020-tokko_march;gen-mlit-release-2021,https://www.mlit.go.jp/common/001371606.xlsx
09,092118,矢板市,kofu_bouan,10,国交省 交付決定額 防災・安全交付金,2021-04-01,2022-03-31,2022-03-31,1,年度内で最後の交付決定日(交付決定がない年度は年度末)。値は年度合計(変更減額を含む),,70399.0,千円,,,22782.0,0.4784425730306403,増加,2021-04-01,2022-03-31,gen-election-shugiin_20211031_smd_09_3;gen-tokko-2021-tokko_dec;gen-tokko-2021-tokko_march;gen-mlit-release-2022,https://www.mlit.go.jp/common/001579064.xlsx
09,092118,矢板市,kofu_bouan,10,国交省 交付決定額 防災・安全交付金,2022-04-01,2023-03-31,2023-03-31,1,年度内で最後の交付決定日(交付決定がない年度は年度末)。値は年度合計(変更減額を含む),,56776.0,千円,,,-13623.0,-0.19351127146692423,減少,2022-04-01,2023-03-31,gen-election-sangiin_20220710_smd_09_1;gen-tokko-2022-tokko_dec;gen-tokko-2022-tokko_march;gen-mlit-release-2023,https://www.mlit.go.jp/common/001426909.xlsx
09,092118,矢板市,kofu_bouan,10,国交省 交付決定額 防災・安全交付金,2023-04-01,2024-03-31,2023-08-18,1,年度内で最後の交付決定日(交付決定がない年度は年度末)。値は年度合計(変更減額を含む),,165735.0,千円,,,108959.0,1.9191031421727491,増加,2023-04-01,2023-08-18,,https://www.mlit.go.jp/page/content/001708175.xlsx
09,092118,矢板市,kofu_bouan,10,国交省 交付決定額 防災・安全交付金,2024-04-01,2025-03-31,2025-01-28,1,年度内で最後の交付決定日(交付決定がない年度は年度末)。値は年度合計(変更減額を含む),,104057.0,千円,,,-61678.0,-0.37214830904757595,減少,2023-08-19,2025-01-28,gen-tokko-2023-tokko_dec;gen-tokko-2023-tokko_march;gen-mlit-release-2024;gen-election-shugiin_20241027_smd_09_3;gen-tokko-2024-tokko_dec,https://www.mlit.go.jp/page/content/001842591.xlsx
09,092118,矢板市,kofu_bouan,10,国交省 交付決定額 防災・安全交付金,2025-04-01,2026-03-31,2026-03-09,1,年度内で最後の交付決定日(交付決定がない年度は年度末)。値は年度合計(変更減額を含む),,108674.0,千円,,,4617.0,0.04436991264403164,横ばい,2025-01-29,2026-03-09,gen-tokko-2024-tokko_march;gen-mlit-release-2025;gen-election-sangiin_20250720_smd_09_1;gen-tokko-2025-tokko_dec;m-2026ge-endorse-092118;gen-election-shugiin_20260208_smd_09_3;gen-cabinet-2026-02-18;gen-position-motegi_toshimitsu-外務大臣-2026-02-18,https://www.mlit.go.jp/page/content/001969014.xlsx
09,092118,矢板市,kofu_road,10,国交省 交付決定額 道路関係の補助,2017-04-01,2018-03-31,2018-03-31,1,年度内で最後の交付決定日(交付決定がない年度は年度末)。値は年度合計(変更減額を含む),,55000.0,千円,,,,,未取得,,,,https://www.mlit.go.jp/common/001234557.xlsx
09,092118,矢板市,kofu_road,10,国交省 交付決定額 道路関係の補助,2018-04-01,2019-03-31,2018-05-23,1,年度内で最後の交付決定日(交付決定がない年度は年度末)。値は年度合計(変更減額を含む),,216150.0,千円,,,161150.0,2.93,増加,2018-04-01,2018-05-23,,https://www.mlit.go.jp/common/001260897.xlsx
09,092118,矢板市,kofu_road,10,国交省 交付決定額 道路関係の補助,2019-04-01,2020-03-31,2020-03-31,1,年度内で最後の交付決定日(交付決定がない年度は年度末)。値は年度合計(変更減額を含む),,233750.0,千円,,,17600.0,0.08142493638676845,増加,2018-05-24,2020-03-31,,https://www.mlit.go.jp/common/001316175.xlsx
09,092118,矢板市,kofu_road,10,国交省 交付決定額 道路関係の補助,2020-04-01,2021-03-31,2021-03-31,1,年度内で最後の交付決定日(交付決定がない年度は年度末)。値は年度合計(変更減額を含む),,121526.0,千円,,,-112224.0,-0.48010267379679145,減少,2020-04-01,2021-03-31,gen-tokko-2020-tokko_dec;gen-tokko-2020-tokko_march;gen-mlit-release-2021,https://www.mlit.go.jp/common/001371629.xlsx
09,092118,矢板市,kofu_road,10,国交省 交付決定額 道路関係の補助,2021-04-01,2022-03-31,2021-04-28,1,年度内で最後の交付決定日(交付決定がない年度は年度末)。値は年度合計(変更減額を含む),,19509.0,千円,,,-102017.0,-0.8394664516235208,減少,2021-04-01,2021-04-28,,https://www.mlit.go.jp/common/001579051.xlsx
09,092118,矢板市,kofu_road,10,国交省 交付決定額 道路関係の補助,2022-04-01,2023-03-31,2022-05-20,1,年度内で最後の交付決定日(交付決定がない年度は年度末)。値は年度合計(変更減額を含む),,17516.0,千円,,,-1993.0,-0.10215797836895792,減少,2021-04-29,2022-05-20,gen-election-shugiin_20211031_smd_09_3;gen-tokko-2021-tokko_dec;gen-tokko-2021-tokko_march;gen-mlit-release-2022,https://www.mlit.go.jp/common/001426897.xlsx
09,092118,矢板市,kofu_road,10,国交省 交付決定額 道路関係の補助,2023-04-01,2024-03-31,2023-04-28,1,年度内で最後の交付決定日(交付決定がない年度は年度末)。値は年度合計(変更減額を含む),,16955.0,千円,,,-561.0,-0.0320278602420644,横ばい,2022-05-21,2023-04-28,gen-election-sangiin_20220710_smd_09_1;gen-tokko-2022-tokko_dec;gen-tokko-2022-tokko_march;gen-mlit-release-2023,https://www.mlit.go.jp/page/content/001708164.xlsx
09,092118,矢板市,kofu_road,10,国交省 交付決定額 道路関係の補助,2024-04-01,2025-03-31,2024-04-26,1,年度内で最後の交付決定日(交付決定がない年度は年度末)。値は年度合計(変更減額を含む),,122100.0,千円,,,105145.0,6.201415511648482,増加,2023-04-29,2024-04-26,gen-tokko-2023-tokko_dec;gen-tokko-2023-tokko_march;gen-mlit-release-2024,https://www.mlit.go.jp/page/content/001889202.xlsx
09,092118,矢板市,kofu_road,10,国交省 交付決定額 道路関係の補助,2025-04-01,2026-03-31,2025-04-25,1,年度内で最後の交付決定日(交付決定がない年度は年度末)。値は年度合計(変更減額を含む),,128699.99999999999,千円,,,6599.999999999985,0.05405405405405393,増加,2024-04-27,2025-04-25,gen-election-shugiin_20241027_smd_09_3;gen-tokko-2024-tokko_dec;gen-tokko-2024-tokko_march;gen-mlit-release-2025,https://www.mlit.go.jp/page/content/001969000.xlsx
09,092134,那須塩原市,card_kokko,1,国庫支出金(決算),2020-04-01,2021-03-31,2021-03-31,0,決算(年度末),,21097041.0,千円,,,,,未取得,,,,https://www.soumu.go.jp/main_content/000804135.xlsx
09,092134,那須塩原市,card_kokko,1,国庫支出金(決算),2021-04-01,2022-03-31,2022-03-31,0,決算(年度末),,11857773.0,千円,,,-9239268.0,-0.4379414155757672,減少,2021-04-01,2022-03-31,gen-election-shugiin_20211031_smd_09_3;gen-tokko-2021-tokko_dec;gen-tokko-2021-tokko_march;gen-mlit-release-2022,https://www.soumu.go.jp/main_content/000873399.xlsx
09,092134,那須塩原市,card_kokko,1,国庫支出金(決算),2022-04-01,2023-03-31,2023-03-31,0,決算(年度末),,10387171.0,千円,,,-1470602.0,-0.12402008370374437,減少,2022-04-01,2023-03-31,gen-election-sangiin_20220710_smd_09_1;gen-tokko-2022-tokko_dec;gen-tokko-2022-tokko_march;gen-mlit-release-2023,https://www.soumu.go.jp/main_content/000937050.xlsx
09,092134,那須塩原市,card_kokko,1,国庫支出金(決算),2023-04-01,2024-03-31,2024-03-31,0,決算(年度末),,10182628.0,千円,,,-204543.0,-0.019691887232818252,横ばい,2023-04-01,2024-03-31,gen-tokko-2023-tokko_dec;gen-tokko-2023-tokko_march,https://www.soumu.go.jp/main_content/000998938.xlsx
09,092134,那須塩原市,card_kokko,1,国庫支出金(決算),2024-04-01,2025-03-31,2025-03-31,0,決算(年度末),,10427902.0,千円,,,245274.0,0.024087494898173634,横ばい,2024-04-01,2025-03-31,gen-mlit-release-2024;gen-election-shugiin_20241027_smd_09_3;gen-tokko-2024-tokko_dec;gen-tokko-2024-tokko_march,https://www.soumu.go.jp/main_content/001063963.xlsx
09,092134,那須塩原市,card_pref,2,県支出金(決算),2020-04-01,2021-03-31,2021-03-31,0,決算(年度末),,3837678.0,千円,,,,,未取得,,,,https://www.soumu.go.jp/main_content/000804135.xlsx
09,092134,那須塩原市,card_pref,2,県支出金(決算),2021-04-01,2022-03-31,2022-03-31,0,決算(年度末),,4114998.0,千円,,,277320.0,0.07226244619793531,増加,2021-04-01,2022-03-31,gen-election-shugiin_20211031_smd_09_3;gen-tokko-2021-tokko_dec;gen-tokko-2021-tokko_march;gen-mlit-release-2022,https://www.soumu.go.jp/main_content/000873399.xlsx
09,092134,那須塩原市,card_pref,2,県支出金(決算),2022-04-01,2023-03-31,2023-03-31,0,決算(年度末),,4532542.0,千円,,,417544.0,0.101468822099063,増加,2022-04-01,2023-03-31,gen-election-sangiin_20220710_smd_09_1;gen-tokko-2022-tokko_dec;gen-tokko-2022-tokko_march;gen-mlit-release-2023,https://www.soumu.go.jp/main_content/000937050.xlsx
09,092134,那須塩原市,card_pref,2,県支出金(決算),2023-04-01,2024-03-31,2024-03-31,0,決算(年度末),,3687642.0,千円,,,-844900.0,-0.18640753908071894,減少,2023-04-01,2024-03-31,gen-tokko-2023-tokko_dec;gen-tokko-2023-tokko_march,https://www.soumu.go.jp/main_content/000998938.xlsx
09,092134,那須塩原市,card_pref,2,県支出金(決算),2024-04-01,2025-03-31,2025-03-31,0,決算(年度末),,4242896.0,千円,,,555254.0,0.15057155765120367,増加,2024-04-01,2025-03-31,gen-mlit-release-2024;gen-election-shugiin_20241027_smd_09_3;gen-tokko-2024-tokko_dec;gen-tokko-2024-tokko_march,https://www.soumu.go.jp/main_content/001063963.xlsx
09,092134,那須塩原市,tokko_dec,3a,特別交付税 12月分,2020-04-01,2021-03-31,2020-12-08,0,交付決定日(報道発表),2020-12-08,105255.0,千円,,,,,未取得,,,,https://www.soumu.go.jp/main_content/000721607.pdf
09,092134,那須塩原市,tokko_dec,3a,特別交付税 12月分,2021-04-01,2022-03-31,2021-12-03,0,交付決定日(報道発表),2021-12-03,106165.0,千円,,,910.0,0.008645670039428056,横ばい,2020-12-09,2021-12-03,gen-tokko-2020-tokko_march;gen-mlit-release-2021;gen-election-shugiin_20211031_smd_09_3;gen-tokko-2021-tokko_dec,https://www.soumu.go.jp/main_content/000780948.pdf
09,092134,那須塩原市,tokko_dec,3a,特別交付税 12月分,2022-04-01,2023-03-31,2022-12-13,0,交付決定日(報道発表),2022-12-13,106873.0,千円,,,708.0,0.0066688645033674,横ばい,2021-12-04,2022-12-13,gen-tokko-2021-tokko_march;gen-mlit-release-2022;gen-election-sangiin_20220710_smd_09_1;gen-tokko-2022-tokko_dec,https://www.soumu.go.jp/main_content/000850537.pdf
09,092134,那須塩原市,tokko_dec,3a,特別交付税 12月分,2023-04-01,2024-03-31,2023-12-12,0,交付決定日(報道発表),2023-12-12,112153.0,千円,,,5280.0,0.049404433299336595,横ばい,2022-12-14,2023-12-12,gen-tokko-2022-tokko_march;gen-mlit-release-2023;gen-tokko-2023-tokko_dec,https://www.soumu.go.jp/main_content/000916643.pdf
09,092134,那須塩原市,tokko_dec,3a,特別交付税 12月分,2024-04-01,2025-03-31,2024-12-20,0,交付決定日(報道発表),2024-12-20,118565.0,千円,,,6412.0,0.05717189910211943,増加,2023-12-13,2024-12-20,gen-tokko-2023-tokko_march;gen-mlit-release-2024;gen-election-shugiin_20241027_smd_09_3;gen-tokko-2024-tokko_dec,https://www.soumu.go.jp/main_content/000983129.pdf
09,092134,那須塩原市,tokko_dec,3a,特別交付税 12月分,2025-04-01,2026-03-31,2025-12-19,0,交付決定日(報道発表),2025-12-19,133861.0,千円,,,15296.0,0.12900940412432,増加,2024-12-21,2025-12-19,gen-tokko-2024-tokko_march;gen-mlit-release-2025;gen-election-sangiin_20250720_smd_09_1;gen-tokko-2025-tokko_dec,https://www.soumu.go.jp/main_content/001046667.pdf
09,092134,那須塩原市,tokko_march,3b,特別交付税 3月分,2020-04-01,2021-03-31,2021-03-19,0,交付決定日(報道発表),2021-03-19,568251.0,千円,,,,,未取得,,,,https://www.soumu.go.jp/main_content/000738961.pdf
09,092134,那須塩原市,tokko_march,3b,特別交付税 3月分,2021-04-01,2022-03-31,2022-03-18,0,交付決定日(報道発表),2022-03-18,662253.0,千円,,,94002.0,0.1654233780494887,増加,2021-03-20,2022-03-18,gen-mlit-release-2021;gen-election-shugiin_20211031_smd_09_3;gen-tokko-2021-tokko_dec;gen-tokko-2021-tokko_march,https://www.soumu.go.jp/main_content/000799619.pdf
09,092134,那須塩原市,tokko_march,3b,特別交付税 3月分,2022-04-01,2023-03-31,2023-03-22,0,交付決定日(報道発表),2023-03-22,676647.0,千円,,,14394.0,0.021734895878161367,横ばい,2022-03-19,2023-03-22,gen-mlit-release-2022;gen-election-sangiin_20220710_smd_09_1;gen-tokko-2022-tokko_dec;gen-tokko-2022-tokko_march,https://www.soumu.go.jp/main_content/000869990.pdf
09,092134,那須塩原市,tokko_march,3b,特別交付税 3月分,2023-04-01,2024-03-31,2024-03-22,0,交付決定日(報道発表),2024-03-22,639341.0,千円,,,-37306.0,-0.05513362211019926,減少,2023-03-23,2024-03-22,gen-mlit-release-2023;gen-tokko-2023-tokko_dec;gen-tokko-2023-tokko_march,https://www.soumu.go.jp/main_content/000997045.pdf
09,092134,那須塩原市,tokko_march,3b,特別交付税 3月分,2024-04-01,2025-03-31,2025-03-21,0,交付決定日(報道発表),2025-03-21,637017.0,千円,,,-2324.0,-0.003634992906758678,横ばい,2024-03-23,2025-03-21,gen-mlit-release-2024;gen-election-shugiin_20241027_smd_09_3;gen-tokko-2024-tokko_dec;gen-tokko-2024-tokko_march,https://www.soumu.go.jp/main_content/000998441.pdf
09,092134,那須塩原市,tokko_march,3b,特別交付税 3月分,2025-04-01,2026-03-31,2026-03-17,0,交付決定日(報道発表),2026-03-17,683011.0,千円,,,45994.0,0.07220215473056449,増加,2025-03-22,2026-03-17,gen-mlit-release-2025;gen-election-sangiin_20250720_smd_09_1;gen-tokko-2025-tokko_dec;m-2026ge-endorse-092134;gen-election-shugiin_20260208_smd_09_3;gen-cabinet-2026-02-18;gen-position-motegi_toshimitsu-外務大臣-2026-02-18;gen-tokko-2025-tokko_march,https://www.soumu.go.jp/main_content/001061260.pdf
09,092134,那須塩原市,mlit_sole_grants,4,社総交・防安交 単独策定主体の国費,2021-04-01,2022-03-31,2021-03-30,1,当初配分の報道発表日を代用(交付決定日は未公表),2021-03-30,16000.0,千円,1,,,,未取得,,,,https://www.mlit.go.jp/common/001396522.pdf
09,092134,那須塩原市,mlit_sole_grants,4,社総交・防安交 単独策定主体の国費,2022-04-01,2023-03-31,2022-03-25,1,当初配分の報道発表日を代用(交付決定日は未公表),2022-03-25,31500.0,千円,1,,15500.0,0.96875,増加,2021-03-31,2022-03-25,gen-election-shugiin_20211031_smd_09_3;gen-tokko-2021-tokko_dec;gen-tokko-2021-tokko_march;gen-mlit-release-2022,https://www.mlit.go.jp/page/content/001472731.pdf
09,092134,那須塩原市,mlit_sole_grants,4,社総交・防安交 単独策定主体の国費,2023-04-01,2024-03-31,2023-03-31,1,当初配分の報道発表日を代用(交付決定日は未公表),2023-03-31,12500.0,千円,1,,-19000.0,-0.6031746031746031,減少,2022-03-26,2023-03-31,gen-election-sangiin_20220710_smd_09_1;gen-tokko-2022-tokko_dec;gen-tokko-2022-tokko_march;gen-mlit-release-2023,https://www.mlit.go.jp/page/content/001596924.pdf
09,092134,那須塩原市,mlit_sole_grants,4,社総交・防安交 単独策定主体の国費,2024-04-01,2025-03-31,2024-04-01,1,当初配分の報道発表日を代用(交付決定日は未公表),2024-04-01,0.0,千円,0,,-12500.0,-1.0,減少,2023-04-01,2024-04-01,gen-tokko-2023-tokko_dec;gen-tokko-2023-tokko_march;gen-mlit-release-2024,https://www.mlit.go.jp/page/content/001735005.pdf
09,092134,那須塩原市,mlit_sole_grants,4,社総交・防安交 単独策定主体の国費,2025-04-01,2026-03-31,2025-04-01,1,当初配分の報道発表日を代用(交付決定日は未公表),2025-04-01,0.0,千円,0,,0.0,,未取得,2024-04-02,2025-04-01,gen-election-shugiin_20241027_smd_09_3;gen-tokko-2024-tokko_dec;gen-tokko-2024-tokko_march;gen-mlit-release-2025,https://www.mlit.go.jp/page/content/001879738.pdf
09,092134,那須塩原市,mlit_sole_grants,4,社総交・防安交 単独策定主体の国費,2026-04-01,2027-03-31,2026-04-07,1,当初配分の報道発表日を代用(交付決定日は未公表),2026-04-07,0.0,千円,0,,0.0,,未取得,2025-04-02,2026-04-07,gen-election-sangiin_20250720_smd_09_1;gen-tokko-2025-tokko_dec;m-2026ge-endorse-092134;gen-election-shugiin_20260208_smd_09_3;gen-cabinet-2026-02-18;gen-position-motegi_toshimitsu-外務大臣-2026-02-18;gen-tokko-2025-tokko_march;gen-mlit-release-2026,https://www.mlit.go.jp/page/content/001994561.pdf
09,092134,那須塩原市,mlit_road,5,道路局箇所表 事業主体=当該市町の国費,2021-04-01,2022-03-31,2021-03-30,1,当初配分の報道発表日を代用(交付決定日は未公表),2021-03-30,333000.0,千円,3,,,,未取得,,,,https://www.mlit.go.jp/common/001396522.pdf
09,092134,那須塩原市,mlit_road,5,道路局箇所表 事業主体=当該市町の国費,2022-04-01,2023-03-31,2022-03-25,1,当初配分の報道発表日を代用(交付決定日は未公表),2022-03-25,304000.0,千円,2,,-29000.0,-0.08708708708708708,減少,2021-03-31,2022-03-25,gen-election-shugiin_20211031_smd_09_3;gen-tokko-2021-tokko_dec;gen-tokko-2021-tokko_march;gen-mlit-release-2022,https://www.mlit.go.jp/page/content/001472731.pdf
09,092134,那須塩原市,mlit_road,5,道路局箇所表 事業主体=当該市町の国費,2023-04-01,2024-03-31,2023-03-31,1,当初配分の報道発表日を代用(交付決定日は未公表),2023-03-31,159000.0,千円,2,,-145000.0,-0.4769736842105263,減少,2022-03-26,2023-03-31,gen-election-sangiin_20220710_smd_09_1;gen-tokko-2022-tokko_dec;gen-tokko-2022-tokko_march;gen-mlit-release-2023,https://www.mlit.go.jp/page/content/001596924.pdf
09,092134,那須塩原市,mlit_road,5,道路局箇所表 事業主体=当該市町の国費,2024-04-01,2025-03-31,2024-04-01,1,当初配分の報道発表日を代用(交付決定日は未公表),2024-04-01,197000.0,千円,2,,38000.0,0.2389937106918239,増加,2023-04-01,2024-04-01,gen-tokko-2023-tokko_dec;gen-tokko-2023-tokko_march;gen-mlit-release-2024,https://www.mlit.go.jp/page/content/001735005.pdf
09,092134,那須塩原市,mlit_road,5,道路局箇所表 事業主体=当該市町の国費,2025-04-01,2026-03-31,2025-04-01,1,当初配分の報道発表日を代用(交付決定日は未公表),2025-04-01,149000.0,千円,1,,-48000.0,-0.2436548223350254,減少,2024-04-02,2025-04-01,gen-election-shugiin_20241027_smd_09_3;gen-tokko-2024-tokko_dec;gen-tokko-2024-tokko_march;gen-mlit-release-2025,https://www.mlit.go.jp/page/content/001879738.pdf
09,092134,那須塩原市,mlit_road,5,道路局箇所表 事業主体=当該市町の国費,2026-04-01,2027-03-31,2026-04-07,1,当初配分の報道発表日を代用(交付決定日は未公表),2026-04-07,169000.0,千円,1,,20000.0,0.1342281879194631,増加,2025-04-02,2026-04-07,gen-election-sangiin_20250720_smd_09_1;gen-tokko-2025-tokko_dec;m-2026ge-endorse-092134;gen-election-shugiin_20260208_smd_09_3;gen-cabinet-2026-02-18;gen-position-motegi_toshimitsu-外務大臣-2026-02-18;gen-tokko-2025-tokko_march;gen-mlit-release-2026,https://www.mlit.go.jp/page/content/001994561.pdf
09,092134,那須塩原市,e_kokko,6,国庫支出金 計(決算、地方財政状況調査),2020-04-01,2021-03-31,2021-03-31,0,決算(年度末),,21097041.0,千円,,,,,未取得,,,,https://www.e-stat.go.jp/stat-search/file-download?statInfId=000032188698&fileKind=1
09,092134,那須塩原市,e_kokko,6,国庫支出金 計(決算、地方財政状況調査),2021-04-01,2022-03-31,2022-03-31,0,決算(年度末),,11857773.0,千円,,,-9239268.0,-0.4379414155757672,減少,2021-04-01,2022-03-31,gen-election-shugiin_20211031_smd_09_3;gen-tokko-2021-tokko_dec;gen-tokko-2021-tokko_march;gen-mlit-release-2022,https://www.e-stat.go.jp/stat-search/file-download?statInfId=000040044921&fileKind=1
09,092134,那須塩原市,e_kokko,6,国庫支出金 計(決算、地方財政状況調査),2022-04-01,2023-03-31,2023-03-31,0,決算(年度末),,10387171.0,千円,,,-1470602.0,-0.12402008370374437,減少,2022-04-01,2023-03-31,gen-election-sangiin_20220710_smd_09_1;gen-tokko-2022-tokko_dec;gen-tokko-2022-tokko_march;gen-mlit-release-2023,https://www.e-stat.go.jp/stat-search/file-download?statInfId=000040171702&fileKind=1
09,092134,那須塩原市,e_kokko,6,国庫支出金 計(決算、地方財政状況調査),2023-04-01,2024-03-31,2024-03-31,0,決算(年度末),,10182628.0,千円,,,-204543.0,-0.019691887232818252,横ばい,2023-04-01,2024-03-31,gen-tokko-2023-tokko_dec;gen-tokko-2023-tokko_march,https://www.e-stat.go.jp/stat-search/file-download?statInfId=000040231591&fileKind=1
09,092134,那須塩原市,e_kokko,6,国庫支出金 計(決算、地方財政状況調査),2024-04-01,2025-03-31,2025-03-31,0,決算(年度末),,10427902.0,千円,,,245274.0,0.024087494898173634,横ばい,2024-04-01,2025-03-31,gen-mlit-release-2024;gen-election-shugiin_20241027_smd_09_3;gen-tokko-2024-tokko_dec;gen-tokko-2024-tokko_march,https://www.e-stat.go.jp/stat-search/file-download?statInfId=000040375638&fileKind=1
09,092134,那須塩原市,e_kokko_futsuken,6,国庫支出金のうち普通建設事業費支出金(決算),2020-04-01,2021-03-31,2021-03-31,0,決算(年度末),,957423.0,千円,,,,,未取得,,,,https://www.e-stat.go.jp/stat-search/file-download?statInfId=000032188698&fileKind=1
09,092134,那須塩原市,e_kokko_futsuken,6,国庫支出金のうち普通建設事業費支出金(決算),2021-04-01,2022-03-31,2022-03-31,0,決算(年度末),,218587.0,千円,,,-738836.0,-0.7716923449718672,減少,2021-04-01,2022-03-31,gen-election-shugiin_20211031_smd_09_3;gen-tokko-2021-tokko_dec;gen-tokko-2021-tokko_march;gen-mlit-release-2022,https://www.e-stat.go.jp/stat-search/file-download?statInfId=000040044921&fileKind=1
09,092134,那須塩原市,e_kokko_futsuken,6,国庫支出金のうち普通建設事業費支出金(決算),2022-04-01,2023-03-31,2023-03-31,0,決算(年度末),,601423.0,千円,,,382836.0,1.7514124810716099,増加,2022-04-01,2023-03-31,gen-election-sangiin_20220710_smd_09_1;gen-tokko-2022-tokko_dec;gen-tokko-2022-tokko_march;gen-mlit-release-2023,https://www.e-stat.go.jp/stat-search/file-download?statInfId=000040171702&fileKind=1
09,092134,那須塩原市,e_kokko_futsuken,6,国庫支出金のうち普通建設事業費支出金(決算),2023-04-01,2024-03-31,2024-03-31,0,決算(年度末),,668927.0,千円,,,67504.0,0.11224046968606123,増加,2023-04-01,2024-03-31,gen-tokko-2023-tokko_dec;gen-tokko-2023-tokko_march,https://www.e-stat.go.jp/stat-search/file-download?statInfId=000040231591&fileKind=1
09,092134,那須塩原市,e_kokko_futsuken,6,国庫支出金のうち普通建設事業費支出金(決算),2024-04-01,2025-03-31,2025-03-31,0,決算(年度末),,832986.0,千円,,,164059.0,0.24525695628969976,増加,2024-04-01,2025-03-31,gen-mlit-release-2024;gen-election-shugiin_20241027_smd_09_3;gen-tokko-2024-tokko_dec;gen-tokko-2024-tokko_march,https://www.e-stat.go.jp/stat-search/file-download?statInfId=000040375638&fileKind=1
09,092134,那須塩原市,e_kokko_saigai,6,国庫支出金のうち災害復旧事業費支出金(決算),2020-04-01,2021-03-31,2021-03-31,0,決算(年度末),,25771.0,千円,,,,,未取得,,,,https://www.e-stat.go.jp/stat-search/file-download?statInfId=000032188698&fileKind=1
09,092134,那須塩原市,e_kokko_saigai,6,国庫支出金のうち災害復旧事業費支出金(決算),2021-04-01,2022-03-31,2022-03-31,0,決算(年度末),,0.0,千円,,,-25771.0,-1.0,減少,2021-04-01,2022-03-31,gen-election-shugiin_20211031_smd_09_3;gen-tokko-2021-tokko_dec;gen-tokko-2021-tokko_march;gen-mlit-release-2022,https://www.e-stat.go.jp/stat-search/file-download?statInfId=000040044921&fileKind=1
09,092134,那須塩原市,e_kokko_saigai,6,国庫支出金のうち災害復旧事業費支出金(決算),2022-04-01,2023-03-31,2023-03-31,0,決算(年度末),,0.0,千円,,,0.0,,未取得,2022-04-01,2023-03-31,gen-election-sangiin_20220710_smd_09_1;gen-tokko-2022-tokko_dec;gen-tokko-2022-tokko_march;gen-mlit-release-2023,https://www.e-stat.go.jp/stat-search/file-download?statInfId=000040171702&fileKind=1
09,092134,那須塩原市,e_kokko_saigai,6,国庫支出金のうち災害復旧事業費支出金(決算),2023-04-01,2024-03-31,2024-03-31,0,決算(年度末),,0.0,千円,,,0.0,,未取得,2023-04-01,2024-03-31,gen-tokko-2023-tokko_dec;gen-tokko-2023-tokko_march,https://www.e-stat.go.jp/stat-search/file-download?statInfId=000040231591&fileKind=1
09,092134,那須塩原市,e_kokko_saigai,6,国庫支出金のうち災害復旧事業費支出金(決算),2024-04-01,2025-03-31,2025-03-31,0,決算(年度末),,0.0,千円,,,0.0,,未取得,2024-04-01,2025-03-31,gen-mlit-release-2024;gen-election-shugiin_20241027_smd_09_3;gen-tokko-2024-tokko_dec;gen-tokko-2024-tokko_march,https://www.e-stat.go.jp/stat-search/file-download?statInfId=000040375638&fileKind=1
09,092134,那須塩原市,e_kokko_shasoukou,6,国庫支出金のうち社会資本整備総合交付金(決算),2020-04-01,2021-03-31,2021-03-31,0,決算(年度末),,229121.0,千円,,,,,未取得,,,,https://www.e-stat.go.jp/stat-search/file-download?statInfId=000032188698&fileKind=1
09,092134,那須塩原市,e_kokko_shasoukou,6,国庫支出金のうち社会資本整備総合交付金(決算),2021-04-01,2022-03-31,2022-03-31,0,決算(年度末),,454404.0,千円,,,225283.0,0.9832490256240153,増加,2021-04-01,2022-03-31,gen-election-shugiin_20211031_smd_09_3;gen-tokko-2021-tokko_dec;gen-tokko-2021-tokko_march;gen-mlit-release-2022,https://www.e-stat.go.jp/stat-search/file-download?statInfId=000040044921&fileKind=1
09,092134,那須塩原市,e_kokko_shasoukou,6,国庫支出金のうち社会資本整備総合交付金(決算),2022-04-01,2023-03-31,2023-03-31,0,決算(年度末),,301737.0,千円,,,-152667.0,-0.33597195447223177,減少,2022-04-01,2023-03-31,gen-election-sangiin_20220710_smd_09_1;gen-tokko-2022-tokko_dec;gen-tokko-2022-tokko_march;gen-mlit-release-2023,https://www.e-stat.go.jp/stat-search/file-download?statInfId=000040171702&fileKind=1
09,092134,那須塩原市,e_kokko_shasoukou,6,国庫支出金のうち社会資本整備総合交付金(決算),2023-04-01,2024-03-31,2024-03-31,0,決算(年度末),,232512.0,千円,,,-69225.0,-0.22942164865429165,減少,2023-04-01,2024-03-31,gen-tokko-2023-tokko_dec;gen-tokko-2023-tokko_march,https://www.e-stat.go.jp/stat-search/file-download?statInfId=000040231591&fileKind=1
09,092134,那須塩原市,e_kokko_shasoukou,6,国庫支出金のうち社会資本整備総合交付金(決算),2024-04-01,2025-03-31,2025-03-31,0,決算(年度末),,239661.0,千円,,,7149.0,0.030746800165152768,横ばい,2024-04-01,2025-03-31,gen-mlit-release-2024;gen-election-shugiin_20241027_smd_09_3;gen-tokko-2024-tokko_dec;gen-tokko-2024-tokko_march,https://www.e-stat.go.jp/stat-search/file-download?statInfId=000040375638&fileKind=1
09,092134,那須塩原市,e_pref,6,都道府県支出金 計(決算),2020-04-01,2021-03-31,2021-03-31,0,決算(年度末),,3837678.0,千円,,,,,未取得,,,,https://www.e-stat.go.jp/stat-search/file-download?statInfId=000032188698&fileKind=1
09,092134,那須塩原市,e_pref,6,都道府県支出金 計(決算),2021-04-01,2022-03-31,2022-03-31,0,決算(年度末),,4114998.0,千円,,,277320.0,0.07226244619793531,増加,2021-04-01,2022-03-31,gen-election-shugiin_20211031_smd_09_3;gen-tokko-2021-tokko_dec;gen-tokko-2021-tokko_march;gen-mlit-release-2022,https://www.e-stat.go.jp/stat-search/file-download?statInfId=000040044921&fileKind=1
09,092134,那須塩原市,e_pref,6,都道府県支出金 計(決算),2022-04-01,2023-03-31,2023-03-31,0,決算(年度末),,4532542.0,千円,,,417544.0,0.101468822099063,増加,2022-04-01,2023-03-31,gen-election-sangiin_20220710_smd_09_1;gen-tokko-2022-tokko_dec;gen-tokko-2022-tokko_march;gen-mlit-release-2023,https://www.e-stat.go.jp/stat-search/file-download?statInfId=000040171702&fileKind=1
09,092134,那須塩原市,e_pref,6,都道府県支出金 計(決算),2023-04-01,2024-03-31,2024-03-31,0,決算(年度末),,3687642.0,千円,,,-844900.0,-0.18640753908071894,減少,2023-04-01,2024-03-31,gen-tokko-2023-tokko_dec;gen-tokko-2023-tokko_march,https://www.e-stat.go.jp/stat-search/file-download?statInfId=000040231591&fileKind=1
09,092134,那須塩原市,e_pref,6,都道府県支出金 計(決算),2024-04-01,2025-03-31,2025-03-31,0,決算(年度末),,4242896.0,千円,,,555254.0,0.15057155765120367,増加,2024-04-01,2025-03-31,gen-mlit-release-2024;gen-election-shugiin_20241027_smd_09_3;gen-tokko-2024-tokko_dec;gen-tokko-2024-tokko_march,https://www.e-stat.go.jp/stat-search/file-download?statInfId=000040375638&fileKind=1
09,092134,那須塩原市,e_futsu,6,普通交付税(決算),2020-04-01,2021-03-31,2021-03-31,0,決算(年度末),,3974912.0,千円,,,,,未取得,,,,https://www.e-stat.go.jp/stat-search/file-download?statInfId=000032188698&fileKind=1
09,092134,那須塩原市,e_futsu,6,普通交付税(決算),2021-04-01,2022-03-31,2022-03-31,0,決算(年度末),,5500025.0,千円,,,1525113.0,0.3836847205673987,増加,2021-04-01,2022-03-31,gen-election-shugiin_20211031_smd_09_3;gen-tokko-2021-tokko_dec;gen-tokko-2021-tokko_march;gen-mlit-release-2022,https://www.e-stat.go.jp/stat-search/file-download?statInfId=000040044921&fileKind=1
09,092134,那須塩原市,e_futsu,6,普通交付税(決算),2022-04-01,2023-03-31,2023-03-31,0,決算(年度末),,5787219.0,千円,,,287194.0,0.05221685355975655,増加,2022-04-01,2023-03-31,gen-election-sangiin_20220710_smd_09_1;gen-tokko-2022-tokko_dec;gen-tokko-2022-tokko_march;gen-mlit-release-2023,https://www.e-stat.go.jp/stat-search/file-download?statInfId=000040171702&fileKind=1
09,092134,那須塩原市,e_futsu,6,普通交付税(決算),2023-04-01,2024-03-31,2024-03-31,0,決算(年度末),,5979875.0,千円,,,192656.0,0.033289910058700044,横ばい,2023-04-01,2024-03-31,gen-tokko-2023-tokko_dec;gen-tokko-2023-tokko_march,https://www.e-stat.go.jp/stat-search/file-download?statInfId=000040231591&fileKind=1
09,092134,那須塩原市,e_futsu,6,普通交付税(決算),2024-04-01,2025-03-31,2025-03-31,0,決算(年度末),,5393213.0,千円,,,-586662.0,-0.09810606408996844,減少,2024-04-01,2025-03-31,gen-mlit-release-2024;gen-election-shugiin_20241027_smd_09_3;gen-tokko-2024-tokko_dec;gen-tokko-2024-tokko_march,https://www.e-stat.go.jp/stat-search/file-download?statInfId=000040375638&fileKind=1
09,092134,那須塩原市,e_tokko,6,特別交付税(決算),2020-04-01,2021-03-31,2021-03-31,0,決算(年度末),,673506.0,千円,,,,,未取得,,,,https://www.e-stat.go.jp/stat-search/file-download?statInfId=000032188698&fileKind=1
09,092134,那須塩原市,e_tokko,6,特別交付税(決算),2021-04-01,2022-03-31,2022-03-31,0,決算(年度末),,768418.0,千円,,,94912.0,0.14092227834644383,増加,2021-04-01,2022-03-31,gen-election-shugiin_20211031_smd_09_3;gen-tokko-2021-tokko_dec;gen-tokko-2021-tokko_march;gen-mlit-release-2022,https://www.e-stat.go.jp/stat-search/file-download?statInfId=000040044921&fileKind=1
09,092134,那須塩原市,e_tokko,6,特別交付税(決算),2022-04-01,2023-03-31,2023-03-31,0,決算(年度末),,783520.0,千円,,,15102.0,0.019653365746247486,横ばい,2022-04-01,2023-03-31,gen-election-sangiin_20220710_smd_09_1;gen-tokko-2022-tokko_dec;gen-tokko-2022-tokko_march;gen-mlit-release-2023,https://www.e-stat.go.jp/stat-search/file-download?statInfId=000040171702&fileKind=1
09,092134,那須塩原市,e_tokko,6,特別交付税(決算),2023-04-01,2024-03-31,2024-03-31,0,決算(年度末),,751494.0,千円,,,-32026.0,-0.0408745150091893,横ばい,2023-04-01,2024-03-31,gen-tokko-2023-tokko_dec;gen-tokko-2023-tokko_march,https://www.e-stat.go.jp/stat-search/file-download?statInfId=000040231591&fileKind=1
09,092134,那須塩原市,e_tokko,6,特別交付税(決算),2024-04-01,2025-03-31,2025-03-31,0,決算(年度末),,755582.0,千円,,,4088.0,0.005439830524262336,横ばい,2024-04-01,2025-03-31,gen-mlit-release-2024;gen-election-shugiin_20241027_smd_09_3;gen-tokko-2024-tokko_dec;gen-tokko-2024-tokko_march,https://www.e-stat.go.jp/stat-search/file-download?statInfId=000040375638&fileKind=1
09,092134,那須塩原市,e_road_kokko,7,道路橋りょう費に充当した国庫支出金(決算),2020-04-01,2021-03-31,2021-03-31,0,決算(年度末),,693390.0,千円,,,,,未取得,,,,https://www.e-stat.go.jp/stat-search/file-download?statInfId=000032188710&fileKind=1
09,092134,那須塩原市,e_road_kokko,7,道路橋りょう費に充当した国庫支出金(決算),2021-04-01,2022-03-31,2022-03-31,0,決算(年度末),,600129.0,千円,,,-93261.0,-0.13450006489854194,減少,2021-04-01,2022-03-31,gen-election-shugiin_20211031_smd_09_3;gen-tokko-2021-tokko_dec;gen-tokko-2021-tokko_march;gen-mlit-release-2022,https://www.e-stat.go.jp/stat-search/file-download?statInfId=000040044933&fileKind=1
09,092134,那須塩原市,e_road_kokko,7,道路橋りょう費に充当した国庫支出金(決算),2022-04-01,2023-03-31,2023-03-31,0,決算(年度末),,442062.0,千円,,,-158067.0,-0.26338837150012745,減少,2022-04-01,2023-03-31,gen-election-sangiin_20220710_smd_09_1;gen-tokko-2022-tokko_dec;gen-tokko-2022-tokko_march;gen-mlit-release-2023,https://www.e-stat.go.jp/stat-search/file-download?statInfId=000040171714&fileKind=1
09,092134,那須塩原市,e_road_kokko,7,道路橋りょう費に充当した国庫支出金(決算),2023-04-01,2024-03-31,2024-03-31,0,決算(年度末),,297149.0,千円,,,-144913.0,-0.3278114834570716,減少,2023-04-01,2024-03-31,gen-tokko-2023-tokko_dec;gen-tokko-2023-tokko_march,https://www.e-stat.go.jp/stat-search/file-download?statInfId=000040231603&fileKind=1
09,092134,那須塩原市,e_road_kokko,7,道路橋りょう費に充当した国庫支出金(決算),2024-04-01,2025-03-31,2025-03-31,0,決算(年度末),,258341.0,千円,,,-38808.0,-0.13060114622630398,減少,2024-04-01,2025-03-31,gen-mlit-release-2024;gen-election-shugiin_20241027_smd_09_3;gen-tokko-2024-tokko_dec;gen-tokko-2024-tokko_march,https://www.e-stat.go.jp/stat-search/file-download?statInfId=000040375650&fileKind=1
09,092134,那須塩原市,e_hojo_road_kokko,8,補助事業費(道路・橋りょう)の国庫支出金(決算),2020-04-01,2021-03-31,2021-03-31,0,決算(年度末),,679820.0,千円,,,,,未取得,,,,https://www.e-stat.go.jp/stat-search/file-download?statInfId=000032188732&fileKind=1
09,092134,那須塩原市,e_hojo_road_kokko,8,補助事業費(道路・橋りょう)の国庫支出金(決算),2021-04-01,2022-03-31,2022-03-31,0,決算(年度末),,600129.0,千円,,,-79691.0,-0.11722367685563825,減少,2021-04-01,2022-03-31,gen-election-shugiin_20211031_smd_09_3;gen-tokko-2021-tokko_dec;gen-tokko-2021-tokko_march;gen-mlit-release-2022,https://www.e-stat.go.jp/stat-search/file-download?statInfId=000040044955&fileKind=1
09,092134,那須塩原市,e_hojo_road_kokko,8,補助事業費(道路・橋りょう)の国庫支出金(決算),2022-04-01,2023-03-31,2023-03-31,0,決算(年度末),,427398.0,千円,,,-172731.0,-0.2878231180296236,減少,2022-04-01,2023-03-31,gen-election-sangiin_20220710_smd_09_1;gen-tokko-2022-tokko_dec;gen-tokko-2022-tokko_march;gen-mlit-release-2023,https://www.e-stat.go.jp/stat-search/file-download?statInfId=000040171736&fileKind=1
09,092134,那須塩原市,e_hojo_road_kokko,8,補助事業費(道路・橋りょう)の国庫支出金(決算),2023-04-01,2024-03-31,2024-03-31,0,決算(年度末),,269413.0,千円,,,-157985.0,-0.36964375125761,減少,2023-04-01,2024-03-31,gen-tokko-2023-tokko_dec;gen-tokko-2023-tokko_march,https://www.e-stat.go.jp/stat-search/file-download?statInfId=000040231625&fileKind=1
09,092134,那須塩原市,e_hojo_road_kokko,8,補助事業費(道路・橋りょう)の国庫支出金(決算),2024-04-01,2025-03-31,2025-03-31,0,決算(年度末),,228074.0,千円,,,-41339.0,-0.15344099950633414,減少,2024-04-01,2025-03-31,gen-mlit-release-2024;gen-election-shugiin_20241027_smd_09_3;gen-tokko-2024-tokko_dec;gen-tokko-2024-tokko_march,https://www.e-stat.go.jp/stat-search/file-download?statInfId=000040375672&fileKind=1
09,092134,那須塩原市,futsu_decided,9,普通交付税 当初決定額,2021-04-01,2022-03-31,2021-08-03,0,当初決定日(算定結果の報道資料の日付),2021-08-03,4581814.0,千円,,,,,未取得,,,,https://www.soumu.go.jp/main_content/000761570.xlsx
09,092134,那須塩原市,futsu_decided,9,普通交付税 当初決定額,2022-04-01,2023-03-31,2022-07-26,0,当初決定日(算定結果の報道資料の日付),2022-07-26,5579487.0,千円,,,997673.0,0.21774629000653453,増加,2021-08-04,2022-07-26,gen-election-shugiin_20211031_smd_09_3;gen-tokko-2021-tokko_dec;gen-tokko-2021-tokko_march;gen-mlit-release-2022;gen-election-sangiin_20220710_smd_09_1,https://www.soumu.go.jp/main_content/000762090.xlsx
09,092134,那須塩原市,futsu_decided,9,普通交付税 当初決定額,2023-04-01,2024-03-31,2023-07-28,0,当初決定日(算定結果の報道資料の日付),2023-07-28,5705466.0,千円,,,125979.0,0.02257895752781573,横ばい,2022-07-27,2023-07-28,gen-tokko-2022-tokko_dec;gen-tokko-2022-tokko_march;gen-mlit-release-2023,https://www.soumu.go.jp/main_content/000894237.xlsx
09,092134,那須塩原市,futsu_decided,9,普通交付税 当初決定額,2024-04-01,2025-03-31,2024-07-23,0,当初決定日(算定結果の報道資料の日付),2024-07-23,4873884.0,千円,,,-831582.0,-0.14575181063212014,減少,2023-07-29,2024-07-23,gen-tokko-2023-tokko_dec;gen-tokko-2023-tokko_march;gen-mlit-release-2024,https://www.soumu.go.jp/main_content/000958553.xlsx
09,092134,那須塩原市,futsu_decided,9,普通交付税 当初決定額,2025-04-01,2026-03-31,2025-07-29,0,当初決定日(算定結果の報道資料の日付),2025-07-29,4885344.0,千円,,,11460.0,0.0023513074993167667,横ばい,2024-07-24,2025-07-29,gen-election-shugiin_20241027_smd_09_3;gen-tokko-2024-tokko_dec;gen-tokko-2024-tokko_march;gen-mlit-release-2025;gen-election-sangiin_20250720_smd_09_1,https://www.soumu.go.jp/main_content/001022466.xlsx
09,092134,那須塩原市,futsu_decided,9,普通交付税 当初決定額,2026-04-01,2027-03-31,2026-07-24,0,当初決定日(算定結果の報道資料の日付),2026-07-24,4796369.0,千円,,,-88975.0,-0.018212637636162366,横ばい,2025-07-30,2026-07-24,gen-tokko-2025-tokko_dec;m-2026ge-endorse-092134;gen-election-shugiin_20260208_smd_09_3;gen-cabinet-2026-02-18;gen-position-motegi_toshimitsu-外務大臣-2026-02-18;gen-tokko-2025-tokko_march;gen-mlit-release-2026,https://www.soumu.go.jp/main_content/001083404.xlsx
09,092134,那須塩原市,kofu_total,10,国交省 交付決定額 計(年度合計),2017-04-01,2018-03-31,2018-03-23,1,年度内で最後の交付決定日(交付決定がない年度は年度末)。値は年度合計(変更減額を含む),,1536639.0,千円,,,,,未取得,,,,https://www.mlit.go.jp/common/001210869.xlsx
09,092134,那須塩原市,kofu_total,10,国交省 交付決定額 計(年度合計),2018-04-01,2019-03-31,2018-09-06,1,年度内で最後の交付決定日(交付決定がない年度は年度末)。値は年度合計(変更減額を含む),,1797698.0,千円,,,261059.0,0.1698896097261621,増加,2018-03-24,2018-09-06,,https://www.mlit.go.jp/common/001260907.xlsx
09,092134,那須塩原市,kofu_total,10,国交省 交付決定額 計(年度合計),2019-04-01,2020-03-31,2020-02-18,1,年度内で最後の交付決定日(交付決定がない年度は年度末)。値は年度合計(変更減額を含む),,1032850.0,千円,,,-764848.0,-0.4254596712017258,減少,2018-09-07,2020-02-18,,https://www.mlit.go.jp/common/001316172.xlsx
09,092134,那須塩原市,kofu_total,10,国交省 交付決定額 計(年度合計),2020-04-01,2021-03-31,2021-02-05,1,年度内で最後の交付決定日(交付決定がない年度は年度末)。値は年度合計(変更減額を含む),,916573.0,千円,,,-116277.0,-0.11257878685191461,減少,2020-02-19,2021-02-05,gen-tokko-2020-tokko_dec,https://www.mlit.go.jp/common/001371589.xlsx
09,092134,那須塩原市,kofu_total,10,国交省 交付決定額 計(年度合計),2021-04-01,2022-03-31,2022-03-18,1,年度内で最後の交付決定日(交付決定がない年度は年度末)。値は年度合計(変更減額を含む),,511753.0,千円,,,-404820.0,-0.4416669485136481,減少,2021-02-06,2022-03-18,gen-tokko-2020-tokko_march;gen-mlit-release-2021;gen-election-shugiin_20211031_smd_09_3;gen-tokko-2021-tokko_dec;gen-tokko-2021-tokko_march,https://www.mlit.go.jp/common/001579048.xlsx
09,092134,那須塩原市,kofu_total,10,国交省 交付決定額 計(年度合計),2022-04-01,2023-03-31,2023-03-17,1,年度内で最後の交付決定日(交付決定がない年度は年度末)。値は年度合計(変更減額を含む),,653275.0,千円,,,141522.0,0.27654356691607085,増加,2022-03-19,2023-03-17,gen-mlit-release-2022;gen-election-sangiin_20220710_smd_09_1;gen-tokko-2022-tokko_dec,https://www.mlit.go.jp/common/001426891.xlsx
09,092134,那須塩原市,kofu_total,10,国交省 交付決定額 計(年度合計),2023-04-01,2024-03-31,2024-03-08,1,年度内で最後の交付決定日(交付決定がない年度は年度末)。値は年度合計(変更減額を含む),,657417.0,千円,,,4142.0,0.0063403620221193216,横ばい,2023-03-18,2024-03-08,gen-tokko-2022-tokko_march;gen-mlit-release-2023;gen-tokko-2023-tokko_dec,https://www.mlit.go.jp/page/content/001749355.xlsx
09,092134,那須塩原市,kofu_total,10,国交省 交付決定額 計(年度合計),2024-04-01,2025-03-31,2025-03-04,1,年度内で最後の交付決定日(交付決定がない年度は年度末)。値は年度合計(変更減額を含む),,1099511.0,千円,,,442094.0,0.6724712016878176,増加,2024-03-09,2025-03-04,gen-tokko-2023-tokko_march;gen-mlit-release-2024;gen-election-shugiin_20241027_smd_09_3;gen-tokko-2024-tokko_dec,https://www.mlit.go.jp/page/content/001889200.xlsx
09,092134,那須塩原市,kofu_total,10,国交省 交付決定額 計(年度合計),2025-04-01,2026-03-31,2026-03-06,1,年度内で最後の交付決定日(交付決定がない年度は年度末)。値は年度合計(変更減額を含む),,1250532.0,千円,,,151021.0,0.13735287777930372,増加,2025-03-05,2026-03-06,gen-tokko-2024-tokko_march;gen-mlit-release-2025;gen-election-sangiin_20250720_smd_09_1;gen-tokko-2025-tokko_dec;m-2026ge-endorse-092134;gen-election-shugiin_20260208_smd_09_3;gen-cabinet-2026-02-18;gen-position-motegi_toshimitsu-外務大臣-2026-02-18,https://www.mlit.go.jp/page/content/001968987.xlsx
09,092134,那須塩原市,kofu_shasoukou,10,国交省 交付決定額 社会資本整備総合交付金,2017-04-01,2018-03-31,2018-03-31,1,年度内で最後の交付決定日(交付決定がない年度は年度末)。値は年度合計(変更減額を含む),,1269344.0,千円,,,,,未取得,,,,https://www.mlit.go.jp/common/001306061.xlsx
09,092134,那須塩原市,kofu_shasoukou,10,国交省 交付決定額 社会資本整備総合交付金,2018-04-01,2019-03-31,2018-09-06,1,年度内で最後の交付決定日(交付決定がない年度は年度末)。値は年度合計(変更減額を含む),,1470888.0,千円,,,201544.0,0.1587780774951471,増加,2018-04-01,2018-09-06,,https://www.mlit.go.jp/common/001288716.xlsx
09,092134,那須塩原市,kofu_shasoukou,10,国交省 交付決定額 社会資本整備総合交付金,2019-04-01,2020-03-31,2020-03-31,1,年度内で最後の交付決定日(交付決定がない年度は年度末)。値は年度合計(変更減額を含む),,625201.0,千円,,,-845687.0,-0.5749499621997052,減少,2018-09-07,2020-03-31,,https://www.mlit.go.jp/common/001316186.xlsx
09,092134,那須塩原市,kofu_shasoukou,10,国交省 交付決定額 社会資本整備総合交付金,2020-04-01,2021-03-31,2021-03-31,1,年度内で最後の交付決定日(交付決定がない年度は年度末)。値は年度合計(変更減額を含む),,457601.0,千円,,,-167600.0,-0.26807378746994964,減少,2020-04-01,2021-03-31,gen-tokko-2020-tokko_dec;gen-tokko-2020-tokko_march;gen-mlit-release-2021,https://www.mlit.go.jp/common/001371606.xlsx
09,092134,那須塩原市,kofu_shasoukou,10,国交省 交付決定額 社会資本整備総合交付金,2021-04-01,2022-03-31,2022-03-31,1,年度内で最後の交付決定日(交付決定がない年度は年度末)。値は年度合計(変更減額を含む),,255008.0,千円,,,-202593.0,-0.44272849054088603,減少,2021-04-01,2022-03-31,gen-election-shugiin_20211031_smd_09_3;gen-tokko-2021-tokko_dec;gen-tokko-2021-tokko_march;gen-mlit-release-2022,https://www.mlit.go.jp/common/001579064.xlsx
09,092134,那須塩原市,kofu_shasoukou,10,国交省 交付決定額 社会資本整備総合交付金,2022-04-01,2023-03-31,2023-03-31,1,年度内で最後の交付決定日(交付決定がない年度は年度末)。値は年度合計(変更減額を含む),,270754.0,千円,,,15746.0,0.06174708244447233,増加,2022-04-01,2023-03-31,gen-election-sangiin_20220710_smd_09_1;gen-tokko-2022-tokko_dec;gen-tokko-2022-tokko_march;gen-mlit-release-2023,https://www.mlit.go.jp/common/001426909.xlsx
09,092134,那須塩原市,kofu_shasoukou,10,国交省 交付決定額 社会資本整備総合交付金,2023-04-01,2024-03-31,2023-08-03,1,年度内で最後の交付決定日(交付決定がない年度は年度末)。値は年度合計(変更減額を含む),,288161.0,千円,,,17407.0,0.06429083226840601,増加,2023-04-01,2023-08-03,,https://www.mlit.go.jp/page/content/001708175.xlsx
09,092134,那須塩原市,kofu_shasoukou,10,国交省 交付決定額 社会資本整備総合交付金,2024-04-01,2025-03-31,2025-01-28,1,年度内で最後の交付決定日(交付決定がない年度は年度末)。値は年度合計(変更減額を含む),,529220.0,千円,,,241059.0,0.8365427660231607,増加,2023-08-04,2025-01-28,gen-tokko-2023-tokko_dec;gen-tokko-2023-tokko_march;gen-mlit-release-2024;gen-election-shugiin_20241027_smd_09_3;gen-tokko-2024-tokko_dec,https://www.mlit.go.jp/page/content/001842591.xlsx
09,092134,那須塩原市,kofu_shasoukou,10,国交省 交付決定額 社会資本整備総合交付金,2025-04-01,2026-03-31,2026-03-04,1,年度内で最後の交付決定日(交付決定がない年度は年度末)。値は年度合計(変更減額を含む),,627669.0,千円,,,98449.0,0.18602660519254752,増加,2025-01-29,2026-03-04,gen-tokko-2024-tokko_march;gen-mlit-release-2025;gen-election-sangiin_20250720_smd_09_1;gen-tokko-2025-tokko_dec;m-2026ge-endorse-092134;gen-election-shugiin_20260208_smd_09_3;gen-cabinet-2026-02-18;gen-position-motegi_toshimitsu-外務大臣-2026-02-18,https://www.mlit.go.jp/page/content/001969014.xlsx
09,092134,那須塩原市,kofu_bouan,10,国交省 交付決定額 防災・安全交付金,2017-04-01,2018-03-31,2018-03-31,1,年度内で最後の交付決定日(交付決定がない年度は年度末)。値は年度合計(変更減額を含む),,443473.0,千円,,,,,未取得,,,,https://www.mlit.go.jp/common/001306061.xlsx
09,092134,那須塩原市,kofu_bouan,10,国交省 交付決定額 防災・安全交付金,2018-04-01,2019-03-31,2018-09-06,1,年度内で最後の交付決定日(交付決定がない年度は年度末)。値は年度合計(変更減額を含む),,409018.0,千円,,,-34455.0,-0.07769356871782498,減少,2018-04-01,2018-09-06,,https://www.mlit.go.jp/common/001288716.xlsx
09,092134,那須塩原市,kofu_bouan,10,国交省 交付決定額 防災・安全交付金,2019-04-01,2020-03-31,2020-03-31,1,年度内で最後の交付決定日(交付決定がない年度は年度末)。値は年度合計(変更減額を含む),,516364.0,千円,,,107346.0,0.2624481074182554,増加,2018-09-07,2020-03-31,,https://www.mlit.go.jp/common/001316186.xlsx
09,092134,那須塩原市,kofu_bouan,10,国交省 交付決定額 防災・安全交付金,2020-04-01,2021-03-31,2021-03-31,1,年度内で最後の交付決定日(交付決定がない年度は年度末)。値は年度合計(変更減額を含む),,290244.0,千円,,,-226120.0,-0.4379081423182096,減少,2020-04-01,2021-03-31,gen-tokko-2020-tokko_dec;gen-tokko-2020-tokko_march;gen-mlit-release-2021,https://www.mlit.go.jp/common/001371606.xlsx
09,092134,那須塩原市,kofu_bouan,10,国交省 交付決定額 防災・安全交付金,2021-04-01,2022-03-31,2022-03-31,1,年度内で最後の交付決定日(交付決定がない年度は年度末)。値は年度合計(変更減額を含む),,85767.0,千円,,,-204477.0,-0.7045003514284534,減少,2021-04-01,2022-03-31,gen-election-shugiin_20211031_smd_09_3;gen-tokko-2021-tokko_dec;gen-tokko-2021-tokko_march;gen-mlit-release-2022,https://www.mlit.go.jp/common/001579064.xlsx
09,092134,那須塩原市,kofu_bouan,10,国交省 交付決定額 防災・安全交付金,2022-04-01,2023-03-31,2023-03-31,1,年度内で最後の交付決定日(交付決定がない年度は年度末)。値は年度合計(変更減額を含む),,121587.0,千円,,,35820.0,0.41764314946308023,増加,2022-04-01,2023-03-31,gen-election-sangiin_20220710_smd_09_1;gen-tokko-2022-tokko_dec;gen-tokko-2022-tokko_march;gen-mlit-release-2023,https://www.mlit.go.jp/common/001426909.xlsx
09,092134,那須塩原市,kofu_bouan,10,国交省 交付決定額 防災・安全交付金,2023-04-01,2024-03-31,2023-08-18,1,年度内で最後の交付決定日(交付決定がない年度は年度末)。値は年度合計(変更減額を含む),,163083.0,千円,,,41496.0,0.3412864862197439,増加,2023-04-01,2023-08-18,,https://www.mlit.go.jp/page/content/001708175.xlsx
09,092134,那須塩原市,kofu_bouan,10,国交省 交付決定額 防災・安全交付金,2024-04-01,2025-03-31,2025-03-04,1,年度内で最後の交付決定日(交付決定がない年度は年度末)。値は年度合計(変更減額を含む),,246934.0,千円,,,83851.0,0.5141615005855914,増加,2023-08-19,2025-03-04,gen-tokko-2023-tokko_dec;gen-tokko-2023-tokko_march;gen-mlit-release-2024;gen-election-shugiin_20241027_smd_09_3;gen-tokko-2024-tokko_dec,https://www.mlit.go.jp/page/content/001842591.xlsx
09,092134,那須塩原市,kofu_bouan,10,国交省 交付決定額 防災・安全交付金,2025-04-01,2026-03-31,2026-03-06,1,年度内で最後の交付決定日(交付決定がない年度は年度末)。値は年度合計(変更減額を含む),,193996.0,千円,,,-52938.0,-0.21438117067718498,減少,2025-03-05,2026-03-06,gen-tokko-2024-tokko_march;gen-mlit-release-2025;gen-election-sangiin_20250720_smd_09_1;gen-tokko-2025-tokko_dec;m-2026ge-endorse-092134;gen-election-shugiin_20260208_smd_09_3;gen-cabinet-2026-02-18;gen-position-motegi_toshimitsu-外務大臣-2026-02-18,https://www.mlit.go.jp/page/content/001969014.xlsx
09,092134,那須塩原市,kofu_road,10,国交省 交付決定額 道路関係の補助,2017-04-01,2018-03-31,2018-03-23,1,年度内で最後の交付決定日(交付決定がない年度は年度末)。値は年度合計(変更減額を含む),,14000.0,千円,,,,,未取得,,,,https://www.mlit.go.jp/common/001234557.xlsx
09,092134,那須塩原市,kofu_road,10,国交省 交付決定額 道路関係の補助,2018-04-01,2019-03-31,2019-03-31,1,年度内で最後の交付決定日(交付決定がない年度は年度末)。値は年度合計(変更減額を含む),,0.0,千円,,,-14000.0,-1.0,減少,2018-03-24,2019-03-31,,https://www.mlit.go.jp/common/001260897.xlsx
09,092134,那須塩原市,kofu_road,10,国交省 交付決定額 道路関係の補助,2019-04-01,2020-03-31,2020-03-31,1,年度内で最後の交付決定日(交付決定がない年度は年度末)。値は年度合計(変更減額を含む),,0.0,千円,,,0.0,,未取得,2019-04-01,2020-03-31,,https://www.mlit.go.jp/common/001316175.xlsx
09,092134,那須塩原市,kofu_road,10,国交省 交付決定額 道路関係の補助,2020-04-01,2021-03-31,2021-03-31,1,年度内で最後の交付決定日(交付決定がない年度は年度末)。値は年度合計(変更減額を含む),,120725.0,千円,,,120725.0,,未取得,2020-04-01,2021-03-31,gen-tokko-2020-tokko_dec;gen-tokko-2020-tokko_march;gen-mlit-release-2021,https://www.mlit.go.jp/common/001371629.xlsx
09,092134,那須塩原市,kofu_road,10,国交省 交付決定額 道路関係の補助,2021-04-01,2022-03-31,2022-03-18,1,年度内で最後の交付決定日(交付決定がない年度は年度末)。値は年度合計(変更減額を含む),,149395.0,千円,,,28670.0,0.23748188030648168,増加,2021-04-01,2022-03-18,gen-election-shugiin_20211031_smd_09_3;gen-tokko-2021-tokko_dec;gen-tokko-2021-tokko_march,https://www.mlit.go.jp/common/001579051.xlsx
09,092134,那須塩原市,kofu_road,10,国交省 交付決定額 道路関係の補助,2022-04-01,2023-03-31,2023-03-17,1,年度内で最後の交付決定日(交付決定がない年度は年度末)。値は年度合計(変更減額を含む),,56045.0,千円,,,-93350.0,-0.6248535760902306,減少,2022-03-19,2023-03-17,gen-mlit-release-2022;gen-election-sangiin_20220710_smd_09_1;gen-tokko-2022-tokko_dec,https://www.mlit.go.jp/common/001426897.xlsx
09,092134,那須塩原市,kofu_road,10,国交省 交付決定額 道路関係の補助,2023-04-01,2024-03-31,2023-04-28,1,年度内で最後の交付決定日(交付決定がない年度は年度末)。値は年度合計(変更減額を含む),,35592.0,千円,,,-20453.0,-0.36493888839325545,減少,2023-03-18,2023-04-28,gen-tokko-2022-tokko_march;gen-mlit-release-2023,https://www.mlit.go.jp/page/content/001708164.xlsx
09,092134,那須塩原市,kofu_road,10,国交省 交付決定額 道路関係の補助,2024-04-01,2025-03-31,2024-04-26,1,年度内で最後の交付決定日(交付決定がない年度は年度末)。値は年度合計(変更減額を含む),,53350.0,千円,,,17758.0,0.49893234434704425,増加,2023-04-29,2024-04-26,gen-tokko-2023-tokko_dec;gen-tokko-2023-tokko_march;gen-mlit-release-2024,https://www.mlit.go.jp/page/content/001889202.xlsx
09,092134,那須塩原市,kofu_road,10,国交省 交付決定額 道路関係の補助,2025-04-01,2026-03-31,2025-04-25,1,年度内で最後の交付決定日(交付決定がない年度は年度末)。値は年度合計(変更減額を含む),,81675.0,千円,,,28325.0,0.5309278350515464,増加,2024-04-27,2025-04-25,gen-election-shugiin_20241027_smd_09_3;gen-tokko-2024-tokko_dec;gen-tokko-2024-tokko_march;gen-mlit-release-2025,https://www.mlit.go.jp/page/content/001969000.xlsx
09,092142,さくら市,card_kokko,1,国庫支出金(決算),2020-04-01,2021-03-31,2021-03-31,0,決算(年度末),,7659796.0,千円,,,,,未取得,,,,https://www.soumu.go.jp/main_content/000804135.xlsx
09,092142,さくら市,card_kokko,1,国庫支出金(決算),2021-04-01,2022-03-31,2022-03-31,0,決算(年度末),,4694683.0,千円,,,-2965113.0,-0.387100779185242,減少,2021-04-01,2022-03-31,gen-election-shugiin_20211031_smd_09_2;gen-tokko-2021-tokko_dec;gen-tokko-2021-tokko_march;gen-mlit-release-2022,https://www.soumu.go.jp/main_content/000873399.xlsx
09,092142,さくら市,card_kokko,1,国庫支出金(決算),2022-04-01,2023-03-31,2023-03-31,0,決算(年度末),,3749499.0,千円,,,-945184.0,-0.20133073947697852,減少,2022-04-01,2023-03-31,gen-election-sangiin_20220710_smd_09_1;gen-tokko-2022-tokko_dec;gen-tokko-2022-tokko_march;gen-mlit-release-2023,https://www.soumu.go.jp/main_content/000937050.xlsx
09,092142,さくら市,card_kokko,1,国庫支出金(決算),2023-04-01,2024-03-31,2024-03-31,0,決算(年度末),,3529511.0,千円,,,-219988.0,-0.05867130515303511,減少,2023-04-01,2024-03-31,gen-tokko-2023-tokko_dec;gen-tokko-2023-tokko_march,https://www.soumu.go.jp/main_content/000998938.xlsx
09,092142,さくら市,card_kokko,1,国庫支出金(決算),2024-04-01,2025-03-31,2025-03-31,0,決算(年度末),,3954631.0,千円,,,425120.0,0.12044728009064146,増加,2024-04-01,2025-03-31,gen-mlit-release-2024;gen-election-shugiin_20241027_smd_09_2;gen-tokko-2024-tokko_dec;gen-tokko-2024-tokko_march,https://www.soumu.go.jp/main_content/001063963.xlsx
09,092142,さくら市,card_pref,2,県支出金(決算),2020-04-01,2021-03-31,2021-03-31,0,決算(年度末),,1241560.0,千円,,,,,未取得,,,,https://www.soumu.go.jp/main_content/000804135.xlsx
09,092142,さくら市,card_pref,2,県支出金(決算),2021-04-01,2022-03-31,2022-03-31,0,決算(年度末),,1423976.0,千円,,,182416.0,0.14692483649602114,増加,2021-04-01,2022-03-31,gen-election-shugiin_20211031_smd_09_2;gen-tokko-2021-tokko_dec;gen-tokko-2021-tokko_march;gen-mlit-release-2022,https://www.soumu.go.jp/main_content/000873399.xlsx
09,092142,さくら市,card_pref,2,県支出金(決算),2022-04-01,2023-03-31,2023-03-31,0,決算(年度末),,1349848.0,千円,,,-74128.0,-0.0520570571414125,減少,2022-04-01,2023-03-31,gen-election-sangiin_20220710_smd_09_1;gen-tokko-2022-tokko_dec;gen-tokko-2022-tokko_march;gen-mlit-release-2023,https://www.soumu.go.jp/main_content/000937050.xlsx
09,092142,さくら市,card_pref,2,県支出金(決算),2023-04-01,2024-03-31,2024-03-31,0,決算(年度末),,1398868.0,千円,,,49020.0,0.03631519993362216,横ばい,2023-04-01,2024-03-31,gen-tokko-2023-tokko_dec;gen-tokko-2023-tokko_march,https://www.soumu.go.jp/main_content/000998938.xlsx
09,092142,さくら市,card_pref,2,県支出金(決算),2024-04-01,2025-03-31,2025-03-31,0,決算(年度末),,1573928.0,千円,,,175060.0,0.12514404504213406,増加,2024-04-01,2025-03-31,gen-mlit-release-2024;gen-election-shugiin_20241027_smd_09_2;gen-tokko-2024-tokko_dec;gen-tokko-2024-tokko_march,https://www.soumu.go.jp/main_content/001063963.xlsx
09,092142,さくら市,tokko_dec,3a,特別交付税 12月分,2020-04-01,2021-03-31,2020-12-08,0,交付決定日(報道発表),2020-12-08,32559.0,千円,,,,,未取得,,,,https://www.soumu.go.jp/main_content/000721607.pdf
09,092142,さくら市,tokko_dec,3a,特別交付税 12月分,2021-04-01,2022-03-31,2021-12-03,0,交付決定日(報道発表),2021-12-03,30133.0,千円,,,-2426.0,-0.07451088792653338,減少,2020-12-09,2021-12-03,gen-tokko-2020-tokko_march;gen-mlit-release-2021;gen-election-shugiin_20211031_smd_09_2;gen-tokko-2021-tokko_dec,https://www.soumu.go.jp/main_content/000780948.pdf
09,092142,さくら市,tokko_dec,3a,特別交付税 12月分,2022-04-01,2023-03-31,2022-12-13,0,交付決定日(報道発表),2022-12-13,29735.0,千円,,,-398.0,-0.013208110709189261,横ばい,2021-12-04,2022-12-13,gen-tokko-2021-tokko_march;gen-mlit-release-2022;gen-election-sangiin_20220710_smd_09_1;gen-tokko-2022-tokko_dec,https://www.soumu.go.jp/main_content/000850537.pdf
09,092142,さくら市,tokko_dec,3a,特別交付税 12月分,2023-04-01,2024-03-31,2023-12-12,0,交付決定日(報道発表),2023-12-12,30205.0,千円,,,470.0,0.01580628888515218,横ばい,2022-12-14,2023-12-12,gen-tokko-2022-tokko_march;gen-mlit-release-2023;gen-tokko-2023-tokko_dec,https://www.soumu.go.jp/main_content/000916643.pdf
09,092142,さくら市,tokko_dec,3a,特別交付税 12月分,2024-04-01,2025-03-31,2024-12-20,0,交付決定日(報道発表),2024-12-20,37390.0,千円,,,7185.0,0.23787452408541632,増加,2023-12-13,2024-12-20,gen-tokko-2023-tokko_march;gen-mlit-release-2024;gen-election-shugiin_20241027_smd_09_2;gen-tokko-2024-tokko_dec,https://www.soumu.go.jp/main_content/000983129.pdf
09,092142,さくら市,tokko_dec,3a,特別交付税 12月分,2025-04-01,2026-03-31,2025-12-19,0,交付決定日(報道発表),2025-12-19,32107.0,千円,,,-5283.0,-0.14129446376036373,減少,2024-12-21,2025-12-19,gen-tokko-2024-tokko_march;gen-mlit-release-2025;gen-election-sangiin_20250720_smd_09_1;gen-tokko-2025-tokko_dec,https://www.soumu.go.jp/main_content/001046667.pdf
09,092142,さくら市,tokko_march,3b,特別交付税 3月分,2020-04-01,2021-03-31,2021-03-19,0,交付決定日(報道発表),2021-03-19,308152.0,千円,,,,,未取得,,,,https://www.soumu.go.jp/main_content/000738961.pdf
09,092142,さくら市,tokko_march,3b,特別交付税 3月分,2021-04-01,2022-03-31,2022-03-18,0,交付決定日(報道発表),2022-03-18,339506.0,千円,,,31354.0,0.10174848775928762,増加,2021-03-20,2022-03-18,gen-mlit-release-2021;gen-election-shugiin_20211031_smd_09_2;gen-tokko-2021-tokko_dec;gen-tokko-2021-tokko_march,https://www.soumu.go.jp/main_content/000799619.pdf
09,092142,さくら市,tokko_march,3b,特別交付税 3月分,2022-04-01,2023-03-31,2023-03-22,0,交付決定日(報道発表),2023-03-22,342425.0,千円,,,2919.0,0.008597786195236608,横ばい,2022-03-19,2023-03-22,gen-mlit-release-2022;gen-election-sangiin_20220710_smd_09_1;gen-tokko-2022-tokko_dec;gen-tokko-2022-tokko_march,https://www.soumu.go.jp/main_content/000869990.pdf
09,092142,さくら市,tokko_march,3b,特別交付税 3月分,2023-04-01,2024-03-31,2024-03-22,0,交付決定日(報道発表),2024-03-22,343051.0,千円,,,626.0,0.0018281375483682558,横ばい,2023-03-23,2024-03-22,gen-mlit-release-2023;gen-tokko-2023-tokko_dec;gen-tokko-2023-tokko_march,https://www.soumu.go.jp/main_content/000997045.pdf
09,092142,さくら市,tokko_march,3b,特別交付税 3月分,2024-04-01,2025-03-31,2025-03-21,0,交付決定日(報道発表),2025-03-21,350291.0,千円,,,7240.0,0.02110473369848798,横ばい,2024-03-23,2025-03-21,gen-mlit-release-2024;gen-election-shugiin_20241027_smd_09_2;gen-tokko-2024-tokko_dec;gen-tokko-2024-tokko_march,https://www.soumu.go.jp/main_content/000998441.pdf
09,092142,さくら市,tokko_march,3b,特別交付税 3月分,2025-04-01,2026-03-31,2026-03-17,0,交付決定日(報道発表),2026-03-17,377203.0,千円,,,26912.0,0.0768275519496647,増加,2025-03-22,2026-03-17,gen-mlit-release-2025;gen-election-sangiin_20250720_smd_09_1;gen-tokko-2025-tokko_dec;gen-election-shugiin_20260208_smd_09_2;gen-cabinet-2026-02-18;gen-position-motegi_toshimitsu-外務大臣-2026-02-18;gen-tokko-2025-tokko_march,https://www.soumu.go.jp/main_content/001061260.pdf
09,092142,さくら市,mlit_sole_grants,4,社総交・防安交 単独策定主体の国費,2021-04-01,2022-03-31,2021-03-30,1,当初配分の報道発表日を代用(交付決定日は未公表),2021-03-30,0.0,千円,0,,,,未取得,,,,https://www.mlit.go.jp/common/001396522.pdf
09,092142,さくら市,mlit_sole_grants,4,社総交・防安交 単独策定主体の国費,2022-04-01,2023-03-31,2022-03-25,1,当初配分の報道発表日を代用(交付決定日は未公表),2022-03-25,15000.0,千円,1,,15000.0,,未取得,2021-03-31,2022-03-25,gen-election-shugiin_20211031_smd_09_2;gen-tokko-2021-tokko_dec;gen-tokko-2021-tokko_march;gen-mlit-release-2022,https://www.mlit.go.jp/page/content/001472731.pdf
09,092142,さくら市,mlit_sole_grants,4,社総交・防安交 単独策定主体の国費,2023-04-01,2024-03-31,2023-03-31,1,当初配分の報道発表日を代用(交付決定日は未公表),2023-03-31,58500.0,千円,1,,43500.0,2.9,増加,2022-03-26,2023-03-31,gen-election-sangiin_20220710_smd_09_1;gen-tokko-2022-tokko_dec;gen-tokko-2022-tokko_march;gen-mlit-release-2023,https://www.mlit.go.jp/page/content/001596924.pdf
09,092142,さくら市,mlit_sole_grants,4,社総交・防安交 単独策定主体の国費,2024-04-01,2025-03-31,2024-04-01,1,当初配分の報道発表日を代用(交付決定日は未公表),2024-04-01,21000.0,千円,1,,-37500.0,-0.6410256410256411,減少,2023-04-01,2024-04-01,gen-tokko-2023-tokko_dec;gen-tokko-2023-tokko_march;gen-mlit-release-2024,https://www.mlit.go.jp/page/content/001735005.pdf
09,092142,さくら市,mlit_sole_grants,4,社総交・防安交 単独策定主体の国費,2025-04-01,2026-03-31,2025-04-01,1,当初配分の報道発表日を代用(交付決定日は未公表),2025-04-01,5000.0,千円,1,,-16000.0,-0.7619047619047619,減少,2024-04-02,2025-04-01,gen-election-shugiin_20241027_smd_09_2;gen-tokko-2024-tokko_dec;gen-tokko-2024-tokko_march;gen-mlit-release-2025,https://www.mlit.go.jp/page/content/001879738.pdf
09,092142,さくら市,mlit_sole_grants,4,社総交・防安交 単独策定主体の国費,2026-04-01,2027-03-31,2026-04-07,1,当初配分の報道発表日を代用(交付決定日は未公表),2026-04-07,4700.0,千円,1,,-300.0,-0.06,減少,2025-04-02,2026-04-07,gen-election-sangiin_20250720_smd_09_1;gen-tokko-2025-tokko_dec;gen-election-shugiin_20260208_smd_09_2;gen-cabinet-2026-02-18;gen-position-motegi_toshimitsu-外務大臣-2026-02-18;gen-tokko-2025-tokko_march;gen-mlit-release-2026,https://www.mlit.go.jp/page/content/001994561.pdf
09,092142,さくら市,mlit_road,5,道路局箇所表 事業主体=当該市町の国費,2021-04-01,2022-03-31,2021-03-30,1,当初配分の報道発表日を代用(交付決定日は未公表),2021-03-30,260000.0,千円,2,,,,未取得,,,,https://www.mlit.go.jp/common/001396522.pdf
09,092142,さくら市,mlit_road,5,道路局箇所表 事業主体=当該市町の国費,2022-04-01,2023-03-31,2022-03-25,1,当初配分の報道発表日を代用(交付決定日は未公表),2022-03-25,98000.0,千円,2,,-162000.0,-0.6230769230769231,減少,2021-03-31,2022-03-25,gen-election-shugiin_20211031_smd_09_2;gen-tokko-2021-tokko_dec;gen-tokko-2021-tokko_march;gen-mlit-release-2022,https://www.mlit.go.jp/page/content/001472731.pdf
09,092142,さくら市,mlit_road,5,道路局箇所表 事業主体=当該市町の国費,2023-04-01,2024-03-31,2023-03-31,1,当初配分の報道発表日を代用(交付決定日は未公表),2023-03-31,102000.0,千円,2,,4000.0,0.04081632653061224,横ばい,2022-03-26,2023-03-31,gen-election-sangiin_20220710_smd_09_1;gen-tokko-2022-tokko_dec;gen-tokko-2022-tokko_march;gen-mlit-release-2023,https://www.mlit.go.jp/page/content/001596924.pdf
09,092142,さくら市,mlit_road,5,道路局箇所表 事業主体=当該市町の国費,2024-04-01,2025-03-31,2024-04-01,1,当初配分の報道発表日を代用(交付決定日は未公表),2024-04-01,93000.0,千円,2,,-9000.0,-0.08823529411764706,減少,2023-04-01,2024-04-01,gen-tokko-2023-tokko_dec;gen-tokko-2023-tokko_march;gen-mlit-release-2024,https://www.mlit.go.jp/page/content/001735005.pdf
09,092142,さくら市,mlit_road,5,道路局箇所表 事業主体=当該市町の国費,2025-04-01,2026-03-31,2025-04-01,1,当初配分の報道発表日を代用(交付決定日は未公表),2025-04-01,56000.0,千円,1,,-37000.0,-0.3978494623655914,減少,2024-04-02,2025-04-01,gen-election-shugiin_20241027_smd_09_2;gen-tokko-2024-tokko_dec;gen-tokko-2024-tokko_march;gen-mlit-release-2025,https://www.mlit.go.jp/page/content/001879738.pdf
09,092142,さくら市,mlit_road,5,道路局箇所表 事業主体=当該市町の国費,2026-04-01,2027-03-31,2026-04-07,1,当初配分の報道発表日を代用(交付決定日は未公表),2026-04-07,27000.0,千円,1,,-29000.0,-0.5178571428571429,減少,2025-04-02,2026-04-07,gen-election-sangiin_20250720_smd_09_1;gen-tokko-2025-tokko_dec;gen-election-shugiin_20260208_smd_09_2;gen-cabinet-2026-02-18;gen-position-motegi_toshimitsu-外務大臣-2026-02-18;gen-tokko-2025-tokko_march;gen-mlit-release-2026,https://www.mlit.go.jp/page/content/001994561.pdf
09,092142,さくら市,e_kokko,6,国庫支出金 計(決算、地方財政状況調査),2020-04-01,2021-03-31,2021-03-31,0,決算(年度末),,7659796.0,千円,,,,,未取得,,,,https://www.e-stat.go.jp/stat-search/file-download?statInfId=000032188698&fileKind=1
09,092142,さくら市,e_kokko,6,国庫支出金 計(決算、地方財政状況調査),2021-04-01,2022-03-31,2022-03-31,0,決算(年度末),,4694683.0,千円,,,-2965113.0,-0.387100779185242,減少,2021-04-01,2022-03-31,gen-election-shugiin_20211031_smd_09_2;gen-tokko-2021-tokko_dec;gen-tokko-2021-tokko_march;gen-mlit-release-2022,https://www.e-stat.go.jp/stat-search/file-download?statInfId=000040044921&fileKind=1
09,092142,さくら市,e_kokko,6,国庫支出金 計(決算、地方財政状況調査),2022-04-01,2023-03-31,2023-03-31,0,決算(年度末),,3749499.0,千円,,,-945184.0,-0.20133073947697852,減少,2022-04-01,2023-03-31,gen-election-sangiin_20220710_smd_09_1;gen-tokko-2022-tokko_dec;gen-tokko-2022-tokko_march;gen-mlit-release-2023,https://www.e-stat.go.jp/stat-search/file-download?statInfId=000040171702&fileKind=1
09,092142,さくら市,e_kokko,6,国庫支出金 計(決算、地方財政状況調査),2023-04-01,2024-03-31,2024-03-31,0,決算(年度末),,3529511.0,千円,,,-219988.0,-0.05867130515303511,減少,2023-04-01,2024-03-31,gen-tokko-2023-tokko_dec;gen-tokko-2023-tokko_march,https://www.e-stat.go.jp/stat-search/file-download?statInfId=000040231591&fileKind=1
09,092142,さくら市,e_kokko,6,国庫支出金 計(決算、地方財政状況調査),2024-04-01,2025-03-31,2025-03-31,0,決算(年度末),,3954631.0,千円,,,425120.0,0.12044728009064146,増加,2024-04-01,2025-03-31,gen-mlit-release-2024;gen-election-shugiin_20241027_smd_09_2;gen-tokko-2024-tokko_dec;gen-tokko-2024-tokko_march,https://www.e-stat.go.jp/stat-search/file-download?statInfId=000040375638&fileKind=1
09,092142,さくら市,e_kokko_futsuken,6,国庫支出金のうち普通建設事業費支出金(決算),2020-04-01,2021-03-31,2021-03-31,0,決算(年度末),,43296.0,千円,,,,,未取得,,,,https://www.e-stat.go.jp/stat-search/file-download?statInfId=000032188698&fileKind=1
09,092142,さくら市,e_kokko_futsuken,6,国庫支出金のうち普通建設事業費支出金(決算),2021-04-01,2022-03-31,2022-03-31,0,決算(年度末),,247004.0,千円,,,203708.0,4.705007390983001,増加,2021-04-01,2022-03-31,gen-election-shugiin_20211031_smd_09_2;gen-tokko-2021-tokko_dec;gen-tokko-2021-tokko_march;gen-mlit-release-2022,https://www.e-stat.go.jp/stat-search/file-download?statInfId=000040044921&fileKind=1
09,092142,さくら市,e_kokko_futsuken,6,国庫支出金のうち普通建設事業費支出金(決算),2022-04-01,2023-03-31,2023-03-31,0,決算(年度末),,147504.0,千円,,,-99500.0,-0.40282748457514855,減少,2022-04-01,2023-03-31,gen-election-sangiin_20220710_smd_09_1;gen-tokko-2022-tokko_dec;gen-tokko-2022-tokko_march;gen-mlit-release-2023,https://www.e-stat.go.jp/stat-search/file-download?statInfId=000040171702&fileKind=1
09,092142,さくら市,e_kokko_futsuken,6,国庫支出金のうち普通建設事業費支出金(決算),2023-04-01,2024-03-31,2024-03-31,0,決算(年度末),,72094.0,千円,,,-75410.0,-0.5112403731424232,減少,2023-04-01,2024-03-31,gen-tokko-2023-tokko_dec;gen-tokko-2023-tokko_march,https://www.e-stat.go.jp/stat-search/file-download?statInfId=000040231591&fileKind=1
09,092142,さくら市,e_kokko_futsuken,6,国庫支出金のうち普通建設事業費支出金(決算),2024-04-01,2025-03-31,2025-03-31,0,決算(年度末),,304629.0,千円,,,232535.0,3.2254417843371153,増加,2024-04-01,2025-03-31,gen-mlit-release-2024;gen-election-shugiin_20241027_smd_09_2;gen-tokko-2024-tokko_dec;gen-tokko-2024-tokko_march,https://www.e-stat.go.jp/stat-search/file-download?statInfId=000040375638&fileKind=1
09,092142,さくら市,e_kokko_saigai,6,国庫支出金のうち災害復旧事業費支出金(決算),2020-04-01,2021-03-31,2021-03-31,0,決算(年度末),,157725.0,千円,,,,,未取得,,,,https://www.e-stat.go.jp/stat-search/file-download?statInfId=000032188698&fileKind=1
09,092142,さくら市,e_kokko_saigai,6,国庫支出金のうち災害復旧事業費支出金(決算),2021-04-01,2022-03-31,2022-03-31,0,決算(年度末),,83484.0,千円,,,-74241.0,-0.47069900142653354,減少,2021-04-01,2022-03-31,gen-election-shugiin_20211031_smd_09_2;gen-tokko-2021-tokko_dec;gen-tokko-2021-tokko_march;gen-mlit-release-2022,https://www.e-stat.go.jp/stat-search/file-download?statInfId=000040044921&fileKind=1
09,092142,さくら市,e_kokko_saigai,6,国庫支出金のうち災害復旧事業費支出金(決算),2022-04-01,2023-03-31,2023-03-31,0,決算(年度末),,0.0,千円,,,-83484.0,-1.0,減少,2022-04-01,2023-03-31,gen-election-sangiin_20220710_smd_09_1;gen-tokko-2022-tokko_dec;gen-tokko-2022-tokko_march;gen-mlit-release-2023,https://www.e-stat.go.jp/stat-search/file-download?statInfId=000040171702&fileKind=1
09,092142,さくら市,e_kokko_saigai,6,国庫支出金のうち災害復旧事業費支出金(決算),2023-04-01,2024-03-31,2024-03-31,0,決算(年度末),,524.0,千円,,,524.0,,未取得,2023-04-01,2024-03-31,gen-tokko-2023-tokko_dec;gen-tokko-2023-tokko_march,https://www.e-stat.go.jp/stat-search/file-download?statInfId=000040231591&fileKind=1
09,092142,さくら市,e_kokko_saigai,6,国庫支出金のうち災害復旧事業費支出金(決算),2024-04-01,2025-03-31,2025-03-31,0,決算(年度末),,7799.0,千円,,,7275.0,13.883587786259541,増加,2024-04-01,2025-03-31,gen-mlit-release-2024;gen-election-shugiin_20241027_smd_09_2;gen-tokko-2024-tokko_dec;gen-tokko-2024-tokko_march,https://www.e-stat.go.jp/stat-search/file-download?statInfId=000040375638&fileKind=1
09,092142,さくら市,e_kokko_shasoukou,6,国庫支出金のうち社会資本整備総合交付金(決算),2020-04-01,2021-03-31,2021-03-31,0,決算(年度末),,38799.0,千円,,,,,未取得,,,,https://www.e-stat.go.jp/stat-search/file-download?statInfId=000032188698&fileKind=1
09,092142,さくら市,e_kokko_shasoukou,6,国庫支出金のうち社会資本整備総合交付金(決算),2021-04-01,2022-03-31,2022-03-31,0,決算(年度末),,35798.0,千円,,,-3001.0,-0.0773473543132555,減少,2021-04-01,2022-03-31,gen-election-shugiin_20211031_smd_09_2;gen-tokko-2021-tokko_dec;gen-tokko-2021-tokko_march;gen-mlit-release-2022,https://www.e-stat.go.jp/stat-search/file-download?statInfId=000040044921&fileKind=1
09,092142,さくら市,e_kokko_shasoukou,6,国庫支出金のうち社会資本整備総合交付金(決算),2022-04-01,2023-03-31,2023-03-31,0,決算(年度末),,58033.0,千円,,,22235.0,0.6211240851444215,増加,2022-04-01,2023-03-31,gen-election-sangiin_20220710_smd_09_1;gen-tokko-2022-tokko_dec;gen-tokko-2022-tokko_march;gen-mlit-release-2023,https://www.e-stat.go.jp/stat-search/file-download?statInfId=000040171702&fileKind=1
09,092142,さくら市,e_kokko_shasoukou,6,国庫支出金のうち社会資本整備総合交付金(決算),2023-04-01,2024-03-31,2024-03-31,0,決算(年度末),,53933.0,千円,,,-4100.0,-0.0706494580669619,減少,2023-04-01,2024-03-31,gen-tokko-2023-tokko_dec;gen-tokko-2023-tokko_march,https://www.e-stat.go.jp/stat-search/file-download?statInfId=000040231591&fileKind=1
09,092142,さくら市,e_kokko_shasoukou,6,国庫支出金のうち社会資本整備総合交付金(決算),2024-04-01,2025-03-31,2025-03-31,0,決算(年度末),,81717.0,千円,,,27784.0,0.5151576956594293,増加,2024-04-01,2025-03-31,gen-mlit-release-2024;gen-election-shugiin_20241027_smd_09_2;gen-tokko-2024-tokko_dec;gen-tokko-2024-tokko_march,https://www.e-stat.go.jp/stat-search/file-download?statInfId=000040375638&fileKind=1
09,092142,さくら市,e_pref,6,都道府県支出金 計(決算),2020-04-01,2021-03-31,2021-03-31,0,決算(年度末),,1241560.0,千円,,,,,未取得,,,,https://www.e-stat.go.jp/stat-search/file-download?statInfId=000032188698&fileKind=1
09,092142,さくら市,e_pref,6,都道府県支出金 計(決算),2021-04-01,2022-03-31,2022-03-31,0,決算(年度末),,1423976.0,千円,,,182416.0,0.14692483649602114,増加,2021-04-01,2022-03-31,gen-election-shugiin_20211031_smd_09_2;gen-tokko-2021-tokko_dec;gen-tokko-2021-tokko_march;gen-mlit-release-2022,https://www.e-stat.go.jp/stat-search/file-download?statInfId=000040044921&fileKind=1
09,092142,さくら市,e_pref,6,都道府県支出金 計(決算),2022-04-01,2023-03-31,2023-03-31,0,決算(年度末),,1349848.0,千円,,,-74128.0,-0.0520570571414125,減少,2022-04-01,2023-03-31,gen-election-sangiin_20220710_smd_09_1;gen-tokko-2022-tokko_dec;gen-tokko-2022-tokko_march;gen-mlit-release-2023,https://www.e-stat.go.jp/stat-search/file-download?statInfId=000040171702&fileKind=1
09,092142,さくら市,e_pref,6,都道府県支出金 計(決算),2023-04-01,2024-03-31,2024-03-31,0,決算(年度末),,1398868.0,千円,,,49020.0,0.03631519993362216,横ばい,2023-04-01,2024-03-31,gen-tokko-2023-tokko_dec;gen-tokko-2023-tokko_march,https://www.e-stat.go.jp/stat-search/file-download?statInfId=000040231591&fileKind=1
09,092142,さくら市,e_pref,6,都道府県支出金 計(決算),2024-04-01,2025-03-31,2025-03-31,0,決算(年度末),,1573928.0,千円,,,175060.0,0.12514404504213406,増加,2024-04-01,2025-03-31,gen-mlit-release-2024;gen-election-shugiin_20241027_smd_09_2;gen-tokko-2024-tokko_dec;gen-tokko-2024-tokko_march,https://www.e-stat.go.jp/stat-search/file-download?statInfId=000040375638&fileKind=1
09,092142,さくら市,e_futsu,6,普通交付税(決算),2020-04-01,2021-03-31,2021-03-31,0,決算(年度末),,2210793.0,千円,,,,,未取得,,,,https://www.e-stat.go.jp/stat-search/file-download?statInfId=000032188698&fileKind=1
09,092142,さくら市,e_futsu,6,普通交付税(決算),2021-04-01,2022-03-31,2022-03-31,0,決算(年度末),,2789178.0,千円,,,578385.0,0.2616187947039818,増加,2021-04-01,2022-03-31,gen-election-shugiin_20211031_smd_09_2;gen-tokko-2021-tokko_dec;gen-tokko-2021-tokko_march;gen-mlit-release-2022,https://www.e-stat.go.jp/stat-search/file-download?statInfId=000040044921&fileKind=1
09,092142,さくら市,e_futsu,6,普通交付税(決算),2022-04-01,2023-03-31,2023-03-31,0,決算(年度末),,2887002.0,千円,,,97824.0,0.03507269883815232,横ばい,2022-04-01,2023-03-31,gen-election-sangiin_20220710_smd_09_1;gen-tokko-2022-tokko_dec;gen-tokko-2022-tokko_march;gen-mlit-release-2023,https://www.e-stat.go.jp/stat-search/file-download?statInfId=000040171702&fileKind=1
09,092142,さくら市,e_futsu,6,普通交付税(決算),2023-04-01,2024-03-31,2024-03-31,0,決算(年度末),,3012314.0,千円,,,125312.0,0.04340558129159592,横ばい,2023-04-01,2024-03-31,gen-tokko-2023-tokko_dec;gen-tokko-2023-tokko_march,https://www.e-stat.go.jp/stat-search/file-download?statInfId=000040231591&fileKind=1
09,092142,さくら市,e_futsu,6,普通交付税(決算),2024-04-01,2025-03-31,2025-03-31,0,決算(年度末),,3160128.0,千円,,,147814.0,0.04906991767790476,横ばい,2024-04-01,2025-03-31,gen-mlit-release-2024;gen-election-shugiin_20241027_smd_09_2;gen-tokko-2024-tokko_dec;gen-tokko-2024-tokko_march,https://www.e-stat.go.jp/stat-search/file-download?statInfId=000040375638&fileKind=1
09,092142,さくら市,e_tokko,6,特別交付税(決算),2020-04-01,2021-03-31,2021-03-31,0,決算(年度末),,340711.0,千円,,,,,未取得,,,,https://www.e-stat.go.jp/stat-search/file-download?statInfId=000032188698&fileKind=1
09,092142,さくら市,e_tokko,6,特別交付税(決算),2021-04-01,2022-03-31,2022-03-31,0,決算(年度末),,369639.0,千円,,,28928.0,0.08490480201695866,増加,2021-04-01,2022-03-31,gen-election-shugiin_20211031_smd_09_2;gen-tokko-2021-tokko_dec;gen-tokko-2021-tokko_march;gen-mlit-release-2022,https://www.e-stat.go.jp/stat-search/file-download?statInfId=000040044921&fileKind=1
09,092142,さくら市,e_tokko,6,特別交付税(決算),2022-04-01,2023-03-31,2023-03-31,0,決算(年度末),,372160.0,千円,,,2521.0,0.006820167785325682,横ばい,2022-04-01,2023-03-31,gen-election-sangiin_20220710_smd_09_1;gen-tokko-2022-tokko_dec;gen-tokko-2022-tokko_march;gen-mlit-release-2023,https://www.e-stat.go.jp/stat-search/file-download?statInfId=000040171702&fileKind=1
09,092142,さくら市,e_tokko,6,特別交付税(決算),2023-04-01,2024-03-31,2024-03-31,0,決算(年度末),,373256.0,千円,,,1096.0,0.0029449699054170247,横ばい,2023-04-01,2024-03-31,gen-tokko-2023-tokko_dec;gen-tokko-2023-tokko_march,https://www.e-stat.go.jp/stat-search/file-download?statInfId=000040231591&fileKind=1
09,092142,さくら市,e_tokko,6,特別交付税(決算),2024-04-01,2025-03-31,2025-03-31,0,決算(年度末),,387681.0,千円,,,14425.0,0.038646398182480654,横ばい,2024-04-01,2025-03-31,gen-mlit-release-2024;gen-election-shugiin_20241027_smd_09_2;gen-tokko-2024-tokko_dec;gen-tokko-2024-tokko_march,https://www.e-stat.go.jp/stat-search/file-download?statInfId=000040375638&fileKind=1
09,092142,さくら市,e_road_kokko,7,道路橋りょう費に充当した国庫支出金(決算),2020-04-01,2021-03-31,2021-03-31,0,決算(年度末),,171183.0,千円,,,,,未取得,,,,https://www.e-stat.go.jp/stat-search/file-download?statInfId=000032188710&fileKind=1
09,092142,さくら市,e_road_kokko,7,道路橋りょう費に充当した国庫支出金(決算),2021-04-01,2022-03-31,2022-03-31,0,決算(年度末),,229575.0,千円,,,58392.0,0.3411086381241128,増加,2021-04-01,2022-03-31,gen-election-shugiin_20211031_smd_09_2;gen-tokko-2021-tokko_dec;gen-tokko-2021-tokko_march;gen-mlit-release-2022,https://www.e-stat.go.jp/stat-search/file-download?statInfId=000040044933&fileKind=1
09,092142,さくら市,e_road_kokko,7,道路橋りょう費に充当した国庫支出金(決算),2022-04-01,2023-03-31,2023-03-31,0,決算(年度末),,162869.0,千円,,,-66706.0,-0.29056299684199066,減少,2022-04-01,2023-03-31,gen-election-sangiin_20220710_smd_09_1;gen-tokko-2022-tokko_dec;gen-tokko-2022-tokko_march;gen-mlit-release-2023,https://www.e-stat.go.jp/stat-search/file-download?statInfId=000040171714&fileKind=1
09,092142,さくら市,e_road_kokko,7,道路橋りょう費に充当した国庫支出金(決算),2023-04-01,2024-03-31,2024-03-31,0,決算(年度末),,132730.0,千円,,,-30139.0,-0.1850505621081974,減少,2023-04-01,2024-03-31,gen-tokko-2023-tokko_dec;gen-tokko-2023-tokko_march,https://www.e-stat.go.jp/stat-search/file-download?statInfId=000040231603&fileKind=1
09,092142,さくら市,e_road_kokko,7,道路橋りょう費に充当した国庫支出金(決算),2024-04-01,2025-03-31,2025-03-31,0,決算(年度末),,154286.0,千円,,,21556.0,0.16240488209146386,増加,2024-04-01,2025-03-31,gen-mlit-release-2024;gen-election-shugiin_20241027_smd_09_2;gen-tokko-2024-tokko_dec;gen-tokko-2024-tokko_march,https://www.e-stat.go.jp/stat-search/file-download?statInfId=000040375650&fileKind=1
09,092142,さくら市,e_hojo_road_kokko,8,補助事業費(道路・橋りょう)の国庫支出金(決算),2020-04-01,2021-03-31,2021-03-31,0,決算(年度末),,152017.0,千円,,,,,未取得,,,,https://www.e-stat.go.jp/stat-search/file-download?statInfId=000032188732&fileKind=1
09,092142,さくら市,e_hojo_road_kokko,8,補助事業費(道路・橋りょう)の国庫支出金(決算),2021-04-01,2022-03-31,2022-03-31,0,決算(年度末),,224460.0,千円,,,72443.0,0.4765453863712611,増加,2021-04-01,2022-03-31,gen-election-shugiin_20211031_smd_09_2;gen-tokko-2021-tokko_dec;gen-tokko-2021-tokko_march;gen-mlit-release-2022,https://www.e-stat.go.jp/stat-search/file-download?statInfId=000040044955&fileKind=1
09,092142,さくら市,e_hojo_road_kokko,8,補助事業費(道路・橋りょう)の国庫支出金(決算),2022-04-01,2023-03-31,2023-03-31,0,決算(年度末),,157732.0,千円,,,-66728.0,-0.29728236656865364,減少,2022-04-01,2023-03-31,gen-election-sangiin_20220710_smd_09_1;gen-tokko-2022-tokko_dec;gen-tokko-2022-tokko_march;gen-mlit-release-2023,https://www.e-stat.go.jp/stat-search/file-download?statInfId=000040171736&fileKind=1
09,092142,さくら市,e_hojo_road_kokko,8,補助事業費(道路・橋りょう)の国庫支出金(決算),2023-04-01,2024-03-31,2024-03-31,0,決算(年度末),,132730.0,千円,,,-25002.0,-0.15850937032434761,減少,2023-04-01,2024-03-31,gen-tokko-2023-tokko_dec;gen-tokko-2023-tokko_march,https://www.e-stat.go.jp/stat-search/file-download?statInfId=000040231625&fileKind=1
09,092142,さくら市,e_hojo_road_kokko,8,補助事業費(道路・橋りょう)の国庫支出金(決算),2024-04-01,2025-03-31,2025-03-31,0,決算(年度末),,154286.0,千円,,,21556.0,0.16240488209146386,増加,2024-04-01,2025-03-31,gen-mlit-release-2024;gen-election-shugiin_20241027_smd_09_2;gen-tokko-2024-tokko_dec;gen-tokko-2024-tokko_march,https://www.e-stat.go.jp/stat-search/file-download?statInfId=000040375672&fileKind=1
09,092142,さくら市,futsu_decided,9,普通交付税 当初決定額,2021-04-01,2022-03-31,2021-08-03,0,当初決定日(算定結果の報道資料の日付),2021-08-03,2434341.0,千円,,,,,未取得,,,,https://www.soumu.go.jp/main_content/000761570.xlsx
09,092142,さくら市,futsu_decided,9,普通交付税 当初決定額,2022-04-01,2023-03-31,2022-07-26,0,当初決定日(算定結果の報道資料の日付),2022-07-26,2801813.0,千円,,,367472.0,0.1509533791691468,増加,2021-08-04,2022-07-26,gen-election-shugiin_20211031_smd_09_2;gen-tokko-2021-tokko_dec;gen-tokko-2021-tokko_march;gen-mlit-release-2022;gen-election-sangiin_20220710_smd_09_1,https://www.soumu.go.jp/main_content/000762090.xlsx
09,092142,さくら市,futsu_decided,9,普通交付税 当初決定額,2023-04-01,2024-03-31,2023-07-28,0,当初決定日(算定結果の報道資料の日付),2023-07-28,2901495.0,千円,,,99682.0,0.03557767773937804,横ばい,2022-07-27,2023-07-28,gen-tokko-2022-tokko_dec;gen-tokko-2022-tokko_march;gen-mlit-release-2023,https://www.soumu.go.jp/main_content/000894237.xlsx
09,092142,さくら市,futsu_decided,9,普通交付税 当初決定額,2024-04-01,2025-03-31,2024-07-23,0,当初決定日(算定結果の報道資料の日付),2024-07-23,2941735.0,千円,,,40240.0,0.013868712508551626,横ばい,2023-07-29,2024-07-23,gen-tokko-2023-tokko_dec;gen-tokko-2023-tokko_march;gen-mlit-release-2024,https://www.soumu.go.jp/main_content/000958553.xlsx
09,092142,さくら市,futsu_decided,9,普通交付税 当初決定額,2025-04-01,2026-03-31,2025-07-29,0,当初決定日(算定結果の報道資料の日付),2025-07-29,2636735.0,千円,,,-305000.0,-0.10368031110892041,減少,2024-07-24,2025-07-29,gen-election-shugiin_20241027_smd_09_2;gen-tokko-2024-tokko_dec;gen-tokko-2024-tokko_march;gen-mlit-release-2025;gen-election-sangiin_20250720_smd_09_1,https://www.soumu.go.jp/main_content/001022466.xlsx
09,092142,さくら市,futsu_decided,9,普通交付税 当初決定額,2026-04-01,2027-03-31,2026-07-24,0,当初決定日(算定結果の報道資料の日付),2026-07-24,2683678.0,千円,,,46943.0,0.01780345768535708,横ばい,2025-07-30,2026-07-24,gen-tokko-2025-tokko_dec;gen-election-shugiin_20260208_smd_09_2;gen-cabinet-2026-02-18;gen-position-motegi_toshimitsu-外務大臣-2026-02-18;gen-tokko-2025-tokko_march;gen-mlit-release-2026,https://www.soumu.go.jp/main_content/001083404.xlsx
09,092142,さくら市,kofu_total,10,国交省 交付決定額 計(年度合計),2017-04-01,2018-03-31,2018-03-31,1,年度内で最後の交付決定日(交付決定がない年度は年度末)。値は年度合計(変更減額を含む),,221760.0,千円,,,,,未取得,,,,https://www.mlit.go.jp/common/001210869.xlsx
09,092142,さくら市,kofu_total,10,国交省 交付決定額 計(年度合計),2018-04-01,2019-03-31,2018-09-03,1,年度内で最後の交付決定日(交付決定がない年度は年度末)。値は年度合計(変更減額を含む),,346378.0,千円,,,124618.0,0.5619498556998557,増加,2018-04-01,2018-09-03,,https://www.mlit.go.jp/common/001260907.xlsx
09,092142,さくら市,kofu_total,10,国交省 交付決定額 計(年度合計),2019-04-01,2020-03-31,2020-03-31,1,年度内で最後の交付決定日(交付決定がない年度は年度末)。値は年度合計(変更減額を含む),,345496.0,千円,,,-882.0,-0.0025463510962012597,横ばい,2018-09-04,2020-03-31,,https://www.mlit.go.jp/common/001316172.xlsx
09,092142,さくら市,kofu_total,10,国交省 交付決定額 計(年度合計),2020-04-01,2021-03-31,2021-03-31,1,年度内で最後の交付決定日(交付決定がない年度は年度末)。値は年度合計(変更減額を含む),,423967.0,千円,,,78471.0,0.2271256396600829,増加,2020-04-01,2021-03-31,gen-tokko-2020-tokko_dec;gen-tokko-2020-tokko_march;gen-mlit-release-2021,https://www.mlit.go.jp/common/001371589.xlsx
09,092142,さくら市,kofu_total,10,国交省 交付決定額 計(年度合計),2021-04-01,2022-03-31,2021-11-18,1,年度内で最後の交付決定日(交付決定がない年度は年度末)。値は年度合計(変更減額を含む),,387466.0,千円,,,-36501.0,-0.08609396486047263,減少,2021-04-01,2021-11-18,gen-election-shugiin_20211031_smd_09_2,https://www.mlit.go.jp/common/001579048.xlsx
09,092142,さくら市,kofu_total,10,国交省 交付決定額 計(年度合計),2022-04-01,2023-03-31,2023-02-07,1,年度内で最後の交付決定日(交付決定がない年度は年度末)。値は年度合計(変更減額を含む),,289343.0,千円,,,-98123.0,-0.2532428651804287,減少,2021-11-19,2023-02-07,gen-tokko-2021-tokko_dec;gen-tokko-2021-tokko_march;gen-mlit-release-2022;gen-election-sangiin_20220710_smd_09_1;gen-tokko-2022-tokko_dec,https://www.mlit.go.jp/common/001426891.xlsx
09,092142,さくら市,kofu_total,10,国交省 交付決定額 計(年度合計),2023-04-01,2024-03-31,2024-03-15,1,年度内で最後の交付決定日(交付決定がない年度は年度末)。値は年度合計(変更減額を含む),,313715.0,千円,,,24372.0,0.08423220883173257,増加,2023-02-08,2024-03-15,gen-tokko-2022-tokko_march;gen-mlit-release-2023;gen-tokko-2023-tokko_dec,https://www.mlit.go.jp/page/content/001749355.xlsx
09,092142,さくら市,kofu_total,10,国交省 交付決定額 計(年度合計),2024-04-01,2025-03-31,2025-02-26,1,年度内で最後の交付決定日(交付決定がない年度は年度末)。値は年度合計(変更減額を含む),,300349.0,千円,,,-13366.0,-0.04260554962306552,横ばい,2024-03-16,2025-02-26,gen-tokko-2023-tokko_march;gen-mlit-release-2024;gen-election-shugiin_20241027_smd_09_2;gen-tokko-2024-tokko_dec,https://www.mlit.go.jp/page/content/001889200.xlsx
09,092142,さくら市,kofu_total,10,国交省 交付決定額 計(年度合計),2025-04-01,2026-03-31,2026-03-26,1,年度内で最後の交付決定日(交付決定がない年度は年度末)。値は年度合計(変更減額を含む),,344992.0,千円,,,44643.0,0.1486370855238406,増加,2025-02-27,2026-03-26,gen-tokko-2024-tokko_march;gen-mlit-release-2025;gen-election-sangiin_20250720_smd_09_1;gen-tokko-2025-tokko_dec;gen-election-shugiin_20260208_smd_09_2;gen-cabinet-2026-02-18;gen-position-motegi_toshimitsu-外務大臣-2026-02-18;gen-tokko-2025-tokko_march,https://www.mlit.go.jp/page/content/001968987.xlsx
09,092142,さくら市,kofu_shasoukou,10,国交省 交付決定額 社会資本整備総合交付金,2017-04-01,2018-03-31,2018-03-31,1,年度内で最後の交付決定日(交付決定がない年度は年度末)。値は年度合計(変更減額を含む),,195260.0,千円,,,,,未取得,,,,https://www.mlit.go.jp/common/001306061.xlsx
09,092142,さくら市,kofu_shasoukou,10,国交省 交付決定額 社会資本整備総合交付金,2018-04-01,2019-03-31,2018-09-03,1,年度内で最後の交付決定日(交付決定がない年度は年度末)。値は年度合計(変更減額を含む),,346378.0,千円,,,151118.0,0.7739321929734713,増加,2018-04-01,2018-09-03,,https://www.mlit.go.jp/common/001288716.xlsx
09,092142,さくら市,kofu_shasoukou,10,国交省 交付決定額 社会資本整備総合交付金,2019-04-01,2020-03-31,2020-03-31,1,年度内で最後の交付決定日(交付決定がない年度は年度末)。値は年度合計(変更減額を含む),,327156.0,千円,,,-19222.0,-0.055494286588640154,減少,2018-09-04,2020-03-31,,https://www.mlit.go.jp/common/001316186.xlsx
09,092142,さくら市,kofu_shasoukou,10,国交省 交付決定額 社会資本整備総合交付金,2020-04-01,2021-03-31,2021-03-31,1,年度内で最後の交付決定日(交付決定がない年度は年度末)。値は年度合計(変更減額を含む),,275376.0,千円,,,-51780.0,-0.1582731174118769,減少,2020-04-01,2021-03-31,gen-tokko-2020-tokko_dec;gen-tokko-2020-tokko_march;gen-mlit-release-2021,https://www.mlit.go.jp/common/001371606.xlsx
09,092142,さくら市,kofu_shasoukou,10,国交省 交付決定額 社会資本整備総合交付金,2021-04-01,2022-03-31,2022-03-31,1,年度内で最後の交付決定日(交付決定がない年度は年度末)。値は年度合計(変更減額を含む),,169487.0,千円,,,-105889.0,-0.38452515832897566,減少,2021-04-01,2022-03-31,gen-election-shugiin_20211031_smd_09_2;gen-tokko-2021-tokko_dec;gen-tokko-2021-tokko_march;gen-mlit-release-2022,https://www.mlit.go.jp/common/001579064.xlsx
09,092142,さくら市,kofu_shasoukou,10,国交省 交付決定額 社会資本整備総合交付金,2022-04-01,2023-03-31,2023-03-31,1,年度内で最後の交付決定日(交付決定がない年度は年度末)。値は年度合計(変更減額を含む),,148739.0,千円,,,-20748.0,-0.12241646851970947,減少,2022-04-01,2023-03-31,gen-election-sangiin_20220710_smd_09_1;gen-tokko-2022-tokko_dec;gen-tokko-2022-tokko_march;gen-mlit-release-2023,https://www.mlit.go.jp/common/001426909.xlsx
09,092142,さくら市,kofu_shasoukou,10,国交省 交付決定額 社会資本整備総合交付金,2023-04-01,2024-03-31,2023-06-09,1,年度内で最後の交付決定日(交付決定がない年度は年度末)。値は年度合計(変更減額を含む),,117700.0,千円,,,-31039.0,-0.208680978089136,減少,2023-04-01,2023-06-09,,https://www.mlit.go.jp/page/content/001708175.xlsx
09,092142,さくら市,kofu_shasoukou,10,国交省 交付決定額 社会資本整備総合交付金,2024-04-01,2025-03-31,2024-06-17,1,年度内で最後の交付決定日(交付決定がない年度は年度末)。値は年度合計(変更減額を含む),,132300.0,千円,,,14600.0,0.12404418011894647,増加,2023-06-10,2024-06-17,gen-tokko-2023-tokko_dec;gen-tokko-2023-tokko_march;gen-mlit-release-2024,https://www.mlit.go.jp/page/content/001842591.xlsx
09,092142,さくら市,kofu_shasoukou,10,国交省 交付決定額 社会資本整備総合交付金,2025-04-01,2026-03-31,2026-01-22,1,年度内で最後の交付決定日(交付決定がない年度は年度末)。値は年度合計(変更減額を含む),,133019.0,千円,,,719.0,0.005434618291761149,横ばい,2024-06-18,2026-01-22,gen-election-shugiin_20241027_smd_09_2;gen-tokko-2024-tokko_dec;gen-tokko-2024-tokko_march;gen-mlit-release-2025;gen-election-sangiin_20250720_smd_09_1;gen-tokko-2025-tokko_dec,https://www.mlit.go.jp/page/content/001969014.xlsx
09,092142,さくら市,kofu_bouan,10,国交省 交付決定額 防災・安全交付金,2017-04-01,2018-03-31,2018-03-31,1,年度内で最後の交付決定日(交付決定がない年度は年度末)。値は年度合計(変更減額を含む),,42710.0,千円,,,,,未取得,,,,https://www.mlit.go.jp/common/001306061.xlsx
09,092142,さくら市,kofu_bouan,10,国交省 交付決定額 防災・安全交付金,2018-04-01,2019-03-31,2018-09-03,1,年度内で最後の交付決定日(交付決定がない年度は年度末)。値は年度合計(変更減額を含む),,58264.0,千円,,,15554.0,0.3641770077265277,増加,2018-04-01,2018-09-03,,https://www.mlit.go.jp/common/001288716.xlsx
09,092142,さくら市,kofu_bouan,10,国交省 交付決定額 防災・安全交付金,2019-04-01,2020-03-31,2020-03-31,1,年度内で最後の交付決定日(交付決定がない年度は年度末)。値は年度合計(変更減額を含む),,49156.0,千円,,,-9108.0,-0.15632294384182344,減少,2018-09-04,2020-03-31,,https://www.mlit.go.jp/common/001316186.xlsx
09,092142,さくら市,kofu_bouan,10,国交省 交付決定額 防災・安全交付金,2020-04-01,2021-03-31,2021-03-31,1,年度内で最後の交付決定日(交付決定がない年度は年度末)。値は年度合計(変更減額を含む),,55594.0,千円,,,6438.0,0.1309707868825779,増加,2020-04-01,2021-03-31,gen-tokko-2020-tokko_dec;gen-tokko-2020-tokko_march;gen-mlit-release-2021,https://www.mlit.go.jp/common/001371606.xlsx
09,092142,さくら市,kofu_bouan,10,国交省 交付決定額 防災・安全交付金,2021-04-01,2022-03-31,2022-03-31,1,年度内で最後の交付決定日(交付決定がない年度は年度末)。値は年度合計(変更減額を含む),,9987.0,千円,,,-45607.0,-0.8203583120480628,減少,2021-04-01,2022-03-31,gen-election-shugiin_20211031_smd_09_2;gen-tokko-2021-tokko_dec;gen-tokko-2021-tokko_march;gen-mlit-release-2022,https://www.mlit.go.jp/common/001579064.xlsx
09,092142,さくら市,kofu_bouan,10,国交省 交付決定額 防災・安全交付金,2022-04-01,2023-03-31,2023-03-31,1,年度内で最後の交付決定日(交付決定がない年度は年度末)。値は年度合計(変更減額を含む),,45397.0,千円,,,35410.0,3.5456092920797038,増加,2022-04-01,2023-03-31,gen-election-sangiin_20220710_smd_09_1;gen-tokko-2022-tokko_dec;gen-tokko-2022-tokko_march;gen-mlit-release-2023,https://www.mlit.go.jp/common/001426909.xlsx
09,092142,さくら市,kofu_bouan,10,国交省 交付決定額 防災・安全交付金,2023-04-01,2024-03-31,2023-08-18,1,年度内で最後の交付決定日(交付決定がない年度は年度末)。値は年度合計(変更減額を含む),,95595.0,千円,,,50198.0,1.1057558869528823,増加,2023-04-01,2023-08-18,,https://www.mlit.go.jp/page/content/001708175.xlsx
09,092142,さくら市,kofu_bouan,10,国交省 交付決定額 防災・安全交付金,2024-04-01,2025-03-31,2025-02-26,1,年度内で最後の交付決定日(交付決定がない年度は年度末)。値は年度合計(変更減額を含む),,74499.0,千円,,,-21096.0,-0.22068099796014437,減少,2023-08-19,2025-02-26,gen-tokko-2023-tokko_dec;gen-tokko-2023-tokko_march;gen-mlit-release-2024;gen-election-shugiin_20241027_smd_09_2;gen-tokko-2024-tokko_dec,https://www.mlit.go.jp/page/content/001842591.xlsx
09,092142,さくら市,kofu_bouan,10,国交省 交付決定額 防災・安全交付金,2025-04-01,2026-03-31,2026-03-26,1,年度内で最後の交付決定日(交付決定がない年度は年度末)。値は年度合計(変更減額を含む),,64173.0,千円,,,-10326.0,-0.1386058873273467,減少,2025-02-27,2026-03-26,gen-tokko-2024-tokko_march;gen-mlit-release-2025;gen-election-sangiin_20250720_smd_09_1;gen-tokko-2025-tokko_dec;gen-election-shugiin_20260208_smd_09_2;gen-cabinet-2026-02-18;gen-position-motegi_toshimitsu-外務大臣-2026-02-18;gen-tokko-2025-tokko_march,https://www.mlit.go.jp/page/content/001969014.xlsx
09,092142,さくら市,kofu_road,10,国交省 交付決定額 道路関係の補助,2017-04-01,2018-03-31,2018-03-31,1,年度内で最後の交付決定日(交付決定がない年度は年度末)。値は年度合計(変更減額を含む),,26500.0,千円,,,,,未取得,,,,https://www.mlit.go.jp/common/001234557.xlsx
09,092142,さくら市,kofu_road,10,国交省 交付決定額 道路関係の補助,2018-04-01,2019-03-31,2019-03-31,1,年度内で最後の交付決定日(交付決定がない年度は年度末)。値は年度合計(変更減額を含む),,0.0,千円,,,-26500.0,-1.0,減少,2018-04-01,2019-03-31,,https://www.mlit.go.jp/common/001260897.xlsx
09,092142,さくら市,kofu_road,10,国交省 交付決定額 道路関係の補助,2019-04-01,2020-03-31,2020-03-31,1,年度内で最後の交付決定日(交付決定がない年度は年度末)。値は年度合計(変更減額を含む),,0.0,千円,,,0.0,,未取得,2019-04-01,2020-03-31,,https://www.mlit.go.jp/common/001316175.xlsx
09,092142,さくら市,kofu_road,10,国交省 交付決定額 道路関係の補助,2020-04-01,2021-03-31,2021-03-31,1,年度内で最後の交付決定日(交付決定がない年度は年度末)。値は年度合計(変更減額を含む),,19800.0,千円,,,19800.0,,未取得,2020-04-01,2021-03-31,gen-tokko-2020-tokko_dec;gen-tokko-2020-tokko_march;gen-mlit-release-2021,https://www.mlit.go.jp/common/001371629.xlsx
09,092142,さくら市,kofu_road,10,国交省 交付決定額 道路関係の補助,2021-04-01,2022-03-31,2021-04-28,1,年度内で最後の交付決定日(交付決定がない年度は年度末)。値は年度合計(変更減額を含む),,51700.0,千円,,,31900.0,1.6111111111111112,増加,2021-04-01,2021-04-28,,https://www.mlit.go.jp/common/001579051.xlsx
09,092142,さくら市,kofu_road,10,国交省 交付決定額 道路関係の補助,2022-04-01,2023-03-31,2022-07-29,1,年度内で最後の交付決定日(交付決定がない年度は年度末)。値は年度合計(変更減額を含む),,7007.0,千円,,,-44693.0,-0.864468085106383,減少,2021-04-29,2022-07-29,gen-election-shugiin_20211031_smd_09_2;gen-tokko-2021-tokko_dec;gen-tokko-2021-tokko_march;gen-mlit-release-2022;gen-election-sangiin_20220710_smd_09_1,https://www.mlit.go.jp/common/001426897.xlsx
09,092142,さくら市,kofu_road,10,国交省 交付決定額 道路関係の補助,2023-04-01,2024-03-31,2024-03-15,1,年度内で最後の交付決定日(交付決定がない年度は年度末)。値は年度合計(変更減額を含む),,9920.0,千円,,,2913.0,0.4157271300128443,増加,2022-07-30,2024-03-15,gen-tokko-2022-tokko_dec;gen-tokko-2022-tokko_march;gen-mlit-release-2023;gen-tokko-2023-tokko_dec,https://www.mlit.go.jp/page/content/001708164.xlsx
09,092142,さくら市,kofu_road,10,国交省 交付決定額 道路関係の補助,2024-04-01,2025-03-31,2024-06-14,1,年度内で最後の交付決定日(交付決定がない年度は年度末)。値は年度合計(変更減額を含む),,1802.0,千円,,,-8118.0,-0.8183467741935484,減少,2024-03-16,2024-06-14,gen-tokko-2023-tokko_march;gen-mlit-release-2024,https://www.mlit.go.jp/page/content/001889202.xlsx
09,092142,さくら市,kofu_road,10,国交省 交付決定額 道路関係の補助,2025-04-01,2026-03-31,2025-04-25,1,年度内で最後の交付決定日(交付決定がない年度は年度末)。値は年度合計(変更減額を含む),,30800.0,千円,,,28998.0,16.09211986681465,増加,2024-06-15,2025-04-25,gen-election-shugiin_20241027_smd_09_2;gen-tokko-2024-tokko_dec;gen-tokko-2024-tokko_march;gen-mlit-release-2025,https://www.mlit.go.jp/page/content/001969000.xlsx
09,092151,那須烏山市,card_kokko,1,国庫支出金(決算),2020-04-01,2021-03-31,2021-03-31,0,決算(年度末),,5691825.0,千円,,,,,未取得,,,,https://www.soumu.go.jp/main_content/000804135.xlsx
09,092151,那須烏山市,card_kokko,1,国庫支出金(決算),2021-04-01,2022-03-31,2022-03-31,0,決算(年度末),,2414907.0,千円,,,-3276918.0,-0.5757236035893584,減少,2021-04-01,2022-03-31,gen-election-shugiin_20211031_smd_09_3;gen-tokko-2021-tokko_dec;gen-tokko-2021-tokko_march;gen-mlit-release-2022,https://www.soumu.go.jp/main_content/000873399.xlsx
09,092151,那須烏山市,card_kokko,1,国庫支出金(決算),2022-04-01,2023-03-31,2023-03-31,0,決算(年度末),,2054573.0,千円,,,-360334.0,-0.14921237132527257,減少,2022-04-01,2023-03-31,gen-election-sangiin_20220710_smd_09_1;gen-tokko-2022-tokko_dec;gen-tokko-2022-tokko_march;gen-mlit-release-2023,https://www.soumu.go.jp/main_content/000937050.xlsx
09,092151,那須烏山市,card_kokko,1,国庫支出金(決算),2023-04-01,2024-03-31,2024-03-31,0,決算(年度末),,1916243.0,千円,,,-138330.0,-0.06732785839198704,減少,2023-04-01,2024-03-31,gen-tokko-2023-tokko_dec;gen-tokko-2023-tokko_march,https://www.soumu.go.jp/main_content/000998938.xlsx
09,092151,那須烏山市,card_kokko,1,国庫支出金(決算),2024-04-01,2025-03-31,2025-03-31,0,決算(年度末),,1860530.0,千円,,,-55713.0,-0.02907407880942031,横ばい,2024-04-01,2025-03-31,gen-mlit-release-2024;gen-election-shugiin_20241027_smd_09_3;gen-tokko-2024-tokko_dec;gen-tokko-2024-tokko_march,https://www.soumu.go.jp/main_content/001063963.xlsx
09,092151,那須烏山市,card_pref,2,県支出金(決算),2020-04-01,2021-03-31,2021-03-31,0,決算(年度末),,929998.0,千円,,,,,未取得,,,,https://www.soumu.go.jp/main_content/000804135.xlsx
09,092151,那須烏山市,card_pref,2,県支出金(決算),2021-04-01,2022-03-31,2022-03-31,0,決算(年度末),,829988.0,千円,,,-100010.0,-0.1075378656728294,減少,2021-04-01,2022-03-31,gen-election-shugiin_20211031_smd_09_3;gen-tokko-2021-tokko_dec;gen-tokko-2021-tokko_march;gen-mlit-release-2022,https://www.soumu.go.jp/main_content/000873399.xlsx
09,092151,那須烏山市,card_pref,2,県支出金(決算),2022-04-01,2023-03-31,2023-03-31,0,決算(年度末),,848085.0,千円,,,18097.0,0.02180392969536909,横ばい,2022-04-01,2023-03-31,gen-election-sangiin_20220710_smd_09_1;gen-tokko-2022-tokko_dec;gen-tokko-2022-tokko_march;gen-mlit-release-2023,https://www.soumu.go.jp/main_content/000937050.xlsx
09,092151,那須烏山市,card_pref,2,県支出金(決算),2023-04-01,2024-03-31,2024-03-31,0,決算(年度末),,849533.0,千円,,,1448.0,0.0017073760295253425,横ばい,2023-04-01,2024-03-31,gen-tokko-2023-tokko_dec;gen-tokko-2023-tokko_march,https://www.soumu.go.jp/main_content/000998938.xlsx
09,092151,那須烏山市,card_pref,2,県支出金(決算),2024-04-01,2025-03-31,2025-03-31,0,決算(年度末),,1017797.0,千円,,,168264.0,0.19806646710604534,増加,2024-04-01,2025-03-31,gen-mlit-release-2024;gen-election-shugiin_20241027_smd_09_3;gen-tokko-2024-tokko_dec;gen-tokko-2024-tokko_march,https://www.soumu.go.jp/main_content/001063963.xlsx
09,092151,那須烏山市,tokko_dec,3a,特別交付税 12月分,2020-04-01,2021-03-31,2020-12-08,0,交付決定日(報道発表),2020-12-08,89005.0,千円,,,,,未取得,,,,https://www.soumu.go.jp/main_content/000721607.pdf
09,092151,那須烏山市,tokko_dec,3a,特別交付税 12月分,2021-04-01,2022-03-31,2021-12-03,0,交付決定日(報道発表),2021-12-03,30702.0,千円,,,-58303.0,-0.65505308690523,減少,2020-12-09,2021-12-03,gen-tokko-2020-tokko_march;gen-mlit-release-2021;gen-election-shugiin_20211031_smd_09_3;gen-tokko-2021-tokko_dec,https://www.soumu.go.jp/main_content/000780948.pdf
09,092151,那須烏山市,tokko_dec,3a,特別交付税 12月分,2022-04-01,2023-03-31,2022-12-13,0,交付決定日(報道発表),2022-12-13,33046.0,千円,,,2344.0,0.0763468177968862,増加,2021-12-04,2022-12-13,gen-tokko-2021-tokko_march;gen-mlit-release-2022;gen-election-sangiin_20220710_smd_09_1;gen-tokko-2022-tokko_dec,https://www.soumu.go.jp/main_content/000850537.pdf
09,092151,那須烏山市,tokko_dec,3a,特別交付税 12月分,2023-04-01,2024-03-31,2023-12-12,0,交付決定日(報道発表),2023-12-12,86407.0,千円,,,53361.0,1.6147491375658174,増加,2022-12-14,2023-12-12,gen-tokko-2022-tokko_march;gen-mlit-release-2023;gen-tokko-2023-tokko_dec,https://www.soumu.go.jp/main_content/000916643.pdf
09,092151,那須烏山市,tokko_dec,3a,特別交付税 12月分,2024-04-01,2025-03-31,2024-12-20,0,交付決定日(報道発表),2024-12-20,89407.0,千円,,,3000.0,0.03471940930711632,横ばい,2023-12-13,2024-12-20,gen-tokko-2023-tokko_march;gen-mlit-release-2024;gen-election-shugiin_20241027_smd_09_3;gen-tokko-2024-tokko_dec,https://www.soumu.go.jp/main_content/000983129.pdf
09,092151,那須烏山市,tokko_dec,3a,特別交付税 12月分,2025-04-01,2026-03-31,2025-12-19,0,交付決定日(報道発表),2025-12-19,98561.0,千円,,,9154.0,0.10238571923898576,増加,2024-12-21,2025-12-19,gen-tokko-2024-tokko_march;gen-mlit-release-2025;gen-election-sangiin_20250720_smd_09_1;gen-tokko-2025-tokko_dec,https://www.soumu.go.jp/main_content/001046667.pdf
09,092151,那須烏山市,tokko_march,3b,特別交付税 3月分,2020-04-01,2021-03-31,2021-03-19,0,交付決定日(報道発表),2021-03-19,462909.0,千円,,,,,未取得,,,,https://www.soumu.go.jp/main_content/000738961.pdf
09,092151,那須烏山市,tokko_march,3b,特別交付税 3月分,2021-04-01,2022-03-31,2022-03-18,0,交付決定日(報道発表),2022-03-18,525003.0,千円,,,62094.0,0.1341386752039818,増加,2021-03-20,2022-03-18,gen-mlit-release-2021;gen-election-shugiin_20211031_smd_09_3;gen-tokko-2021-tokko_dec;gen-tokko-2021-tokko_march,https://www.soumu.go.jp/main_content/000799619.pdf
09,092151,那須烏山市,tokko_march,3b,特別交付税 3月分,2022-04-01,2023-03-31,2023-03-22,0,交付決定日(報道発表),2023-03-22,545158.0,千円,,,20155.0,0.03839025681758009,横ばい,2022-03-19,2023-03-22,gen-mlit-release-2022;gen-election-sangiin_20220710_smd_09_1;gen-tokko-2022-tokko_dec;gen-tokko-2022-tokko_march,https://www.soumu.go.jp/main_content/000869990.pdf
09,092151,那須烏山市,tokko_march,3b,特別交付税 3月分,2023-04-01,2024-03-31,2024-03-22,0,交付決定日(報道発表),2024-03-22,510642.0,千円,,,-34516.0,-0.06331375491142018,減少,2023-03-23,2024-03-22,gen-mlit-release-2023;gen-tokko-2023-tokko_dec;gen-tokko-2023-tokko_march,https://www.soumu.go.jp/main_content/000997045.pdf
09,092151,那須烏山市,tokko_march,3b,特別交付税 3月分,2024-04-01,2025-03-31,2025-03-21,0,交付決定日(報道発表),2025-03-21,521697.0,千円,,,11055.0,0.02164921804316919,横ばい,2024-03-23,2025-03-21,gen-mlit-release-2024;gen-election-shugiin_20241027_smd_09_3;gen-tokko-2024-tokko_dec;gen-tokko-2024-tokko_march,https://www.soumu.go.jp/main_content/000998441.pdf
09,092151,那須烏山市,tokko_march,3b,特別交付税 3月分,2025-04-01,2026-03-31,2026-03-17,0,交付決定日(報道発表),2026-03-17,532034.0,千円,,,10337.0,0.01981418332863712,横ばい,2025-03-22,2026-03-17,gen-mlit-release-2025;gen-election-sangiin_20250720_smd_09_1;gen-tokko-2025-tokko_dec;m-2026ge-endorse-092151;m-20260200-yana-mlit-inquiry-092151;gen-election-shugiin_20260208_smd_09_3;gen-cabinet-2026-02-18;gen-position-motegi_toshimitsu-外務大臣-2026-02-18;gen-tokko-2025-tokko_march,https://www.soumu.go.jp/main_content/001061260.pdf
09,092151,那須烏山市,mlit_sole_grants,4,社総交・防安交 単独策定主体の国費,2021-04-01,2022-03-31,2021-03-30,1,当初配分の報道発表日を代用(交付決定日は未公表),2021-03-30,24000.0,千円,1,,,,未取得,,,,https://www.mlit.go.jp/common/001396522.pdf
09,092151,那須烏山市,mlit_sole_grants,4,社総交・防安交 単独策定主体の国費,2022-04-01,2023-03-31,2022-03-25,1,当初配分の報道発表日を代用(交付決定日は未公表),2022-03-25,25000.0,千円,1,,1000.0,0.041666666666666664,横ばい,2021-03-31,2022-03-25,gen-election-shugiin_20211031_smd_09_3;gen-tokko-2021-tokko_dec;gen-tokko-2021-tokko_march;gen-mlit-release-2022,https://www.mlit.go.jp/page/content/001472731.pdf
09,092151,那須烏山市,mlit_sole_grants,4,社総交・防安交 単独策定主体の国費,2023-04-01,2024-03-31,2023-03-31,1,当初配分の報道発表日を代用(交付決定日は未公表),2023-03-31,18000.0,千円,1,,-7000.0,-0.28,減少,2022-03-26,2023-03-31,gen-election-sangiin_20220710_smd_09_1;gen-tokko-2022-tokko_dec;gen-tokko-2022-tokko_march;gen-mlit-release-2023,https://www.mlit.go.jp/page/content/001596924.pdf
09,092151,那須烏山市,mlit_sole_grants,4,社総交・防安交 単独策定主体の国費,2024-04-01,2025-03-31,2024-04-01,1,当初配分の報道発表日を代用(交付決定日は未公表),2024-04-01,50820.0,千円,2,,32820.0,1.8233333333333333,増加,2023-04-01,2024-04-01,gen-tokko-2023-tokko_dec;gen-tokko-2023-tokko_march;gen-mlit-release-2024,https://www.mlit.go.jp/page/content/001735005.pdf
09,092151,那須烏山市,mlit_sole_grants,4,社総交・防安交 単独策定主体の国費,2025-04-01,2026-03-31,2025-04-01,1,当初配分の報道発表日を代用(交付決定日は未公表),2025-04-01,5050.0,千円,1,,-45770.0,-0.9006296733569461,減少,2024-04-02,2025-04-01,gen-election-shugiin_20241027_smd_09_3;gen-tokko-2024-tokko_dec;gen-tokko-2024-tokko_march;gen-mlit-release-2025,https://www.mlit.go.jp/page/content/001879738.pdf
09,092151,那須烏山市,mlit_sole_grants,4,社総交・防安交 単独策定主体の国費,2026-04-01,2027-03-31,2026-04-07,1,当初配分の報道発表日を代用(交付決定日は未公表),2026-04-07,22220.0,千円,1,,17170.0,3.4,増加,2025-04-02,2026-04-07,gen-election-sangiin_20250720_smd_09_1;gen-tokko-2025-tokko_dec;m-2026ge-endorse-092151;m-20260200-yana-mlit-inquiry-092151;gen-election-shugiin_20260208_smd_09_3;gen-cabinet-2026-02-18;gen-position-motegi_toshimitsu-外務大臣-2026-02-18;gen-tokko-2025-tokko_march;gen-mlit-release-2026,https://www.mlit.go.jp/page/content/001994561.pdf
09,092151,那須烏山市,mlit_road,5,道路局箇所表 事業主体=当該市町の国費,2021-04-01,2022-03-31,2021-03-30,1,当初配分の報道発表日を代用(交付決定日は未公表),2021-03-30,26000.0,千円,1,,,,未取得,,,,https://www.mlit.go.jp/common/001396522.pdf
09,092151,那須烏山市,mlit_road,5,道路局箇所表 事業主体=当該市町の国費,2022-04-01,2023-03-31,2022-03-25,1,当初配分の報道発表日を代用(交付決定日は未公表),2022-03-25,109000.0,千円,1,,83000.0,3.1923076923076925,増加,2021-03-31,2022-03-25,gen-election-shugiin_20211031_smd_09_3;gen-tokko-2021-tokko_dec;gen-tokko-2021-tokko_march;gen-mlit-release-2022,https://www.mlit.go.jp/page/content/001472731.pdf
09,092151,那須烏山市,mlit_road,5,道路局箇所表 事業主体=当該市町の国費,2023-04-01,2024-03-31,2023-03-31,1,当初配分の報道発表日を代用(交付決定日は未公表),2023-03-31,63000.0,千円,1,,-46000.0,-0.42201834862385323,減少,2022-03-26,2023-03-31,gen-election-sangiin_20220710_smd_09_1;gen-tokko-2022-tokko_dec;gen-tokko-2022-tokko_march;gen-mlit-release-2023,https://www.mlit.go.jp/page/content/001596924.pdf
09,092151,那須烏山市,mlit_road,5,道路局箇所表 事業主体=当該市町の国費,2024-04-01,2025-03-31,2024-04-01,1,当初配分の報道発表日を代用(交付決定日は未公表),2024-04-01,11000.0,千円,1,,-52000.0,-0.8253968253968254,減少,2023-04-01,2024-04-01,gen-tokko-2023-tokko_dec;gen-tokko-2023-tokko_march;gen-mlit-release-2024,https://www.mlit.go.jp/page/content/001735005.pdf
09,092151,那須烏山市,mlit_road,5,道路局箇所表 事業主体=当該市町の国費,2025-04-01,2026-03-31,2025-04-01,1,当初配分の報道発表日を代用(交付決定日は未公表),2025-04-01,59000.0,千円,1,,48000.0,4.363636363636363,増加,2024-04-02,2025-04-01,gen-election-shugiin_20241027_smd_09_3;gen-tokko-2024-tokko_dec;gen-tokko-2024-tokko_march;gen-mlit-release-2025,https://www.mlit.go.jp/page/content/001879738.pdf
09,092151,那須烏山市,mlit_road,5,道路局箇所表 事業主体=当該市町の国費,2026-04-01,2027-03-31,2026-04-07,1,当初配分の報道発表日を代用(交付決定日は未公表),2026-04-07,20000.0,千円,1,,-39000.0,-0.6610169491525424,減少,2025-04-02,2026-04-07,gen-election-sangiin_20250720_smd_09_1;gen-tokko-2025-tokko_dec;m-2026ge-endorse-092151;m-20260200-yana-mlit-inquiry-092151;gen-election-shugiin_20260208_smd_09_3;gen-cabinet-2026-02-18;gen-position-motegi_toshimitsu-外務大臣-2026-02-18;gen-tokko-2025-tokko_march;gen-mlit-release-2026,https://www.mlit.go.jp/page/content/001994561.pdf
09,092151,那須烏山市,e_kokko,6,国庫支出金 計(決算、地方財政状況調査),2020-04-01,2021-03-31,2021-03-31,0,決算(年度末),,5691825.0,千円,,,,,未取得,,,,https://www.e-stat.go.jp/stat-search/file-download?statInfId=000032188698&fileKind=1
09,092151,那須烏山市,e_kokko,6,国庫支出金 計(決算、地方財政状況調査),2021-04-01,2022-03-31,2022-03-31,0,決算(年度末),,2414907.0,千円,,,-3276918.0,-0.5757236035893584,減少,2021-04-01,2022-03-31,gen-election-shugiin_20211031_smd_09_3;gen-tokko-2021-tokko_dec;gen-tokko-2021-tokko_march;gen-mlit-release-2022,https://www.e-stat.go.jp/stat-search/file-download?statInfId=000040044921&fileKind=1
09,092151,那須烏山市,e_kokko,6,国庫支出金 計(決算、地方財政状況調査),2022-04-01,2023-03-31,2023-03-31,0,決算(年度末),,2054573.0,千円,,,-360334.0,-0.14921237132527257,減少,2022-04-01,2023-03-31,gen-election-sangiin_20220710_smd_09_1;gen-tokko-2022-tokko_dec;gen-tokko-2022-tokko_march;gen-mlit-release-2023,https://www.e-stat.go.jp/stat-search/file-download?statInfId=000040171702&fileKind=1
09,092151,那須烏山市,e_kokko,6,国庫支出金 計(決算、地方財政状況調査),2023-04-01,2024-03-31,2024-03-31,0,決算(年度末),,1916243.0,千円,,,-138330.0,-0.06732785839198704,減少,2023-04-01,2024-03-31,gen-tokko-2023-tokko_dec;gen-tokko-2023-tokko_march,https://www.e-stat.go.jp/stat-search/file-download?statInfId=000040231591&fileKind=1
09,092151,那須烏山市,e_kokko,6,国庫支出金 計(決算、地方財政状況調査),2024-04-01,2025-03-31,2025-03-31,0,決算(年度末),,1860530.0,千円,,,-55713.0,-0.02907407880942031,横ばい,2024-04-01,2025-03-31,gen-mlit-release-2024;gen-election-shugiin_20241027_smd_09_3;gen-tokko-2024-tokko_dec;gen-tokko-2024-tokko_march,https://www.e-stat.go.jp/stat-search/file-download?statInfId=000040375638&fileKind=1
09,092151,那須烏山市,e_kokko_futsuken,6,国庫支出金のうち普通建設事業費支出金(決算),2020-04-01,2021-03-31,2021-03-31,0,決算(年度末),,150459.0,千円,,,,,未取得,,,,https://www.e-stat.go.jp/stat-search/file-download?statInfId=000032188698&fileKind=1
09,092151,那須烏山市,e_kokko_futsuken,6,国庫支出金のうち普通建設事業費支出金(決算),2021-04-01,2022-03-31,2022-03-31,0,決算(年度末),,27070.0,千円,,,-123389.0,-0.8200838766707209,減少,2021-04-01,2022-03-31,gen-election-shugiin_20211031_smd_09_3;gen-tokko-2021-tokko_dec;gen-tokko-2021-tokko_march;gen-mlit-release-2022,https://www.e-stat.go.jp/stat-search/file-download?statInfId=000040044921&fileKind=1
09,092151,那須烏山市,e_kokko_futsuken,6,国庫支出金のうち普通建設事業費支出金(決算),2022-04-01,2023-03-31,2023-03-31,0,決算(年度末),,12725.0,千円,,,-14345.0,-0.5299224233468784,減少,2022-04-01,2023-03-31,gen-election-sangiin_20220710_smd_09_1;gen-tokko-2022-tokko_dec;gen-tokko-2022-tokko_march;gen-mlit-release-2023,https://www.e-stat.go.jp/stat-search/file-download?statInfId=000040171702&fileKind=1
09,092151,那須烏山市,e_kokko_futsuken,6,国庫支出金のうち普通建設事業費支出金(決算),2023-04-01,2024-03-31,2024-03-31,0,決算(年度末),,88421.0,千円,,,75696.0,5.94860510805501,増加,2023-04-01,2024-03-31,gen-tokko-2023-tokko_dec;gen-tokko-2023-tokko_march,https://www.e-stat.go.jp/stat-search/file-download?statInfId=000040231591&fileKind=1
09,092151,那須烏山市,e_kokko_futsuken,6,国庫支出金のうち普通建設事業費支出金(決算),2024-04-01,2025-03-31,2025-03-31,0,決算(年度末),,15242.0,千円,,,-73179.0,-0.8276201354881759,減少,2024-04-01,2025-03-31,gen-mlit-release-2024;gen-election-shugiin_20241027_smd_09_3;gen-tokko-2024-tokko_dec;gen-tokko-2024-tokko_march,https://www.e-stat.go.jp/stat-search/file-download?statInfId=000040375638&fileKind=1
09,092151,那須烏山市,e_kokko_saigai,6,国庫支出金のうち災害復旧事業費支出金(決算),2020-04-01,2021-03-31,2021-03-31,0,決算(年度末),,1194871.0,千円,,,,,未取得,,,,https://www.e-stat.go.jp/stat-search/file-download?statInfId=000032188698&fileKind=1
09,092151,那須烏山市,e_kokko_saigai,6,国庫支出金のうち災害復旧事業費支出金(決算),2021-04-01,2022-03-31,2022-03-31,0,決算(年度末),,77413.0,千円,,,-1117458.0,-0.9352122530381941,減少,2021-04-01,2022-03-31,gen-election-shugiin_20211031_smd_09_3;gen-tokko-2021-tokko_dec;gen-tokko-2021-tokko_march;gen-mlit-release-2022,https://www.e-stat.go.jp/stat-search/file-download?statInfId=000040044921&fileKind=1
09,092151,那須烏山市,e_kokko_saigai,6,国庫支出金のうち災害復旧事業費支出金(決算),2022-04-01,2023-03-31,2023-03-31,0,決算(年度末),,57468.0,千円,,,-19945.0,-0.2576440649503313,減少,2022-04-01,2023-03-31,gen-election-sangiin_20220710_smd_09_1;gen-tokko-2022-tokko_dec;gen-tokko-2022-tokko_march;gen-mlit-release-2023,https://www.e-stat.go.jp/stat-search/file-download?statInfId=000040171702&fileKind=1
09,092151,那須烏山市,e_kokko_saigai,6,国庫支出金のうち災害復旧事業費支出金(決算),2023-04-01,2024-03-31,2024-03-31,0,決算(年度末),,6006.0,千円,,,-51462.0,-0.8954896638129046,減少,2023-04-01,2024-03-31,gen-tokko-2023-tokko_dec;gen-tokko-2023-tokko_march,https://www.e-stat.go.jp/stat-search/file-download?statInfId=000040231591&fileKind=1
09,092151,那須烏山市,e_kokko_saigai,6,国庫支出金のうち災害復旧事業費支出金(決算),2024-04-01,2025-03-31,2025-03-31,0,決算(年度末),,33634.0,千円,,,27628.0,4.6000666000666,増加,2024-04-01,2025-03-31,gen-mlit-release-2024;gen-election-shugiin_20241027_smd_09_3;gen-tokko-2024-tokko_dec;gen-tokko-2024-tokko_march,https://www.e-stat.go.jp/stat-search/file-download?statInfId=000040375638&fileKind=1
09,092151,那須烏山市,e_kokko_shasoukou,6,国庫支出金のうち社会資本整備総合交付金(決算),2020-04-01,2021-03-31,2021-03-31,0,決算(年度末),,60153.0,千円,,,,,未取得,,,,https://www.e-stat.go.jp/stat-search/file-download?statInfId=000032188698&fileKind=1
09,092151,那須烏山市,e_kokko_shasoukou,6,国庫支出金のうち社会資本整備総合交付金(決算),2021-04-01,2022-03-31,2022-03-31,0,決算(年度末),,86402.0,千円,,,26249.0,0.43637058833308395,増加,2021-04-01,2022-03-31,gen-election-shugiin_20211031_smd_09_3;gen-tokko-2021-tokko_dec;gen-tokko-2021-tokko_march;gen-mlit-release-2022,https://www.e-stat.go.jp/stat-search/file-download?statInfId=000040044921&fileKind=1
09,092151,那須烏山市,e_kokko_shasoukou,6,国庫支出金のうち社会資本整備総合交付金(決算),2022-04-01,2023-03-31,2023-03-31,0,決算(年度末),,68041.0,千円,,,-18361.0,-0.2125066549385431,減少,2022-04-01,2023-03-31,gen-election-sangiin_20220710_smd_09_1;gen-tokko-2022-tokko_dec;gen-tokko-2022-tokko_march;gen-mlit-release-2023,https://www.e-stat.go.jp/stat-search/file-download?statInfId=000040171702&fileKind=1
09,092151,那須烏山市,e_kokko_shasoukou,6,国庫支出金のうち社会資本整備総合交付金(決算),2023-04-01,2024-03-31,2024-03-31,0,決算(年度末),,109485.0,千円,,,41444.0,0.6091033347540453,増加,2023-04-01,2024-03-31,gen-tokko-2023-tokko_dec;gen-tokko-2023-tokko_march,https://www.e-stat.go.jp/stat-search/file-download?statInfId=000040231591&fileKind=1
09,092151,那須烏山市,e_kokko_shasoukou,6,国庫支出金のうち社会資本整備総合交付金(決算),2024-04-01,2025-03-31,2025-03-31,0,決算(年度末),,140452.0,千円,,,30967.0,0.28284239850207793,増加,2024-04-01,2025-03-31,gen-mlit-release-2024;gen-election-shugiin_20241027_smd_09_3;gen-tokko-2024-tokko_dec;gen-tokko-2024-tokko_march,https://www.e-stat.go.jp/stat-search/file-download?statInfId=000040375638&fileKind=1
09,092151,那須烏山市,e_pref,6,都道府県支出金 計(決算),2020-04-01,2021-03-31,2021-03-31,0,決算(年度末),,929998.0,千円,,,,,未取得,,,,https://www.e-stat.go.jp/stat-search/file-download?statInfId=000032188698&fileKind=1
09,092151,那須烏山市,e_pref,6,都道府県支出金 計(決算),2021-04-01,2022-03-31,2022-03-31,0,決算(年度末),,829988.0,千円,,,-100010.0,-0.1075378656728294,減少,2021-04-01,2022-03-31,gen-election-shugiin_20211031_smd_09_3;gen-tokko-2021-tokko_dec;gen-tokko-2021-tokko_march;gen-mlit-release-2022,https://www.e-stat.go.jp/stat-search/file-download?statInfId=000040044921&fileKind=1
09,092151,那須烏山市,e_pref,6,都道府県支出金 計(決算),2022-04-01,2023-03-31,2023-03-31,0,決算(年度末),,848085.0,千円,,,18097.0,0.02180392969536909,横ばい,2022-04-01,2023-03-31,gen-election-sangiin_20220710_smd_09_1;gen-tokko-2022-tokko_dec;gen-tokko-2022-tokko_march;gen-mlit-release-2023,https://www.e-stat.go.jp/stat-search/file-download?statInfId=000040171702&fileKind=1
09,092151,那須烏山市,e_pref,6,都道府県支出金 計(決算),2023-04-01,2024-03-31,2024-03-31,0,決算(年度末),,849533.0,千円,,,1448.0,0.0017073760295253425,横ばい,2023-04-01,2024-03-31,gen-tokko-2023-tokko_dec;gen-tokko-2023-tokko_march,https://www.e-stat.go.jp/stat-search/file-download?statInfId=000040231591&fileKind=1
09,092151,那須烏山市,e_pref,6,都道府県支出金 計(決算),2024-04-01,2025-03-31,2025-03-31,0,決算(年度末),,1017797.0,千円,,,168264.0,0.19806646710604534,増加,2024-04-01,2025-03-31,gen-mlit-release-2024;gen-election-shugiin_20241027_smd_09_3;gen-tokko-2024-tokko_dec;gen-tokko-2024-tokko_march,https://www.e-stat.go.jp/stat-search/file-download?statInfId=000040375638&fileKind=1
09,092151,那須烏山市,e_futsu,6,普通交付税(決算),2020-04-01,2021-03-31,2021-03-31,0,決算(年度末),,3870535.0,千円,,,,,未取得,,,,https://www.e-stat.go.jp/stat-search/file-download?statInfId=000032188698&fileKind=1
09,092151,那須烏山市,e_futsu,6,普通交付税(決算),2021-04-01,2022-03-31,2022-03-31,0,決算(年度末),,4267948.0,千円,,,397413.0,0.10267650337744007,増加,2021-04-01,2022-03-31,gen-election-shugiin_20211031_smd_09_3;gen-tokko-2021-tokko_dec;gen-tokko-2021-tokko_march;gen-mlit-release-2022,https://www.e-stat.go.jp/stat-search/file-download?statInfId=000040044921&fileKind=1
09,092151,那須烏山市,e_futsu,6,普通交付税(決算),2022-04-01,2023-03-31,2023-03-31,0,決算(年度末),,3983418.0,千円,,,-284530.0,-0.06666669790728472,減少,2022-04-01,2023-03-31,gen-election-sangiin_20220710_smd_09_1;gen-tokko-2022-tokko_dec;gen-tokko-2022-tokko_march;gen-mlit-release-2023,https://www.e-stat.go.jp/stat-search/file-download?statInfId=000040171702&fileKind=1
09,092151,那須烏山市,e_futsu,6,普通交付税(決算),2023-04-01,2024-03-31,2024-03-31,0,決算(年度末),,4176820.0,千円,,,193402.0,0.0485517713682069,横ばい,2023-04-01,2024-03-31,gen-tokko-2023-tokko_dec;gen-tokko-2023-tokko_march,https://www.e-stat.go.jp/stat-search/file-download?statInfId=000040231591&fileKind=1
09,092151,那須烏山市,e_futsu,6,普通交付税(決算),2024-04-01,2025-03-31,2025-03-31,0,決算(年度末),,4298922.0,千円,,,122102.0,0.029233244429973042,横ばい,2024-04-01,2025-03-31,gen-mlit-release-2024;gen-election-shugiin_20241027_smd_09_3;gen-tokko-2024-tokko_dec;gen-tokko-2024-tokko_march,https://www.e-stat.go.jp/stat-search/file-download?statInfId=000040375638&fileKind=1
09,092151,那須烏山市,e_tokko,6,特別交付税(決算),2020-04-01,2021-03-31,2021-03-31,0,決算(年度末),,551914.0,千円,,,,,未取得,,,,https://www.e-stat.go.jp/stat-search/file-download?statInfId=000032188698&fileKind=1
09,092151,那須烏山市,e_tokko,6,特別交付税(決算),2021-04-01,2022-03-31,2022-03-31,0,決算(年度末),,555705.0,千円,,,3791.0,0.0068688237660215175,横ばい,2021-04-01,2022-03-31,gen-election-shugiin_20211031_smd_09_3;gen-tokko-2021-tokko_dec;gen-tokko-2021-tokko_march;gen-mlit-release-2022,https://www.e-stat.go.jp/stat-search/file-download?statInfId=000040044921&fileKind=1
09,092151,那須烏山市,e_tokko,6,特別交付税(決算),2022-04-01,2023-03-31,2023-03-31,0,決算(年度末),,578204.0,千円,,,22499.0,0.04048730891390216,横ばい,2022-04-01,2023-03-31,gen-election-sangiin_20220710_smd_09_1;gen-tokko-2022-tokko_dec;gen-tokko-2022-tokko_march;gen-mlit-release-2023,https://www.e-stat.go.jp/stat-search/file-download?statInfId=000040171702&fileKind=1
09,092151,那須烏山市,e_tokko,6,特別交付税(決算),2023-04-01,2024-03-31,2024-03-31,0,決算(年度末),,597049.0,千円,,,18845.0,0.032592303062586904,横ばい,2023-04-01,2024-03-31,gen-tokko-2023-tokko_dec;gen-tokko-2023-tokko_march,https://www.e-stat.go.jp/stat-search/file-download?statInfId=000040231591&fileKind=1
09,092151,那須烏山市,e_tokko,6,特別交付税(決算),2024-04-01,2025-03-31,2025-03-31,0,決算(年度末),,611104.0,千円,,,14055.0,0.02354078140990103,横ばい,2024-04-01,2025-03-31,gen-mlit-release-2024;gen-election-shugiin_20241027_smd_09_3;gen-tokko-2024-tokko_dec;gen-tokko-2024-tokko_march,https://www.e-stat.go.jp/stat-search/file-download?statInfId=000040375638&fileKind=1
09,092151,那須烏山市,e_road_kokko,7,道路橋りょう費に充当した国庫支出金(決算),2020-04-01,2021-03-31,2021-03-31,0,決算(年度末),,64485.0,千円,,,,,未取得,,,,https://www.e-stat.go.jp/stat-search/file-download?statInfId=000032188710&fileKind=1
09,092151,那須烏山市,e_road_kokko,7,道路橋りょう費に充当した国庫支出金(決算),2021-04-01,2022-03-31,2022-03-31,0,決算(年度末),,77040.0,千円,,,12555.0,0.19469644103279832,増加,2021-04-01,2022-03-31,gen-election-shugiin_20211031_smd_09_3;gen-tokko-2021-tokko_dec;gen-tokko-2021-tokko_march;gen-mlit-release-2022,https://www.e-stat.go.jp/stat-search/file-download?statInfId=000040044933&fileKind=1
09,092151,那須烏山市,e_road_kokko,7,道路橋りょう費に充当した国庫支出金(決算),2022-04-01,2023-03-31,2023-03-31,0,決算(年度末),,54786.0,千円,,,-22254.0,-0.28886292834890964,減少,2022-04-01,2023-03-31,gen-election-sangiin_20220710_smd_09_1;gen-tokko-2022-tokko_dec;gen-tokko-2022-tokko_march;gen-mlit-release-2023,https://www.e-stat.go.jp/stat-search/file-download?statInfId=000040171714&fileKind=1
09,092151,那須烏山市,e_road_kokko,7,道路橋りょう費に充当した国庫支出金(決算),2023-04-01,2024-03-31,2024-03-31,0,決算(年度末),,169943.0,千円,,,115157.0,2.1019421019968605,増加,2023-04-01,2024-03-31,gen-tokko-2023-tokko_dec;gen-tokko-2023-tokko_march,https://www.e-stat.go.jp/stat-search/file-download?statInfId=000040231603&fileKind=1
09,092151,那須烏山市,e_road_kokko,7,道路橋りょう費に充当した国庫支出金(決算),2024-04-01,2025-03-31,2025-03-31,0,決算(年度末),,117483.0,千円,,,-52460.0,-0.30869173781797427,減少,2024-04-01,2025-03-31,gen-mlit-release-2024;gen-election-shugiin_20241027_smd_09_3;gen-tokko-2024-tokko_dec;gen-tokko-2024-tokko_march,https://www.e-stat.go.jp/stat-search/file-download?statInfId=000040375650&fileKind=1
09,092151,那須烏山市,e_hojo_road_kokko,8,補助事業費(道路・橋りょう)の国庫支出金(決算),2020-04-01,2021-03-31,2021-03-31,0,決算(年度末),,56153.0,千円,,,,,未取得,,,,https://www.e-stat.go.jp/stat-search/file-download?statInfId=000032188732&fileKind=1
09,092151,那須烏山市,e_hojo_road_kokko,8,補助事業費(道路・橋りょう)の国庫支出金(決算),2021-04-01,2022-03-31,2022-03-31,0,決算(年度末),,68676.0,千円,,,12523.0,0.22301568927750967,増加,2021-04-01,2022-03-31,gen-election-shugiin_20211031_smd_09_3;gen-tokko-2021-tokko_dec;gen-tokko-2021-tokko_march;gen-mlit-release-2022,https://www.e-stat.go.jp/stat-search/file-download?statInfId=000040044955&fileKind=1
09,092151,那須烏山市,e_hojo_road_kokko,8,補助事業費(道路・橋りょう)の国庫支出金(決算),2022-04-01,2023-03-31,2023-03-31,0,決算(年度末),,45062.0,千円,,,-23614.0,-0.3438464674704409,減少,2022-04-01,2023-03-31,gen-election-sangiin_20220710_smd_09_1;gen-tokko-2022-tokko_dec;gen-tokko-2022-tokko_march;gen-mlit-release-2023,https://www.e-stat.go.jp/stat-search/file-download?statInfId=000040171736&fileKind=1
09,092151,那須烏山市,e_hojo_road_kokko,8,補助事業費(道路・橋りょう)の国庫支出金(決算),2023-04-01,2024-03-31,2024-03-31,0,決算(年度末),,168699.0,千円,,,123637.0,2.743708668057343,増加,2023-04-01,2024-03-31,gen-tokko-2023-tokko_dec;gen-tokko-2023-tokko_march,https://www.e-stat.go.jp/stat-search/file-download?statInfId=000040231625&fileKind=1
09,092151,那須烏山市,e_hojo_road_kokko,8,補助事業費(道路・橋りょう)の国庫支出金(決算),2024-04-01,2025-03-31,2025-03-31,0,決算(年度末),,117483.0,千円,,,-51216.0,-0.30359397506802055,減少,2024-04-01,2025-03-31,gen-mlit-release-2024;gen-election-shugiin_20241027_smd_09_3;gen-tokko-2024-tokko_dec;gen-tokko-2024-tokko_march,https://www.e-stat.go.jp/stat-search/file-download?statInfId=000040375672&fileKind=1
09,092151,那須烏山市,futsu_decided,9,普通交付税 当初決定額,2021-04-01,2022-03-31,2021-08-03,0,当初決定日(算定結果の報道資料の日付),2021-08-03,4038328.0,千円,,,,,未取得,,,,https://www.soumu.go.jp/main_content/000761570.xlsx
09,092151,那須烏山市,futsu_decided,9,普通交付税 当初決定額,2022-04-01,2023-03-31,2022-07-26,0,当初決定日(算定結果の報道資料の日付),2022-07-26,3885706.0,千円,,,-152622.0,-0.03779336398628343,横ばい,2021-08-04,2022-07-26,gen-election-shugiin_20211031_smd_09_3;gen-tokko-2021-tokko_dec;gen-tokko-2021-tokko_march;gen-mlit-release-2022;gen-election-sangiin_20220710_smd_09_1,https://www.soumu.go.jp/main_content/000762090.xlsx
09,092151,那須烏山市,futsu_decided,9,普通交付税 当初決定額,2023-04-01,2024-03-31,2023-07-28,0,当初決定日(算定結果の報道資料の日付),2023-07-28,4097990.0,千円,,,212284.0,0.054632028259472026,増加,2022-07-27,2023-07-28,gen-tokko-2022-tokko_dec;gen-tokko-2022-tokko_march;gen-mlit-release-2023,https://www.soumu.go.jp/main_content/000894237.xlsx
09,092151,那須烏山市,futsu_decided,9,普通交付税 当初決定額,2024-04-01,2025-03-31,2024-07-23,0,当初決定日(算定結果の報道資料の日付),2024-07-23,4140630.0,千円,,,42640.0,0.010405101037337817,横ばい,2023-07-29,2024-07-23,gen-tokko-2023-tokko_dec;gen-tokko-2023-tokko_march;gen-mlit-release-2024,https://www.soumu.go.jp/main_content/000958553.xlsx
09,092151,那須烏山市,futsu_decided,9,普通交付税 当初決定額,2025-04-01,2026-03-31,2025-07-29,0,当初決定日(算定結果の報道資料の日付),2025-07-29,4234214.0,千円,,,93584.0,0.022601391575678097,横ばい,2024-07-24,2025-07-29,gen-election-shugiin_20241027_smd_09_3;gen-tokko-2024-tokko_dec;gen-tokko-2024-tokko_march;gen-mlit-release-2025;gen-election-sangiin_20250720_smd_09_1,https://www.soumu.go.jp/main_content/001022466.xlsx
09,092151,那須烏山市,futsu_decided,9,普通交付税 当初決定額,2026-04-01,2027-03-31,2026-07-24,0,当初決定日(算定結果の報道資料の日付),2026-07-24,4226816.0,千円,,,-7398.0,-0.0017471955834069794,横ばい,2025-07-30,2026-07-24,gen-tokko-2025-tokko_dec;m-2026ge-endorse-092151;m-20260200-yana-mlit-inquiry-092151;gen-election-shugiin_20260208_smd_09_3;gen-cabinet-2026-02-18;gen-position-motegi_toshimitsu-外務大臣-2026-02-18;gen-tokko-2025-tokko_march;gen-mlit-release-2026;m-20260524-yana-statement-092151,https://www.soumu.go.jp/main_content/001083404.xlsx
09,092151,那須烏山市,kofu_total,10,国交省 交付決定額 計(年度合計),2017-04-01,2018-03-31,2018-03-31,1,年度内で最後の交付決定日(交付決定がない年度は年度末)。値は年度合計(変更減額を含む),,106497.688,千円,,,,,未取得,,,,https://www.mlit.go.jp/common/001210869.xlsx
09,092151,那須烏山市,kofu_total,10,国交省 交付決定額 計(年度合計),2018-04-01,2019-03-31,2018-09-03,1,年度内で最後の交付決定日(交付決定がない年度は年度末)。値は年度合計(変更減額を含む),,93928.0,千円,,,-12569.687999999995,-0.11802780169274656,減少,2018-04-01,2018-09-03,,https://www.mlit.go.jp/common/001260907.xlsx
09,092151,那須烏山市,kofu_total,10,国交省 交付決定額 計(年度合計),2019-04-01,2020-03-31,2020-03-31,1,年度内で最後の交付決定日(交付決定がない年度は年度末)。値は年度合計(変更減額を含む),,234516.0,千円,,,140588.0,1.496763478408994,増加,2018-09-04,2020-03-31,,https://www.mlit.go.jp/common/001316172.xlsx
09,092151,那須烏山市,kofu_total,10,国交省 交付決定額 計(年度合計),2020-04-01,2021-03-31,2021-03-31,1,年度内で最後の交付決定日(交付決定がない年度は年度末)。値は年度合計(変更減額を含む),,71275.0,千円,,,-163241.0,-0.6960761739071109,減少,2020-04-01,2021-03-31,gen-tokko-2020-tokko_dec;gen-tokko-2020-tokko_march;gen-mlit-release-2021,https://www.mlit.go.jp/common/001371589.xlsx
09,092151,那須烏山市,kofu_total,10,国交省 交付決定額 計(年度合計),2021-04-01,2022-03-31,2021-06-18,1,年度内で最後の交付決定日(交付決定がない年度は年度末)。値は年度合計(変更減額を含む),,120018.0,千円,,,48743.0,0.6838723254998246,増加,2021-04-01,2021-06-18,,https://www.mlit.go.jp/common/001579048.xlsx
09,092151,那須烏山市,kofu_total,10,国交省 交付決定額 計(年度合計),2022-04-01,2023-03-31,2022-09-21,1,年度内で最後の交付決定日(交付決定がない年度は年度末)。値は年度合計(変更減額を含む),,159855.0,千円,,,39837.0,0.33192521121831725,増加,2021-06-19,2022-09-21,gen-election-shugiin_20211031_smd_09_3;gen-tokko-2021-tokko_dec;gen-tokko-2021-tokko_march;gen-mlit-release-2022;gen-election-sangiin_20220710_smd_09_1,https://www.mlit.go.jp/common/001426891.xlsx
09,092151,那須烏山市,kofu_total,10,国交省 交付決定額 計(年度合計),2023-04-01,2024-03-31,2024-03-08,1,年度内で最後の交付決定日(交付決定がない年度は年度末)。値は年度合計(変更減額を含む),,136380.0,千円,,,-23475.0,-0.14685183447499298,減少,2022-09-22,2024-03-08,gen-tokko-2022-tokko_dec;gen-tokko-2022-tokko_march;gen-mlit-release-2023;gen-tokko-2023-tokko_dec,https://www.mlit.go.jp/page/content/001749355.xlsx
09,092151,那須烏山市,kofu_total,10,国交省 交付決定額 計(年度合計),2024-04-01,2025-03-31,2025-03-11,1,年度内で最後の交付決定日(交付決定がない年度は年度末)。値は年度合計(変更減額を含む),,220078.0,千円,,,83698.0,0.6137116879307817,増加,2024-03-09,2025-03-11,gen-tokko-2023-tokko_march;gen-mlit-release-2024;gen-election-shugiin_20241027_smd_09_3;gen-tokko-2024-tokko_dec,https://www.mlit.go.jp/page/content/001889200.xlsx
09,092151,那須烏山市,kofu_total,10,国交省 交付決定額 計(年度合計),2025-04-01,2026-03-31,2026-03-26,1,年度内で最後の交付決定日(交付決定がない年度は年度末)。値は年度合計(変更減額を含む),,234991.0,千円,,,14913.0,0.06776233880715019,増加,2025-03-12,2026-03-26,gen-tokko-2024-tokko_march;gen-mlit-release-2025;gen-election-sangiin_20250720_smd_09_1;gen-tokko-2025-tokko_dec;m-2026ge-endorse-092151;m-20260200-yana-mlit-inquiry-092151;gen-election-shugiin_20260208_smd_09_3;gen-cabinet-2026-02-18;gen-position-motegi_toshimitsu-外務大臣-2026-02-18;gen-tokko-2025-tokko_march,https://www.mlit.go.jp/page/content/001968987.xlsx
09,092151,那須烏山市,kofu_shasoukou,10,国交省 交付決定額 社会資本整備総合交付金,2017-04-01,2018-03-31,2018-03-31,1,年度内で最後の交付決定日(交付決定がない年度は年度末)。値は年度合計(変更減額を含む),,105207.0,千円,,,,,未取得,,,,https://www.mlit.go.jp/common/001306061.xlsx
09,092151,那須烏山市,kofu_shasoukou,10,国交省 交付決定額 社会資本整備総合交付金,2018-04-01,2019-03-31,2018-09-03,1,年度内で最後の交付決定日(交付決定がない年度は年度末)。値は年度合計(変更減額を含む),,91678.0,千円,,,-13529.0,-0.1285941049549935,減少,2018-04-01,2018-09-03,,https://www.mlit.go.jp/common/001288716.xlsx
09,092151,那須烏山市,kofu_shasoukou,10,国交省 交付決定額 社会資本整備総合交付金,2019-04-01,2020-03-31,2020-03-31,1,年度内で最後の交付決定日(交付決定がない年度は年度末)。値は年度合計(変更減額を含む),,84907.0,千円,,,-6771.0,-0.07385632321822029,減少,2018-09-04,2020-03-31,,https://www.mlit.go.jp/common/001316186.xlsx
09,092151,那須烏山市,kofu_shasoukou,10,国交省 交付決定額 社会資本整備総合交付金,2020-04-01,2021-03-31,2021-03-31,1,年度内で最後の交付決定日(交付決定がない年度は年度末)。値は年度合計(変更減額を含む),,62943.0,千円,,,-21964.0,-0.25868302966775414,減少,2020-04-01,2021-03-31,gen-tokko-2020-tokko_dec;gen-tokko-2020-tokko_march;gen-mlit-release-2021,https://www.mlit.go.jp/common/001371606.xlsx
09,092151,那須烏山市,kofu_shasoukou,10,国交省 交付決定額 社会資本整備総合交付金,2021-04-01,2022-03-31,2022-03-31,1,年度内で最後の交付決定日(交付決定がない年度は年度末)。値は年度合計(変更減額を含む),,105380.0,千円,,,42437.0,0.674213177001414,増加,2021-04-01,2022-03-31,gen-election-shugiin_20211031_smd_09_3;gen-tokko-2021-tokko_dec;gen-tokko-2021-tokko_march;gen-mlit-release-2022,https://www.mlit.go.jp/common/001579064.xlsx
09,092151,那須烏山市,kofu_shasoukou,10,国交省 交付決定額 社会資本整備総合交付金,2022-04-01,2023-03-31,2023-03-31,1,年度内で最後の交付決定日(交付決定がない年度は年度末)。値は年度合計(変更減額を含む),,0.0,千円,,,-105380.0,-1.0,減少,2022-04-01,2023-03-31,gen-election-sangiin_20220710_smd_09_1;gen-tokko-2022-tokko_dec;gen-tokko-2022-tokko_march;gen-mlit-release-2023,https://www.mlit.go.jp/common/001426909.xlsx
09,092151,那須烏山市,kofu_shasoukou,10,国交省 交付決定額 社会資本整備総合交付金,2023-04-01,2024-03-31,2023-08-03,1,年度内で最後の交付決定日(交付決定がない年度は年度末)。値は年度合計(変更減額を含む),,26965.0,千円,,,26965.0,,未取得,2023-04-01,2023-08-03,,https://www.mlit.go.jp/page/content/001708175.xlsx
09,092151,那須烏山市,kofu_shasoukou,10,国交省 交付決定額 社会資本整備総合交付金,2024-04-01,2025-03-31,2024-07-31,1,年度内で最後の交付決定日(交付決定がない年度は年度末)。値は年度合計(変更減額を含む),,75329.0,千円,,,48364.0,1.7935842759132208,増加,2023-08-04,2024-07-31,gen-tokko-2023-tokko_dec;gen-tokko-2023-tokko_march;gen-mlit-release-2024,https://www.mlit.go.jp/page/content/001842591.xlsx
09,092151,那須烏山市,kofu_shasoukou,10,国交省 交付決定額 社会資本整備総合交付金,2025-04-01,2026-03-31,2025-06-26,1,年度内で最後の交付決定日(交付決定がない年度は年度末)。値は年度合計(変更減額を含む),,70401.0,千円,,,-4928.0,-0.06541969228318444,減少,2024-08-01,2025-06-26,gen-election-shugiin_20241027_smd_09_3;gen-tokko-2024-tokko_dec;gen-tokko-2024-tokko_march;gen-mlit-release-2025,https://www.mlit.go.jp/page/content/001969014.xlsx
09,092151,那須烏山市,kofu_bouan,10,国交省 交付決定額 防災・安全交付金,2017-04-01,2018-03-31,2018-03-31,1,年度内で最後の交付決定日(交付決定がない年度は年度末)。値は年度合計(変更減額を含む),,56940.0,千円,,,,,未取得,,,,https://www.mlit.go.jp/common/001306061.xlsx
09,092151,那須烏山市,kofu_bouan,10,国交省 交付決定額 防災・安全交付金,2018-04-01,2019-03-31,2018-09-03,1,年度内で最後の交付決定日(交付決定がない年度は年度末)。値は年度合計(変更減額を含む),,65917.0,千円,,,8977.0,0.15765718299964876,増加,2018-04-01,2018-09-03,,https://www.mlit.go.jp/common/001288716.xlsx
09,092151,那須烏山市,kofu_bouan,10,国交省 交付決定額 防災・安全交付金,2019-04-01,2020-03-31,2020-03-31,1,年度内で最後の交付決定日(交付決定がない年度は年度末)。値は年度合計(変更減額を含む),,63931.0,千円,,,-1986.0,-0.030128798337302972,横ばい,2018-09-04,2020-03-31,,https://www.mlit.go.jp/common/001316186.xlsx
09,092151,那須烏山市,kofu_bouan,10,国交省 交付決定額 防災・安全交付金,2020-04-01,2021-03-31,2021-03-31,1,年度内で最後の交付決定日(交付決定がない年度は年度末)。値は年度合計(変更減額を含む),,42431.0,千円,,,-21500.0,-0.3363000735167603,減少,2020-04-01,2021-03-31,gen-tokko-2020-tokko_dec;gen-tokko-2020-tokko_march;gen-mlit-release-2021,https://www.mlit.go.jp/common/001371606.xlsx
09,092151,那須烏山市,kofu_bouan,10,国交省 交付決定額 防災・安全交付金,2021-04-01,2022-03-31,2022-03-31,1,年度内で最後の交付決定日(交付決定がない年度は年度末)。値は年度合計(変更減額を含む),,105380.0,千円,,,62949.0,1.4835615469821593,増加,2021-04-01,2022-03-31,gen-election-shugiin_20211031_smd_09_3;gen-tokko-2021-tokko_dec;gen-tokko-2021-tokko_march;gen-mlit-release-2022,https://www.mlit.go.jp/common/001579064.xlsx
09,092151,那須烏山市,kofu_bouan,10,国交省 交付決定額 防災・安全交付金,2022-04-01,2023-03-31,2023-03-31,1,年度内で最後の交付決定日(交付決定がない年度は年度末)。値は年度合計(変更減額を含む),,99946.0,千円,,,-5434.0,-0.05156576200417536,減少,2022-04-01,2023-03-31,gen-election-sangiin_20220710_smd_09_1;gen-tokko-2022-tokko_dec;gen-tokko-2022-tokko_march;gen-mlit-release-2023,https://www.mlit.go.jp/common/001426909.xlsx
09,092151,那須烏山市,kofu_bouan,10,国交省 交付決定額 防災・安全交付金,2023-04-01,2024-03-31,2023-08-18,1,年度内で最後の交付決定日(交付決定がない年度は年度末)。値は年度合計(変更減額を含む),,74220.0,千円,,,-25726.0,-0.2573989954575471,減少,2023-04-01,2023-08-18,,https://www.mlit.go.jp/page/content/001708175.xlsx
09,092151,那須烏山市,kofu_bouan,10,国交省 交付決定額 防災・安全交付金,2024-04-01,2025-03-31,2025-03-11,1,年度内で最後の交付決定日(交付決定がない年度は年度末)。値は年度合計(変更減額を含む),,137850.0,千円,,,63630.0,0.8573160873080032,増加,2023-08-19,2025-03-11,gen-tokko-2023-tokko_dec;gen-tokko-2023-tokko_march;gen-mlit-release-2024;gen-election-shugiin_20241027_smd_09_3;gen-tokko-2024-tokko_dec,https://www.mlit.go.jp/page/content/001842591.xlsx
09,092151,那須烏山市,kofu_bouan,10,国交省 交付決定額 防災・安全交付金,2025-04-01,2026-03-31,2026-03-26,1,年度内で最後の交付決定日(交付決定がない年度は年度末)。値は年度合計(変更減額を含む),,131816.0,千円,,,-6034.0,-0.04377221617700399,横ばい,2025-03-12,2026-03-26,gen-tokko-2024-tokko_march;gen-mlit-release-2025;gen-election-sangiin_20250720_smd_09_1;gen-tokko-2025-tokko_dec;m-2026ge-endorse-092151;m-20260200-yana-mlit-inquiry-092151;gen-election-shugiin_20260208_smd_09_3;gen-cabinet-2026-02-18;gen-position-motegi_toshimitsu-外務大臣-2026-02-18;gen-tokko-2025-tokko_march,https://www.mlit.go.jp/page/content/001969014.xlsx
09,092151,那須烏山市,kofu_road,10,国交省 交付決定額 道路関係の補助,2017-04-01,2018-03-31,2018-03-31,1,年度内で最後の交付決定日(交付決定がない年度は年度末)。値は年度合計(変更減額を含む),,0.0,千円,,,,,未取得,,,,https://www.mlit.go.jp/common/001234557.xlsx
09,092151,那須烏山市,kofu_road,10,国交省 交付決定額 道路関係の補助,2018-04-01,2019-03-31,2019-03-31,1,年度内で最後の交付決定日(交付決定がない年度は年度末)。値は年度合計(変更減額を含む),,0.0,千円,,,0.0,,未取得,2018-04-01,2019-03-31,,https://www.mlit.go.jp/common/001260897.xlsx
09,092151,那須烏山市,kofu_road,10,国交省 交付決定額 道路関係の補助,2019-04-01,2020-03-31,2020-03-31,1,年度内で最後の交付決定日(交付決定がない年度は年度末)。値は年度合計(変更減額を含む),,0.0,千円,,,0.0,,未取得,2019-04-01,2020-03-31,,https://www.mlit.go.jp/common/001316175.xlsx
09,092151,那須烏山市,kofu_road,10,国交省 交付決定額 道路関係の補助,2020-04-01,2021-03-31,2021-03-31,1,年度内で最後の交付決定日(交付決定がない年度は年度末)。値は年度合計(変更減額を含む),,8332.000000000002,千円,,,8332.000000000002,,未取得,2020-04-01,2021-03-31,gen-tokko-2020-tokko_dec;gen-tokko-2020-tokko_march;gen-mlit-release-2021,https://www.mlit.go.jp/common/001371629.xlsx
09,092151,那須烏山市,kofu_road,10,国交省 交付決定額 道路関係の補助,2021-04-01,2022-03-31,2021-06-18,1,年度内で最後の交付決定日(交付決定がない年度は年度末)。値は年度合計(変更減額を含む),,14638.0,千円,,,6305.999999999998,0.7568410945751316,増加,2021-04-01,2021-06-18,,https://www.mlit.go.jp/common/001579051.xlsx
09,092151,那須烏山市,kofu_road,10,国交省 交付決定額 道路関係の補助,2022-04-01,2023-03-31,2022-09-21,1,年度内で最後の交付決定日(交付決定がない年度は年度末)。値は年度合計(変更減額を含む),,59909.00000000001,千円,,,45271.00000000001,3.092703921300725,増加,2021-06-19,2022-09-21,gen-election-shugiin_20211031_smd_09_3;gen-tokko-2021-tokko_dec;gen-tokko-2021-tokko_march;gen-mlit-release-2022;gen-election-sangiin_20220710_smd_09_1,https://www.mlit.go.jp/common/001426897.xlsx
09,092151,那須烏山市,kofu_road,10,国交省 交付決定額 道路関係の補助,2023-04-01,2024-03-31,2023-06-16,1,年度内で最後の交付決定日(交付決定がない年度は年度末)。値は年度合計(変更減額を含む),,35098.00000000001,千円,,,-24811.0,-0.4141447862591597,減少,2022-09-22,2023-06-16,gen-tokko-2022-tokko_dec;gen-tokko-2022-tokko_march;gen-mlit-release-2023,https://www.mlit.go.jp/page/content/001708164.xlsx
09,092151,那須烏山市,kofu_road,10,国交省 交付決定額 道路関係の補助,2024-04-01,2025-03-31,2024-06-14,1,年度内で最後の交付決定日(交付決定がない年度は年度末)。値は年度合計(変更減額を含む),,6264.0,千円,,,-28834.000000000007,-0.8215282922103824,減少,2023-06-17,2024-06-14,gen-tokko-2023-tokko_dec;gen-tokko-2023-tokko_march;gen-mlit-release-2024,https://www.mlit.go.jp/page/content/001889202.xlsx
09,092151,那須烏山市,kofu_road,10,国交省 交付決定額 道路関係の補助,2025-04-01,2026-03-31,2025-05-16,1,年度内で最後の交付決定日(交付決定がない年度は年度末)。値は年度合計(変更減額を含む),,32774.0,千円,,,26510.0,4.232120051085569,増加,2024-06-15,2025-05-16,gen-election-shugiin_20241027_smd_09_3;gen-tokko-2024-tokko_dec;gen-tokko-2024-tokko_march;gen-mlit-release-2025,https://www.mlit.go.jp/page/content/001969000.xlsx
09,092169,下野市,card_kokko,1,国庫支出金(決算),2020-04-01,2021-03-31,2021-03-31,0,決算(年度末),,10614261.0,千円,,,,,未取得,,,,https://www.soumu.go.jp/main_content/000804135.xlsx
09,092169,下野市,card_kokko,1,国庫支出金(決算),2021-04-01,2022-03-31,2022-03-31,0,決算(年度末),,6435551.0,千円,,,-4178710.0,-0.3936882652499312,減少,2021-04-01,2022-03-31,gen-election-shugiin_20211031_smd_09_1;gen-election-shugiin_20211031_smd_09_4;gen-tokko-2021-tokko_dec;gen-tokko-2021-tokko_march;gen-mlit-release-2022,https://www.soumu.go.jp/main_content/000873399.xlsx
09,092169,下野市,card_kokko,1,国庫支出金(決算),2022-04-01,2023-03-31,2023-03-31,0,決算(年度末),,5089680.0,千円,,,-1345871.0,-0.20913065563461467,減少,2022-04-01,2023-03-31,gen-election-sangiin_20220710_smd_09_1;gen-tokko-2022-tokko_dec;gen-tokko-2022-tokko_march;gen-mlit-release-2023,https://www.soumu.go.jp/main_content/000937050.xlsx
09,092169,下野市,card_kokko,1,国庫支出金(決算),2023-04-01,2024-03-31,2024-03-31,0,決算(年度末),,4713830.0,千円,,,-375850.0,-0.07384550698668678,減少,2023-04-01,2024-03-31,gen-tokko-2023-tokko_dec;gen-tokko-2023-tokko_march,https://www.soumu.go.jp/main_content/000998938.xlsx
09,092169,下野市,card_kokko,1,国庫支出金(決算),2024-04-01,2025-03-31,2025-03-31,0,決算(年度末),,5086140.0,千円,,,372310.0,0.07898248345824944,増加,2024-04-01,2025-03-31,gen-mlit-release-2024;gen-election-shugiin_20241027_smd_09_4;gen-tokko-2024-tokko_dec;gen-tokko-2024-tokko_march,https://www.soumu.go.jp/main_content/001063963.xlsx
09,092169,下野市,card_pref,2,県支出金(決算),2020-04-01,2021-03-31,2021-03-31,0,決算(年度末),,1801404.0,千円,,,,,未取得,,,,https://www.soumu.go.jp/main_content/000804135.xlsx
09,092169,下野市,card_pref,2,県支出金(決算),2021-04-01,2022-03-31,2022-03-31,0,決算(年度末),,1735803.0,千円,,,-65601.0,-0.036416595055856434,横ばい,2021-04-01,2022-03-31,gen-election-shugiin_20211031_smd_09_1;gen-election-shugiin_20211031_smd_09_4;gen-tokko-2021-tokko_dec;gen-tokko-2021-tokko_march;gen-mlit-release-2022,https://www.soumu.go.jp/main_content/000873399.xlsx
09,092169,下野市,card_pref,2,県支出金(決算),2022-04-01,2023-03-31,2023-03-31,0,決算(年度末),,1775238.0,千円,,,39435.0,0.022718591913944153,横ばい,2022-04-01,2023-03-31,gen-election-sangiin_20220710_smd_09_1;gen-tokko-2022-tokko_dec;gen-tokko-2022-tokko_march;gen-mlit-release-2023,https://www.soumu.go.jp/main_content/000937050.xlsx
09,092169,下野市,card_pref,2,県支出金(決算),2023-04-01,2024-03-31,2024-03-31,0,決算(年度末),,1996669.0,千円,,,221431.0,0.1247331343740952,増加,2023-04-01,2024-03-31,gen-tokko-2023-tokko_dec;gen-tokko-2023-tokko_march,https://www.soumu.go.jp/main_content/000998938.xlsx
09,092169,下野市,card_pref,2,県支出金(決算),2024-04-01,2025-03-31,2025-03-31,0,決算(年度末),,2176285.0,千円,,,179616.0,0.089957824757133,増加,2024-04-01,2025-03-31,gen-mlit-release-2024;gen-election-shugiin_20241027_smd_09_4;gen-tokko-2024-tokko_dec;gen-tokko-2024-tokko_march,https://www.soumu.go.jp/main_content/001063963.xlsx
09,092169,下野市,tokko_dec,3a,特別交付税 12月分,2020-04-01,2021-03-31,2020-12-08,0,交付決定日(報道発表),2020-12-08,38307.0,千円,,,,,未取得,,,,https://www.soumu.go.jp/main_content/000721607.pdf
09,092169,下野市,tokko_dec,3a,特別交付税 12月分,2021-04-01,2022-03-31,2021-12-03,0,交付決定日(報道発表),2021-12-03,71953.0,千円,,,33646.0,0.878325110293158,増加,2020-12-09,2021-12-03,gen-tokko-2020-tokko_march;gen-mlit-release-2021;gen-election-shugiin_20211031_smd_09_1;gen-election-shugiin_20211031_smd_09_4;gen-tokko-2021-tokko_dec,https://www.soumu.go.jp/main_content/000780948.pdf
09,092169,下野市,tokko_dec,3a,特別交付税 12月分,2022-04-01,2023-03-31,2022-12-13,0,交付決定日(報道発表),2022-12-13,60121.0,千円,,,-11832.0,-0.16444067655274971,減少,2021-12-04,2022-12-13,gen-tokko-2021-tokko_march;gen-mlit-release-2022;gen-election-sangiin_20220710_smd_09_1;gen-tokko-2022-tokko_dec,https://www.soumu.go.jp/main_content/000850537.pdf
09,092169,下野市,tokko_dec,3a,特別交付税 12月分,2023-04-01,2024-03-31,2023-12-12,0,交付決定日(報道発表),2023-12-12,60650.0,千円,,,529.0,0.00879892217361654,横ばい,2022-12-14,2023-12-12,gen-tokko-2022-tokko_march;gen-mlit-release-2023;gen-tokko-2023-tokko_dec,https://www.soumu.go.jp/main_content/000916643.pdf
09,092169,下野市,tokko_dec,3a,特別交付税 12月分,2024-04-01,2025-03-31,2024-12-20,0,交付決定日(報道発表),2024-12-20,49056.0,千円,,,-11594.0,-0.19116240725474032,減少,2023-12-13,2024-12-20,gen-tokko-2023-tokko_march;gen-mlit-release-2024;gen-election-shugiin_20241027_smd_09_4;gen-tokko-2024-tokko_dec,https://www.soumu.go.jp/main_content/000983129.pdf
09,092169,下野市,tokko_dec,3a,特別交付税 12月分,2025-04-01,2026-03-31,2025-12-19,0,交付決定日(報道発表),2025-12-19,50866.0,千円,,,1810.0,0.036896607958251795,横ばい,2024-12-21,2025-12-19,gen-tokko-2024-tokko_march;gen-mlit-release-2025;gen-election-sangiin_20250720_smd_09_1;gen-tokko-2025-tokko_dec,https://www.soumu.go.jp/main_content/001046667.pdf
09,092169,下野市,tokko_march,3b,特別交付税 3月分,2020-04-01,2021-03-31,2021-03-19,0,交付決定日(報道発表),2021-03-19,474831.0,千円,,,,,未取得,,,,https://www.soumu.go.jp/main_content/000738961.pdf
09,092169,下野市,tokko_march,3b,特別交付税 3月分,2021-04-01,2022-03-31,2022-03-18,0,交付決定日(報道発表),2022-03-18,500462.0,千円,,,25631.0,0.053979205233019745,増加,2021-03-20,2022-03-18,gen-mlit-release-2021;gen-election-shugiin_20211031_smd_09_1;gen-election-shugiin_20211031_smd_09_4;gen-tokko-2021-tokko_dec;gen-tokko-2021-tokko_march,https://www.soumu.go.jp/main_content/000799619.pdf
09,092169,下野市,tokko_march,3b,特別交付税 3月分,2022-04-01,2023-03-31,2023-03-22,0,交付決定日(報道発表),2023-03-22,513103.0,千円,,,12641.0,0.02525866099723855,横ばい,2022-03-19,2023-03-22,gen-mlit-release-2022;gen-election-sangiin_20220710_smd_09_1;gen-tokko-2022-tokko_dec;gen-tokko-2022-tokko_march,https://www.soumu.go.jp/main_content/000869990.pdf
09,092169,下野市,tokko_march,3b,特別交付税 3月分,2023-04-01,2024-03-31,2024-03-22,0,交付決定日(報道発表),2024-03-22,544063.0,千円,,,30960.0,0.06033876239273596,増加,2023-03-23,2024-03-22,gen-mlit-release-2023;gen-tokko-2023-tokko_dec;gen-tokko-2023-tokko_march,https://www.soumu.go.jp/main_content/000997045.pdf
09,092169,下野市,tokko_march,3b,特別交付税 3月分,2024-04-01,2025-03-31,2025-03-21,0,交付決定日(報道発表),2025-03-21,575352.0,千円,,,31289.0,0.05750988396564369,増加,2024-03-23,2025-03-21,gen-mlit-release-2024;gen-election-shugiin_20241027_smd_09_4;gen-tokko-2024-tokko_dec;gen-tokko-2024-tokko_march,https://www.soumu.go.jp/main_content/000998441.pdf
09,092169,下野市,tokko_march,3b,特別交付税 3月分,2025-04-01,2026-03-31,2026-03-17,0,交付決定日(報道発表),2026-03-17,606258.0,千円,,,30906.0,0.053716681266424725,増加,2025-03-22,2026-03-17,gen-mlit-release-2025;gen-election-sangiin_20250720_smd_09_1;gen-tokko-2025-tokko_dec;gen-election-shugiin_20260208_smd_09_4;gen-cabinet-2026-02-18;gen-position-motegi_toshimitsu-外務大臣-2026-02-18;gen-tokko-2025-tokko_march,https://www.soumu.go.jp/main_content/001061260.pdf
09,092169,下野市,mlit_sole_grants,4,社総交・防安交 単独策定主体の国費,2021-04-01,2022-03-31,2021-03-30,1,当初配分の報道発表日を代用(交付決定日は未公表),2021-03-30,54525.0,千円,2,,,,未取得,,,,https://www.mlit.go.jp/common/001396522.pdf
09,092169,下野市,mlit_sole_grants,4,社総交・防安交 単独策定主体の国費,2022-04-01,2023-03-31,2022-03-25,1,当初配分の報道発表日を代用(交付決定日は未公表),2022-03-25,71370.0,千円,3,,16845.0,0.30894085281980743,増加,2021-03-31,2022-03-25,gen-election-shugiin_20211031_smd_09_1;gen-election-shugiin_20211031_smd_09_4;gen-tokko-2021-tokko_dec;gen-tokko-2021-tokko_march;gen-mlit-release-2022,https://www.mlit.go.jp/page/content/001472731.pdf
09,092169,下野市,mlit_sole_grants,4,社総交・防安交 単独策定主体の国費,2023-04-01,2024-03-31,2023-03-31,1,当初配分の報道発表日を代用(交付決定日は未公表),2023-03-31,103500.0,千円,3,,32130.0,0.4501891551071879,増加,2022-03-26,2023-03-31,gen-election-sangiin_20220710_smd_09_1;gen-tokko-2022-tokko_dec;gen-tokko-2022-tokko_march;gen-mlit-release-2023,https://www.mlit.go.jp/page/content/001596924.pdf
09,092169,下野市,mlit_sole_grants,4,社総交・防安交 単独策定主体の国費,2024-04-01,2025-03-31,2024-04-01,1,当初配分の報道発表日を代用(交付決定日は未公表),2024-04-01,52900.0,千円,2,,-50600.0,-0.4888888888888889,減少,2023-04-01,2024-04-01,gen-tokko-2023-tokko_dec;gen-tokko-2023-tokko_march;gen-mlit-release-2024,https://www.mlit.go.jp/page/content/001735005.pdf
09,092169,下野市,mlit_sole_grants,4,社総交・防安交 単独策定主体の国費,2025-04-01,2026-03-31,2025-04-01,1,当初配分の報道発表日を代用(交付決定日は未公表),2025-04-01,118880.0,千円,2,,65980.0,1.2472589792060491,増加,2024-04-02,2025-04-01,gen-election-shugiin_20241027_smd_09_4;gen-tokko-2024-tokko_dec;gen-tokko-2024-tokko_march;gen-mlit-release-2025,https://www.mlit.go.jp/page/content/001879738.pdf
09,092169,下野市,mlit_sole_grants,4,社総交・防安交 単独策定主体の国費,2026-04-01,2027-03-31,2026-04-07,1,当初配分の報道発表日を代用(交付決定日は未公表),2026-04-07,39494.0,千円,2,,-79386.0,-0.6677826379542395,減少,2025-04-02,2026-04-07,gen-election-sangiin_20250720_smd_09_1;gen-tokko-2025-tokko_dec;gen-election-shugiin_20260208_smd_09_4;gen-cabinet-2026-02-18;gen-position-motegi_toshimitsu-外務大臣-2026-02-18;gen-tokko-2025-tokko_march;gen-mlit-release-2026,https://www.mlit.go.jp/page/content/001994561.pdf
09,092169,下野市,mlit_road,5,道路局箇所表 事業主体=当該市町の国費,2021-04-01,2022-03-31,2021-03-30,1,当初配分の報道発表日を代用(交付決定日は未公表),2021-03-30,113000.0,千円,2,,,,未取得,,,,https://www.mlit.go.jp/common/001396522.pdf
09,092169,下野市,mlit_road,5,道路局箇所表 事業主体=当該市町の国費,2022-04-01,2023-03-31,2022-03-25,1,当初配分の報道発表日を代用(交付決定日は未公表),2022-03-25,137000.0,千円,2,,24000.0,0.21238938053097345,増加,2021-03-31,2022-03-25,gen-election-shugiin_20211031_smd_09_1;gen-election-shugiin_20211031_smd_09_4;gen-tokko-2021-tokko_dec;gen-tokko-2021-tokko_march;gen-mlit-release-2022,https://www.mlit.go.jp/page/content/001472731.pdf
09,092169,下野市,mlit_road,5,道路局箇所表 事業主体=当該市町の国費,2023-04-01,2024-03-31,2023-03-31,1,当初配分の報道発表日を代用(交付決定日は未公表),2023-03-31,110000.0,千円,2,,-27000.0,-0.19708029197080293,減少,2022-03-26,2023-03-31,gen-election-sangiin_20220710_smd_09_1;gen-tokko-2022-tokko_dec;gen-tokko-2022-tokko_march;gen-mlit-release-2023,https://www.mlit.go.jp/page/content/001596924.pdf
09,092169,下野市,mlit_road,5,道路局箇所表 事業主体=当該市町の国費,2024-04-01,2025-03-31,2024-04-01,1,当初配分の報道発表日を代用(交付決定日は未公表),2024-04-01,67000.0,千円,3,,-43000.0,-0.39090909090909093,減少,2023-04-01,2024-04-01,gen-tokko-2023-tokko_dec;gen-tokko-2023-tokko_march;gen-mlit-release-2024,https://www.mlit.go.jp/page/content/001735005.pdf
09,092169,下野市,mlit_road,5,道路局箇所表 事業主体=当該市町の国費,2025-04-01,2026-03-31,2025-04-01,1,当初配分の報道発表日を代用(交付決定日は未公表),2025-04-01,58000.0,千円,3,,-9000.0,-0.13432835820895522,減少,2024-04-02,2025-04-01,gen-election-shugiin_20241027_smd_09_4;gen-tokko-2024-tokko_dec;gen-tokko-2024-tokko_march;gen-mlit-release-2025,https://www.mlit.go.jp/page/content/001879738.pdf
09,092169,下野市,mlit_road,5,道路局箇所表 事業主体=当該市町の国費,2026-04-01,2027-03-31,2026-04-07,1,当初配分の報道発表日を代用(交付決定日は未公表),2026-04-07,93000.0,千円,2,,35000.0,0.603448275862069,増加,2025-04-02,2026-04-07,gen-election-sangiin_20250720_smd_09_1;gen-tokko-2025-tokko_dec;gen-election-shugiin_20260208_smd_09_4;gen-cabinet-2026-02-18;gen-position-motegi_toshimitsu-外務大臣-2026-02-18;gen-tokko-2025-tokko_march;gen-mlit-release-2026,https://www.mlit.go.jp/page/content/001994561.pdf
09,092169,下野市,e_kokko,6,国庫支出金 計(決算、地方財政状況調査),2020-04-01,2021-03-31,2021-03-31,0,決算(年度末),,10614261.0,千円,,,,,未取得,,,,https://www.e-stat.go.jp/stat-search/file-download?statInfId=000032188698&fileKind=1
09,092169,下野市,e_kokko,6,国庫支出金 計(決算、地方財政状況調査),2021-04-01,2022-03-31,2022-03-31,0,決算(年度末),,6435551.0,千円,,,-4178710.0,-0.3936882652499312,減少,2021-04-01,2022-03-31,gen-election-shugiin_20211031_smd_09_1;gen-election-shugiin_20211031_smd_09_4;gen-tokko-2021-tokko_dec;gen-tokko-2021-tokko_march;gen-mlit-release-2022,https://www.e-stat.go.jp/stat-search/file-download?statInfId=000040044921&fileKind=1
09,092169,下野市,e_kokko,6,国庫支出金 計(決算、地方財政状況調査),2022-04-01,2023-03-31,2023-03-31,0,決算(年度末),,5089680.0,千円,,,-1345871.0,-0.20913065563461467,減少,2022-04-01,2023-03-31,gen-election-sangiin_20220710_smd_09_1;gen-tokko-2022-tokko_dec;gen-tokko-2022-tokko_march;gen-mlit-release-2023,https://www.e-stat.go.jp/stat-search/file-download?statInfId=000040171702&fileKind=1
09,092169,下野市,e_kokko,6,国庫支出金 計(決算、地方財政状況調査),2023-04-01,2024-03-31,2024-03-31,0,決算(年度末),,4713830.0,千円,,,-375850.0,-0.07384550698668678,減少,2023-04-01,2024-03-31,gen-tokko-2023-tokko_dec;gen-tokko-2023-tokko_march,https://www.e-stat.go.jp/stat-search/file-download?statInfId=000040231591&fileKind=1
09,092169,下野市,e_kokko,6,国庫支出金 計(決算、地方財政状況調査),2024-04-01,2025-03-31,2025-03-31,0,決算(年度末),,5086140.0,千円,,,372310.0,0.07898248345824944,増加,2024-04-01,2025-03-31,gen-mlit-release-2024;gen-election-shugiin_20241027_smd_09_4;gen-tokko-2024-tokko_dec;gen-tokko-2024-tokko_march,https://www.e-stat.go.jp/stat-search/file-download?statInfId=000040375638&fileKind=1
09,092169,下野市,e_kokko_futsuken,6,国庫支出金のうち普通建設事業費支出金(決算),2020-04-01,2021-03-31,2021-03-31,0,決算(年度末),,312964.0,千円,,,,,未取得,,,,https://www.e-stat.go.jp/stat-search/file-download?statInfId=000032188698&fileKind=1
09,092169,下野市,e_kokko_futsuken,6,国庫支出金のうち普通建設事業費支出金(決算),2021-04-01,2022-03-31,2022-03-31,0,決算(年度末),,812825.0,千円,,,499861.0,1.5971837016398052,増加,2021-04-01,2022-03-31,gen-election-shugiin_20211031_smd_09_1;gen-election-shugiin_20211031_smd_09_4;gen-tokko-2021-tokko_dec;gen-tokko-2021-tokko_march;gen-mlit-release-2022,https://www.e-stat.go.jp/stat-search/file-download?statInfId=000040044921&fileKind=1
09,092169,下野市,e_kokko_futsuken,6,国庫支出金のうち普通建設事業費支出金(決算),2022-04-01,2023-03-31,2023-03-31,0,決算(年度末),,305372.0,千円,,,-507453.0,-0.6243078153354042,減少,2022-04-01,2023-03-31,gen-election-sangiin_20220710_smd_09_1;gen-tokko-2022-tokko_dec;gen-tokko-2022-tokko_march;gen-mlit-release-2023,https://www.e-stat.go.jp/stat-search/file-download?statInfId=000040171702&fileKind=1
09,092169,下野市,e_kokko_futsuken,6,国庫支出金のうち普通建設事業費支出金(決算),2023-04-01,2024-03-31,2024-03-31,0,決算(年度末),,41730.0,千円,,,-263642.0,-0.8633469997249257,減少,2023-04-01,2024-03-31,gen-tokko-2023-tokko_dec;gen-tokko-2023-tokko_march,https://www.e-stat.go.jp/stat-search/file-download?statInfId=000040231591&fileKind=1
09,092169,下野市,e_kokko_futsuken,6,国庫支出金のうち普通建設事業費支出金(決算),2024-04-01,2025-03-31,2025-03-31,0,決算(年度末),,194608.0,千円,,,152878.0,3.663503474718428,増加,2024-04-01,2025-03-31,gen-mlit-release-2024;gen-election-shugiin_20241027_smd_09_4;gen-tokko-2024-tokko_dec;gen-tokko-2024-tokko_march,https://www.e-stat.go.jp/stat-search/file-download?statInfId=000040375638&fileKind=1
09,092169,下野市,e_kokko_saigai,6,国庫支出金のうち災害復旧事業費支出金(決算),2020-04-01,2021-03-31,2021-03-31,0,決算(年度末),,46716.0,千円,,,,,未取得,,,,https://www.e-stat.go.jp/stat-search/file-download?statInfId=000032188698&fileKind=1
09,092169,下野市,e_kokko_saigai,6,国庫支出金のうち災害復旧事業費支出金(決算),2021-04-01,2022-03-31,2022-03-31,0,決算(年度末),,0.0,千円,,,-46716.0,-1.0,減少,2021-04-01,2022-03-31,gen-election-shugiin_20211031_smd_09_1;gen-election-shugiin_20211031_smd_09_4;gen-tokko-2021-tokko_dec;gen-tokko-2021-tokko_march;gen-mlit-release-2022,https://www.e-stat.go.jp/stat-search/file-download?statInfId=000040044921&fileKind=1
09,092169,下野市,e_kokko_saigai,6,国庫支出金のうち災害復旧事業費支出金(決算),2022-04-01,2023-03-31,2023-03-31,0,決算(年度末),,0.0,千円,,,0.0,,未取得,2022-04-01,2023-03-31,gen-election-sangiin_20220710_smd_09_1;gen-tokko-2022-tokko_dec;gen-tokko-2022-tokko_march;gen-mlit-release-2023,https://www.e-stat.go.jp/stat-search/file-download?statInfId=000040171702&fileKind=1
09,092169,下野市,e_kokko_saigai,6,国庫支出金のうち災害復旧事業費支出金(決算),2023-04-01,2024-03-31,2024-03-31,0,決算(年度末),,0.0,千円,,,0.0,,未取得,2023-04-01,2024-03-31,gen-tokko-2023-tokko_dec;gen-tokko-2023-tokko_march,https://www.e-stat.go.jp/stat-search/file-download?statInfId=000040231591&fileKind=1
09,092169,下野市,e_kokko_saigai,6,国庫支出金のうち災害復旧事業費支出金(決算),2024-04-01,2025-03-31,2025-03-31,0,決算(年度末),,0.0,千円,,,0.0,,未取得,2024-04-01,2025-03-31,gen-mlit-release-2024;gen-election-shugiin_20241027_smd_09_4;gen-tokko-2024-tokko_dec;gen-tokko-2024-tokko_march,https://www.e-stat.go.jp/stat-search/file-download?statInfId=000040375638&fileKind=1
09,092169,下野市,e_kokko_shasoukou,6,国庫支出金のうち社会資本整備総合交付金(決算),2020-04-01,2021-03-31,2021-03-31,0,決算(年度末),,398767.0,千円,,,,,未取得,,,,https://www.e-stat.go.jp/stat-search/file-download?statInfId=000032188698&fileKind=1
09,092169,下野市,e_kokko_shasoukou,6,国庫支出金のうち社会資本整備総合交付金(決算),2021-04-01,2022-03-31,2022-03-31,0,決算(年度末),,593103.0,千円,,,194336.0,0.48734223243147,増加,2021-04-01,2022-03-31,gen-election-shugiin_20211031_smd_09_1;gen-election-shugiin_20211031_smd_09_4;gen-tokko-2021-tokko_dec;gen-tokko-2021-tokko_march;gen-mlit-release-2022,https://www.e-stat.go.jp/stat-search/file-download?statInfId=000040044921&fileKind=1
09,092169,下野市,e_kokko_shasoukou,6,国庫支出金のうち社会資本整備総合交付金(決算),2022-04-01,2023-03-31,2023-03-31,0,決算(年度末),,661934.0,千円,,,68831.0,0.11605235515584983,増加,2022-04-01,2023-03-31,gen-election-sangiin_20220710_smd_09_1;gen-tokko-2022-tokko_dec;gen-tokko-2022-tokko_march;gen-mlit-release-2023,https://www.e-stat.go.jp/stat-search/file-download?statInfId=000040171702&fileKind=1
09,092169,下野市,e_kokko_shasoukou,6,国庫支出金のうち社会資本整備総合交付金(決算),2023-04-01,2024-03-31,2024-03-31,0,決算(年度末),,481513.0,千円,,,-180421.0,-0.2725664492230343,減少,2023-04-01,2024-03-31,gen-tokko-2023-tokko_dec;gen-tokko-2023-tokko_march,https://www.e-stat.go.jp/stat-search/file-download?statInfId=000040231591&fileKind=1
09,092169,下野市,e_kokko_shasoukou,6,国庫支出金のうち社会資本整備総合交付金(決算),2024-04-01,2025-03-31,2025-03-31,0,決算(年度末),,431098.0,千円,,,-50415.0,-0.10470122301993923,減少,2024-04-01,2025-03-31,gen-mlit-release-2024;gen-election-shugiin_20241027_smd_09_4;gen-tokko-2024-tokko_dec;gen-tokko-2024-tokko_march,https://www.e-stat.go.jp/stat-search/file-download?statInfId=000040375638&fileKind=1
09,092169,下野市,e_pref,6,都道府県支出金 計(決算),2020-04-01,2021-03-31,2021-03-31,0,決算(年度末),,1801404.0,千円,,,,,未取得,,,,https://www.e-stat.go.jp/stat-search/file-download?statInfId=000032188698&fileKind=1
09,092169,下野市,e_pref,6,都道府県支出金 計(決算),2021-04-01,2022-03-31,2022-03-31,0,決算(年度末),,1735803.0,千円,,,-65601.0,-0.036416595055856434,横ばい,2021-04-01,2022-03-31,gen-election-shugiin_20211031_smd_09_1;gen-election-shugiin_20211031_smd_09_4;gen-tokko-2021-tokko_dec;gen-tokko-2021-tokko_march;gen-mlit-release-2022,https://www.e-stat.go.jp/stat-search/file-download?statInfId=000040044921&fileKind=1
09,092169,下野市,e_pref,6,都道府県支出金 計(決算),2022-04-01,2023-03-31,2023-03-31,0,決算(年度末),,1775238.0,千円,,,39435.0,0.022718591913944153,横ばい,2022-04-01,2023-03-31,gen-election-sangiin_20220710_smd_09_1;gen-tokko-2022-tokko_dec;gen-tokko-2022-tokko_march;gen-mlit-release-2023,https://www.e-stat.go.jp/stat-search/file-download?statInfId=000040171702&fileKind=1
09,092169,下野市,e_pref,6,都道府県支出金 計(決算),2023-04-01,2024-03-31,2024-03-31,0,決算(年度末),,1996669.0,千円,,,221431.0,0.1247331343740952,増加,2023-04-01,2024-03-31,gen-tokko-2023-tokko_dec;gen-tokko-2023-tokko_march,https://www.e-stat.go.jp/stat-search/file-download?statInfId=000040231591&fileKind=1
09,092169,下野市,e_pref,6,都道府県支出金 計(決算),2024-04-01,2025-03-31,2025-03-31,0,決算(年度末),,2176285.0,千円,,,179616.0,0.089957824757133,増加,2024-04-01,2025-03-31,gen-mlit-release-2024;gen-election-shugiin_20241027_smd_09_4;gen-tokko-2024-tokko_dec;gen-tokko-2024-tokko_march,https://www.e-stat.go.jp/stat-search/file-download?statInfId=000040375638&fileKind=1
09,092169,下野市,e_futsu,6,普通交付税(決算),2020-04-01,2021-03-31,2021-03-31,0,決算(年度末),,3237236.0,千円,,,,,未取得,,,,https://www.e-stat.go.jp/stat-search/file-download?statInfId=000032188698&fileKind=1
09,092169,下野市,e_futsu,6,普通交付税(決算),2021-04-01,2022-03-31,2022-03-31,0,決算(年度末),,3874520.0,千円,,,637284.0,0.19686053163871894,増加,2021-04-01,2022-03-31,gen-election-shugiin_20211031_smd_09_1;gen-election-shugiin_20211031_smd_09_4;gen-tokko-2021-tokko_dec;gen-tokko-2021-tokko_march;gen-mlit-release-2022,https://www.e-stat.go.jp/stat-search/file-download?statInfId=000040044921&fileKind=1
09,092169,下野市,e_futsu,6,普通交付税(決算),2022-04-01,2023-03-31,2023-03-31,0,決算(年度末),,3934242.0,千円,,,59722.0,0.015414038384109515,横ばい,2022-04-01,2023-03-31,gen-election-sangiin_20220710_smd_09_1;gen-tokko-2022-tokko_dec;gen-tokko-2022-tokko_march;gen-mlit-release-2023,https://www.e-stat.go.jp/stat-search/file-download?statInfId=000040171702&fileKind=1
09,092169,下野市,e_futsu,6,普通交付税(決算),2023-04-01,2024-03-31,2024-03-31,0,決算(年度末),,3815383.0,千円,,,-118859.0,-0.03021141048262918,横ばい,2023-04-01,2024-03-31,gen-tokko-2023-tokko_dec;gen-tokko-2023-tokko_march,https://www.e-stat.go.jp/stat-search/file-download?statInfId=000040231591&fileKind=1
09,092169,下野市,e_futsu,6,普通交付税(決算),2024-04-01,2025-03-31,2025-03-31,0,決算(年度末),,3878815.0,千円,,,63432.0,0.016625329619595203,横ばい,2024-04-01,2025-03-31,gen-mlit-release-2024;gen-election-shugiin_20241027_smd_09_4;gen-tokko-2024-tokko_dec;gen-tokko-2024-tokko_march,https://www.e-stat.go.jp/stat-search/file-download?statInfId=000040375638&fileKind=1
09,092169,下野市,e_tokko,6,特別交付税(決算),2020-04-01,2021-03-31,2021-03-31,0,決算(年度末),,513138.0,千円,,,,,未取得,,,,https://www.e-stat.go.jp/stat-search/file-download?statInfId=000032188698&fileKind=1
09,092169,下野市,e_tokko,6,特別交付税(決算),2021-04-01,2022-03-31,2022-03-31,0,決算(年度末),,572415.0,千円,,,59277.0,0.11551863241467207,増加,2021-04-01,2022-03-31,gen-election-shugiin_20211031_smd_09_1;gen-election-shugiin_20211031_smd_09_4;gen-tokko-2021-tokko_dec;gen-tokko-2021-tokko_march;gen-mlit-release-2022,https://www.e-stat.go.jp/stat-search/file-download?statInfId=000040044921&fileKind=1
09,092169,下野市,e_tokko,6,特別交付税(決算),2022-04-01,2023-03-31,2023-03-31,0,決算(年度末),,573224.0,千円,,,809.0,0.0014133102731409904,横ばい,2022-04-01,2023-03-31,gen-election-sangiin_20220710_smd_09_1;gen-tokko-2022-tokko_dec;gen-tokko-2022-tokko_march;gen-mlit-release-2023,https://www.e-stat.go.jp/stat-search/file-download?statInfId=000040171702&fileKind=1
09,092169,下野市,e_tokko,6,特別交付税(決算),2023-04-01,2024-03-31,2024-03-31,0,決算(年度末),,604713.0,千円,,,31489.0,0.054933150042566256,増加,2023-04-01,2024-03-31,gen-tokko-2023-tokko_dec;gen-tokko-2023-tokko_march,https://www.e-stat.go.jp/stat-search/file-download?statInfId=000040231591&fileKind=1
09,092169,下野市,e_tokko,6,特別交付税(決算),2024-04-01,2025-03-31,2025-03-31,0,決算(年度末),,624408.0,千円,,,19695.0,0.032569169176121564,横ばい,2024-04-01,2025-03-31,gen-mlit-release-2024;gen-election-shugiin_20241027_smd_09_4;gen-tokko-2024-tokko_dec;gen-tokko-2024-tokko_march,https://www.e-stat.go.jp/stat-search/file-download?statInfId=000040375638&fileKind=1
09,092169,下野市,e_road_kokko,7,道路橋りょう費に充当した国庫支出金(決算),2020-04-01,2021-03-31,2021-03-31,0,決算(年度末),,152024.0,千円,,,,,未取得,,,,https://www.e-stat.go.jp/stat-search/file-download?statInfId=000032188710&fileKind=1
09,092169,下野市,e_road_kokko,7,道路橋りょう費に充当した国庫支出金(決算),2021-04-01,2022-03-31,2022-03-31,0,決算(年度末),,165354.0,千円,,,13330.0,0.08768352365415986,増加,2021-04-01,2022-03-31,gen-election-shugiin_20211031_smd_09_1;gen-election-shugiin_20211031_smd_09_4;gen-tokko-2021-tokko_dec;gen-tokko-2021-tokko_march;gen-mlit-release-2022,https://www.e-stat.go.jp/stat-search/file-download?statInfId=000040044933&fileKind=1
09,092169,下野市,e_road_kokko,7,道路橋りょう費に充当した国庫支出金(決算),2022-04-01,2023-03-31,2023-03-31,0,決算(年度末),,117533.0,千円,,,-47821.0,-0.28920376888372823,減少,2022-04-01,2023-03-31,gen-election-sangiin_20220710_smd_09_1;gen-tokko-2022-tokko_dec;gen-tokko-2022-tokko_march;gen-mlit-release-2023,https://www.e-stat.go.jp/stat-search/file-download?statInfId=000040171714&fileKind=1
09,092169,下野市,e_road_kokko,7,道路橋りょう費に充当した国庫支出金(決算),2023-04-01,2024-03-31,2024-03-31,0,決算(年度末),,349307.0,千円,,,231774.0,1.971990845124348,増加,2023-04-01,2024-03-31,gen-tokko-2023-tokko_dec;gen-tokko-2023-tokko_march,https://www.e-stat.go.jp/stat-search/file-download?statInfId=000040231603&fileKind=1
09,092169,下野市,e_road_kokko,7,道路橋りょう費に充当した国庫支出金(決算),2024-04-01,2025-03-31,2025-03-31,0,決算(年度末),,406892.0,千円,,,57585.0,0.16485498429748044,増加,2024-04-01,2025-03-31,gen-mlit-release-2024;gen-election-shugiin_20241027_smd_09_4;gen-tokko-2024-tokko_dec;gen-tokko-2024-tokko_march,https://www.e-stat.go.jp/stat-search/file-download?statInfId=000040375650&fileKind=1
09,092169,下野市,e_hojo_road_kokko,8,補助事業費(道路・橋りょう)の国庫支出金(決算),2020-04-01,2021-03-31,2021-03-31,0,決算(年度末),,152024.0,千円,,,,,未取得,,,,https://www.e-stat.go.jp/stat-search/file-download?statInfId=000032188732&fileKind=1
09,092169,下野市,e_hojo_road_kokko,8,補助事業費(道路・橋りょう)の国庫支出金(決算),2021-04-01,2022-03-31,2022-03-31,0,決算(年度末),,165354.0,千円,,,13330.0,0.08768352365415986,増加,2021-04-01,2022-03-31,gen-election-shugiin_20211031_smd_09_1;gen-election-shugiin_20211031_smd_09_4;gen-tokko-2021-tokko_dec;gen-tokko-2021-tokko_march;gen-mlit-release-2022,https://www.e-stat.go.jp/stat-search/file-download?statInfId=000040044955&fileKind=1
09,092169,下野市,e_hojo_road_kokko,8,補助事業費(道路・橋りょう)の国庫支出金(決算),2022-04-01,2023-03-31,2023-03-31,0,決算(年度末),,117533.0,千円,,,-47821.0,-0.28920376888372823,減少,2022-04-01,2023-03-31,gen-election-sangiin_20220710_smd_09_1;gen-tokko-2022-tokko_dec;gen-tokko-2022-tokko_march;gen-mlit-release-2023,https://www.e-stat.go.jp/stat-search/file-download?statInfId=000040171736&fileKind=1
09,092169,下野市,e_hojo_road_kokko,8,補助事業費(道路・橋りょう)の国庫支出金(決算),2023-04-01,2024-03-31,2024-03-31,0,決算(年度末),,349058.0,千円,,,231525.0,1.9698722911863051,増加,2023-04-01,2024-03-31,gen-tokko-2023-tokko_dec;gen-tokko-2023-tokko_march,https://www.e-stat.go.jp/stat-search/file-download?statInfId=000040231625&fileKind=1
09,092169,下野市,e_hojo_road_kokko,8,補助事業費(道路・橋りょう)の国庫支出金(決算),2024-04-01,2025-03-31,2025-03-31,0,決算(年度末),,406892.0,千円,,,57834.0,0.1656859318508672,増加,2024-04-01,2025-03-31,gen-mlit-release-2024;gen-election-shugiin_20241027_smd_09_4;gen-tokko-2024-tokko_dec;gen-tokko-2024-tokko_march,https://www.e-stat.go.jp/stat-search/file-download?statInfId=000040375672&fileKind=1
09,092169,下野市,futsu_decided,9,普通交付税 当初決定額,2021-04-01,2022-03-31,2021-08-03,0,当初決定日(算定結果の報道資料の日付),2021-08-03,3435980.0,千円,,,,,未取得,,,,https://www.soumu.go.jp/main_content/000761570.xlsx
09,092169,下野市,futsu_decided,9,普通交付税 当初決定額,2022-04-01,2023-03-31,2022-07-26,0,当初決定日(算定結果の報道資料の日付),2022-07-26,3825148.0,千円,,,389168.0,0.11326259174966094,増加,2021-08-04,2022-07-26,gen-election-shugiin_20211031_smd_09_1;gen-election-shugiin_20211031_smd_09_4;gen-tokko-2021-tokko_dec;gen-tokko-2021-tokko_march;gen-mlit-release-2022;gen-election-sangiin_20220710_smd_09_1,https://www.soumu.go.jp/main_content/000762090.xlsx
09,092169,下野市,futsu_decided,9,普通交付税 当初決定額,2023-04-01,2024-03-31,2023-07-28,0,当初決定日(算定結果の報道資料の日付),2023-07-28,3667061.0,千円,,,-158087.0,-0.04132833553106965,横ばい,2022-07-27,2023-07-28,gen-tokko-2022-tokko_dec;gen-tokko-2022-tokko_march;gen-mlit-release-2023,https://www.soumu.go.jp/main_content/000894237.xlsx
09,092169,下野市,futsu_decided,9,普通交付税 当初決定額,2024-04-01,2025-03-31,2024-07-23,0,当初決定日(算定結果の報道資料の日付),2024-07-23,3592204.0,千円,,,-74857.0,-0.020413350091531064,横ばい,2023-07-29,2024-07-23,gen-tokko-2023-tokko_dec;gen-tokko-2023-tokko_march;gen-mlit-release-2024,https://www.soumu.go.jp/main_content/000958553.xlsx
09,092169,下野市,futsu_decided,9,普通交付税 当初決定額,2025-04-01,2026-03-31,2025-07-29,0,当初決定日(算定結果の報道資料の日付),2025-07-29,3789259.0,千円,,,197055.0,0.054856294352993315,増加,2024-07-24,2025-07-29,gen-election-shugiin_20241027_smd_09_4;gen-tokko-2024-tokko_dec;gen-tokko-2024-tokko_march;gen-mlit-release-2025;gen-election-sangiin_20250720_smd_09_1,https://www.soumu.go.jp/main_content/001022466.xlsx
09,092169,下野市,futsu_decided,9,普通交付税 当初決定額,2026-04-01,2027-03-31,2026-07-24,0,当初決定日(算定結果の報道資料の日付),2026-07-24,3709917.0,千円,,,-79342.0,-0.02093865845538666,横ばい,2025-07-30,2026-07-24,gen-tokko-2025-tokko_dec;gen-election-shugiin_20260208_smd_09_4;gen-cabinet-2026-02-18;gen-position-motegi_toshimitsu-外務大臣-2026-02-18;gen-tokko-2025-tokko_march;gen-mlit-release-2026,https://www.soumu.go.jp/main_content/001083404.xlsx
09,092169,下野市,kofu_total,10,国交省 交付決定額 計(年度合計),2017-04-01,2018-03-31,2018-03-31,1,年度内で最後の交付決定日(交付決定がない年度は年度末)。値は年度合計(変更減額を含む),,1358240.0,千円,,,,,未取得,,,,https://www.mlit.go.jp/common/001210869.xlsx
09,092169,下野市,kofu_total,10,国交省 交付決定額 計(年度合計),2018-04-01,2019-03-31,2018-09-03,1,年度内で最後の交付決定日(交付決定がない年度は年度末)。値は年度合計(変更減額を含む),,793755.0,千円,,,-564485.0,-0.41560033572858995,減少,2018-04-01,2018-09-03,,https://www.mlit.go.jp/common/001260907.xlsx
09,092169,下野市,kofu_total,10,国交省 交付決定額 計(年度合計),2019-04-01,2020-03-31,2020-03-31,1,年度内で最後の交付決定日(交付決定がない年度は年度末)。値は年度合計(変更減額を含む),,505783.0,千円,,,-287972.0,-0.3627970847427733,減少,2018-09-04,2020-03-31,,https://www.mlit.go.jp/common/001316172.xlsx
09,092169,下野市,kofu_total,10,国交省 交付決定額 計(年度合計),2020-04-01,2021-03-31,2021-03-31,1,年度内で最後の交付決定日(交付決定がない年度は年度末)。値は年度合計(変更減額を含む),,744131.0,千円,,,238348.0,0.4712455736946477,増加,2020-04-01,2021-03-31,gen-tokko-2020-tokko_dec;gen-tokko-2020-tokko_march;gen-mlit-release-2021,https://www.mlit.go.jp/common/001371589.xlsx
09,092169,下野市,kofu_total,10,国交省 交付決定額 計(年度合計),2021-04-01,2022-03-31,2022-03-23,1,年度内で最後の交付決定日(交付決定がない年度は年度末)。値は年度合計(変更減額を含む),,781075.0,千円,,,36944.0,0.04964717233927897,横ばい,2021-04-01,2022-03-23,gen-election-shugiin_20211031_smd_09_1;gen-election-shugiin_20211031_smd_09_4;gen-tokko-2021-tokko_dec;gen-tokko-2021-tokko_march,https://www.mlit.go.jp/common/001579048.xlsx
09,092169,下野市,kofu_total,10,国交省 交付決定額 計(年度合計),2022-04-01,2023-03-31,2023-02-01,1,年度内で最後の交付決定日(交付決定がない年度は年度末)。値は年度合計(変更減額を含む),,902662.0,千円,,,121587.0,0.15566622923534873,増加,2022-03-24,2023-02-01,gen-mlit-release-2022;gen-election-sangiin_20220710_smd_09_1;gen-tokko-2022-tokko_dec,https://www.mlit.go.jp/common/001426891.xlsx
09,092169,下野市,kofu_total,10,国交省 交付決定額 計(年度合計),2023-04-01,2024-03-31,2024-02-26,1,年度内で最後の交付決定日(交付決定がない年度は年度末)。値は年度合計(変更減額を含む),,694126.0,千円,,,-208536.0,-0.2310233509331289,減少,2023-02-02,2024-02-26,gen-tokko-2022-tokko_march;gen-mlit-release-2023;gen-tokko-2023-tokko_dec,https://www.mlit.go.jp/page/content/001749355.xlsx
09,092169,下野市,kofu_total,10,国交省 交付決定額 計(年度合計),2024-04-01,2025-03-31,2025-03-24,1,年度内で最後の交付決定日(交付決定がない年度は年度末)。値は年度合計(変更減額を含む),,861759.0,千円,,,167633.0,0.24150226327784868,増加,2024-02-27,2025-03-24,gen-tokko-2023-tokko_march;gen-mlit-release-2024;gen-election-shugiin_20241027_smd_09_4;gen-tokko-2024-tokko_dec;gen-tokko-2024-tokko_march,https://www.mlit.go.jp/page/content/001889200.xlsx
09,092169,下野市,kofu_total,10,国交省 交付決定額 計(年度合計),2025-04-01,2026-03-31,2026-03-09,1,年度内で最後の交付決定日(交付決定がない年度は年度末)。値は年度合計(変更減額を含む),,1021388.0,千円,,,159629.0,0.18523624354372858,増加,2025-03-25,2026-03-09,gen-mlit-release-2025;gen-election-sangiin_20250720_smd_09_1;gen-tokko-2025-tokko_dec;gen-election-shugiin_20260208_smd_09_4;gen-cabinet-2026-02-18;gen-position-motegi_toshimitsu-外務大臣-2026-02-18,https://www.mlit.go.jp/page/content/001968987.xlsx
09,092169,下野市,kofu_shasoukou,10,国交省 交付決定額 社会資本整備総合交付金,2017-04-01,2018-03-31,2018-03-31,1,年度内で最後の交付決定日(交付決定がない年度は年度末)。値は年度合計(変更減額を含む),,1358240.0,千円,,,,,未取得,,,,https://www.mlit.go.jp/common/001306061.xlsx
09,092169,下野市,kofu_shasoukou,10,国交省 交付決定額 社会資本整備総合交付金,2018-04-01,2019-03-31,2018-09-03,1,年度内で最後の交付決定日(交付決定がない年度は年度末)。値は年度合計(変更減額を含む),,790555.0,千円,,,-567685.0,-0.4179563258334315,減少,2018-04-01,2018-09-03,,https://www.mlit.go.jp/common/001288716.xlsx
09,092169,下野市,kofu_shasoukou,10,国交省 交付決定額 社会資本整備総合交付金,2019-04-01,2020-03-31,2020-03-31,1,年度内で最後の交付決定日(交付決定がない年度は年度末)。値は年度合計(変更減額を含む),,457477.0,千円,,,-333078.0,-0.4213217296709274,減少,2018-09-04,2020-03-31,,https://www.mlit.go.jp/common/001316186.xlsx
09,092169,下野市,kofu_shasoukou,10,国交省 交付決定額 社会資本整備総合交付金,2020-04-01,2021-03-31,2021-03-31,1,年度内で最後の交付決定日(交付決定がない年度は年度末)。値は年度合計(変更減額を含む),,469617.0,千円,,,12140.0,0.026536853218850347,横ばい,2020-04-01,2021-03-31,gen-tokko-2020-tokko_dec;gen-tokko-2020-tokko_march;gen-mlit-release-2021,https://www.mlit.go.jp/common/001371606.xlsx
09,092169,下野市,kofu_shasoukou,10,国交省 交付決定額 社会資本整備総合交付金,2021-04-01,2022-03-31,2022-03-31,1,年度内で最後の交付決定日(交付決定がない年度は年度末)。値は年度合計(変更減額を含む),,364570.0,千円,,,-105047.0,-0.22368653604958935,減少,2021-04-01,2022-03-31,gen-election-shugiin_20211031_smd_09_1;gen-election-shugiin_20211031_smd_09_4;gen-tokko-2021-tokko_dec;gen-tokko-2021-tokko_march;gen-mlit-release-2022,https://www.mlit.go.jp/common/001579064.xlsx
09,092169,下野市,kofu_shasoukou,10,国交省 交付決定額 社会資本整備総合交付金,2022-04-01,2023-03-31,2023-03-31,1,年度内で最後の交付決定日(交付決定がない年度は年度末)。値は年度合計(変更減額を含む),,234352.0,千円,,,-130218.0,-0.3571824341004471,減少,2022-04-01,2023-03-31,gen-election-sangiin_20220710_smd_09_1;gen-tokko-2022-tokko_dec;gen-tokko-2022-tokko_march;gen-mlit-release-2023,https://www.mlit.go.jp/common/001426909.xlsx
09,092169,下野市,kofu_shasoukou,10,国交省 交付決定額 社会資本整備総合交付金,2023-04-01,2024-03-31,2023-08-03,1,年度内で最後の交付決定日(交付決定がない年度は年度末)。値は年度合計(変更減額を含む),,296840.0,千円,,,62488.0,0.26664163309892813,増加,2023-04-01,2023-08-03,,https://www.mlit.go.jp/page/content/001708175.xlsx
09,092169,下野市,kofu_shasoukou,10,国交省 交付決定額 社会資本整備総合交付金,2024-04-01,2025-03-31,2025-03-24,1,年度内で最後の交付決定日(交付決定がない年度は年度末)。値は年度合計(変更減額を含む),,370981.0,千円,,,74141.0,0.24976755154291874,増加,2023-08-04,2025-03-24,gen-tokko-2023-tokko_dec;gen-tokko-2023-tokko_march;gen-mlit-release-2024;gen-election-shugiin_20241027_smd_09_4;gen-tokko-2024-tokko_dec;gen-tokko-2024-tokko_march,https://www.mlit.go.jp/page/content/001842591.xlsx
09,092169,下野市,kofu_shasoukou,10,国交省 交付決定額 社会資本整備総合交付金,2025-04-01,2026-03-31,2026-02-17,1,年度内で最後の交付決定日(交付決定がない年度は年度末)。値は年度合計(変更減額を含む),,490816.0,千円,,,119835.0,0.32302193373784643,増加,2025-03-25,2026-02-17,gen-mlit-release-2025;gen-election-sangiin_20250720_smd_09_1;gen-tokko-2025-tokko_dec;gen-election-shugiin_20260208_smd_09_4,https://www.mlit.go.jp/page/content/001969014.xlsx
09,092169,下野市,kofu_bouan,10,国交省 交付決定額 防災・安全交付金,2017-04-01,2018-03-31,2018-03-31,1,年度内で最後の交付決定日(交付決定がない年度は年度末)。値は年度合計(変更減額を含む),,389510.0,千円,,,,,未取得,,,,https://www.mlit.go.jp/common/001306061.xlsx
09,092169,下野市,kofu_bouan,10,国交省 交付決定額 防災・安全交付金,2018-04-01,2019-03-31,2018-09-03,1,年度内で最後の交付決定日(交付決定がない年度は年度末)。値は年度合計(変更減額を含む),,254655.0,千円,,,-134855.0,-0.3462170419244692,減少,2018-04-01,2018-09-03,,https://www.mlit.go.jp/common/001288716.xlsx
09,092169,下野市,kofu_bouan,10,国交省 交付決定額 防災・安全交付金,2019-04-01,2020-03-31,2020-03-31,1,年度内で最後の交付決定日(交付決定がない年度は年度末)。値は年度合計(変更減額を含む),,231455.0,千円,,,-23200.0,-0.09110365003632365,減少,2018-09-04,2020-03-31,,https://www.mlit.go.jp/common/001316186.xlsx
09,092169,下野市,kofu_bouan,10,国交省 交付決定額 防災・安全交付金,2020-04-01,2021-03-31,2021-03-31,1,年度内で最後の交付決定日(交付決定がない年度は年度末)。値は年度合計(変更減額を含む),,148992.0,千円,,,-82463.0,-0.35628091853708066,減少,2020-04-01,2021-03-31,gen-tokko-2020-tokko_dec;gen-tokko-2020-tokko_march;gen-mlit-release-2021,https://www.mlit.go.jp/common/001371606.xlsx
09,092169,下野市,kofu_bouan,10,国交省 交付決定額 防災・安全交付金,2021-04-01,2022-03-31,2022-03-31,1,年度内で最後の交付決定日(交付決定がない年度は年度末)。値は年度合計(変更減額を含む),,113615.0,千円,,,-35377.0,-0.23744227878006874,減少,2021-04-01,2022-03-31,gen-election-shugiin_20211031_smd_09_1;gen-election-shugiin_20211031_smd_09_4;gen-tokko-2021-tokko_dec;gen-tokko-2021-tokko_march;gen-mlit-release-2022,https://www.mlit.go.jp/common/001579064.xlsx
09,092169,下野市,kofu_bouan,10,国交省 交付決定額 防災・安全交付金,2022-04-01,2023-03-31,2023-03-31,1,年度内で最後の交付決定日(交付決定がない年度は年度末)。値は年度合計(変更減額を含む),,180276.0,千円,,,66661.0,0.5867271046956828,増加,2022-04-01,2023-03-31,gen-election-sangiin_20220710_smd_09_1;gen-tokko-2022-tokko_dec;gen-tokko-2022-tokko_march;gen-mlit-release-2023,https://www.mlit.go.jp/common/001426909.xlsx
09,092169,下野市,kofu_bouan,10,国交省 交付決定額 防災・安全交付金,2023-04-01,2024-03-31,2023-08-18,1,年度内で最後の交付決定日(交付決定がない年度は年度末)。値は年度合計(変更減額を含む),,280788.0,千円,,,100512.0,0.5575450975171404,増加,2023-04-01,2023-08-18,,https://www.mlit.go.jp/page/content/001708175.xlsx
09,092169,下野市,kofu_bouan,10,国交省 交付決定額 防災・安全交付金,2024-04-01,2025-03-31,2025-02-18,1,年度内で最後の交付決定日(交付決定がない年度は年度末)。値は年度合計(変更減額を含む),,397617.0,千円,,,116829.0,0.41607547331082523,増加,2023-08-19,2025-02-18,gen-tokko-2023-tokko_dec;gen-tokko-2023-tokko_march;gen-mlit-release-2024;gen-election-shugiin_20241027_smd_09_4;gen-tokko-2024-tokko_dec,https://www.mlit.go.jp/page/content/001842591.xlsx
09,092169,下野市,kofu_bouan,10,国交省 交付決定額 防災・安全交付金,2025-04-01,2026-03-31,2026-03-09,1,年度内で最後の交付決定日(交付決定がない年度は年度末)。値は年度合計(変更減額を含む),,412099.0,千円,,,14482.0,0.036421983969498285,横ばい,2025-02-19,2026-03-09,gen-tokko-2024-tokko_march;gen-mlit-release-2025;gen-election-sangiin_20250720_smd_09_1;gen-tokko-2025-tokko_dec;gen-election-shugiin_20260208_smd_09_4;gen-cabinet-2026-02-18;gen-position-motegi_toshimitsu-外務大臣-2026-02-18,https://www.mlit.go.jp/page/content/001969014.xlsx
09,092169,下野市,kofu_road,10,国交省 交付決定額 道路関係の補助,2017-04-01,2018-03-31,2018-03-31,1,年度内で最後の交付決定日(交付決定がない年度は年度末)。値は年度合計(変更減額を含む),,0.0,千円,,,,,未取得,,,,https://www.mlit.go.jp/common/001234557.xlsx
09,092169,下野市,kofu_road,10,国交省 交付決定額 道路関係の補助,2018-04-01,2019-03-31,2019-03-31,1,年度内で最後の交付決定日(交付決定がない年度は年度末)。値は年度合計(変更減額を含む),,0.0,千円,,,0.0,,未取得,2018-04-01,2019-03-31,,https://www.mlit.go.jp/common/001260897.xlsx
09,092169,下野市,kofu_road,10,国交省 交付決定額 道路関係の補助,2019-04-01,2020-03-31,2020-03-31,1,年度内で最後の交付決定日(交付決定がない年度は年度末)。値は年度合計(変更減額を含む),,22000.0,千円,,,22000.0,,未取得,2019-04-01,2020-03-31,,https://www.mlit.go.jp/common/001316175.xlsx
09,092169,下野市,kofu_road,10,国交省 交付決定額 道路関係の補助,2020-04-01,2021-03-31,2021-03-31,1,年度内で最後の交付決定日(交付決定がない年度は年度末)。値は年度合計(変更減額を含む),,118350.0,千円,,,96350.0,4.379545454545455,増加,2020-04-01,2021-03-31,gen-tokko-2020-tokko_dec;gen-tokko-2020-tokko_march;gen-mlit-release-2021,https://www.mlit.go.jp/common/001371629.xlsx
09,092169,下野市,kofu_road,10,国交省 交付決定額 道路関係の補助,2021-04-01,2022-03-31,2021-12-24,1,年度内で最後の交付決定日(交付決定がない年度は年度末)。値は年度合計(変更減額を含む),,46018.0,千円,,,-72332.0,-0.6111702577101816,減少,2021-04-01,2021-12-24,gen-election-shugiin_20211031_smd_09_1;gen-election-shugiin_20211031_smd_09_4;gen-tokko-2021-tokko_dec,https://www.mlit.go.jp/common/001579051.xlsx
09,092169,下野市,kofu_road,10,国交省 交付決定額 道路関係の補助,2022-04-01,2023-03-31,2022-06-17,1,年度内で最後の交付決定日(交付決定がない年度は年度末)。値は年度合計(変更減額を含む),,75132.0,千円,,,29114.0,0.632665478725716,増加,2021-12-25,2022-06-17,gen-tokko-2021-tokko_march;gen-mlit-release-2022,https://www.mlit.go.jp/common/001426897.xlsx
09,092169,下野市,kofu_road,10,国交省 交付決定額 道路関係の補助,2023-04-01,2024-03-31,2024-01-26,1,年度内で最後の交付決定日(交付決定がない年度は年度末)。値は年度合計(変更減額を含む),,63798.0,千円,,,-11334.0,-0.15085449608688709,減少,2022-06-18,2024-01-26,gen-election-sangiin_20220710_smd_09_1;gen-tokko-2022-tokko_dec;gen-tokko-2022-tokko_march;gen-mlit-release-2023;gen-tokko-2023-tokko_dec,https://www.mlit.go.jp/page/content/001708164.xlsx
09,092169,下野市,kofu_road,10,国交省 交付決定額 道路関係の補助,2024-04-01,2025-03-31,2025-01-24,1,年度内で最後の交付決定日(交付決定がない年度は年度末)。値は年度合計(変更減額を含む),,88861.0,千円,,,25063.0,0.39284930562086584,増加,2024-01-27,2025-01-24,gen-tokko-2023-tokko_march;gen-mlit-release-2024;gen-election-shugiin_20241027_smd_09_4;gen-tokko-2024-tokko_dec,https://www.mlit.go.jp/page/content/001889202.xlsx
09,092169,下野市,kofu_road,10,国交省 交付決定額 道路関係の補助,2025-04-01,2026-03-31,2026-01-23,1,年度内で最後の交付決定日(交付決定がない年度は年度末)。値は年度合計(変更減額を含む),,101815.0,千円,,,12954.0,0.14577823792214809,増加,2025-01-25,2026-01-23,gen-tokko-2024-tokko_march;gen-mlit-release-2025;gen-election-sangiin_20250720_smd_09_1;gen-tokko-2025-tokko_dec,https://www.mlit.go.jp/page/content/001969000.xlsx
09,093017,上三川町,card_kokko,1,国庫支出金(決算),2020-04-01,2021-03-31,2021-03-31,0,決算(年度末),,5176107.0,千円,,,,,未取得,,,,https://www.soumu.go.jp/main_content/000804135.xlsx
09,093017,上三川町,card_kokko,1,国庫支出金(決算),2021-04-01,2022-03-31,2022-03-31,0,決算(年度末),,2536612.0,千円,,,-2639495.0,-0.5099382605498689,減少,2021-04-01,2022-03-31,gen-election-shugiin_20211031_smd_09_1;gen-tokko-2021-tokko_dec;gen-tokko-2021-tokko_march;gen-mlit-release-2022,https://www.soumu.go.jp/main_content/000873399.xlsx
09,093017,上三川町,card_kokko,1,国庫支出金(決算),2022-04-01,2023-03-31,2023-03-31,0,決算(年度末),,2031310.0,千円,,,-505302.0,-0.1992035045170487,減少,2022-04-01,2023-03-31,gen-election-sangiin_20220710_smd_09_1;gen-tokko-2022-tokko_dec;gen-tokko-2022-tokko_march;gen-mlit-release-2023,https://www.soumu.go.jp/main_content/000937050.xlsx
09,093017,上三川町,card_kokko,1,国庫支出金(決算),2023-04-01,2024-03-31,2024-03-31,0,決算(年度末),,2514419.0,千円,,,483109.0,0.23783125175379435,増加,2023-04-01,2024-03-31,gen-tokko-2023-tokko_dec;gen-tokko-2023-tokko_march,https://www.soumu.go.jp/main_content/000998938.xlsx
09,093017,上三川町,card_kokko,1,国庫支出金(決算),2024-04-01,2025-03-31,2025-03-31,0,決算(年度末),,2136772.0,千円,,,-377647.0,-0.1501925494517819,減少,2024-04-01,2025-03-31,gen-mlit-release-2024;gen-election-shugiin_20241027_smd_09_1;gen-tokko-2024-tokko_dec;gen-tokko-2024-tokko_march,https://www.soumu.go.jp/main_content/001063963.xlsx
09,093017,上三川町,card_pref,2,県支出金(決算),2020-04-01,2021-03-31,2021-03-31,0,決算(年度末),,980003.0,千円,,,,,未取得,,,,https://www.soumu.go.jp/main_content/000804135.xlsx
09,093017,上三川町,card_pref,2,県支出金(決算),2021-04-01,2022-03-31,2022-03-31,0,決算(年度末),,860768.0,千円,,,-119235.0,-0.12166799489389318,減少,2021-04-01,2022-03-31,gen-election-shugiin_20211031_smd_09_1;gen-tokko-2021-tokko_dec;gen-tokko-2021-tokko_march;gen-mlit-release-2022,https://www.soumu.go.jp/main_content/000873399.xlsx
09,093017,上三川町,card_pref,2,県支出金(決算),2022-04-01,2023-03-31,2023-03-31,0,決算(年度末),,915618.0,千円,,,54850.0,0.06372216439272835,増加,2022-04-01,2023-03-31,gen-election-sangiin_20220710_smd_09_1;gen-tokko-2022-tokko_dec;gen-tokko-2022-tokko_march;gen-mlit-release-2023,https://www.soumu.go.jp/main_content/000937050.xlsx
09,093017,上三川町,card_pref,2,県支出金(決算),2023-04-01,2024-03-31,2024-03-31,0,決算(年度末),,923297.0,千円,,,7679.0,0.008386685277047851,横ばい,2023-04-01,2024-03-31,gen-tokko-2023-tokko_dec;gen-tokko-2023-tokko_march,https://www.soumu.go.jp/main_content/000998938.xlsx
09,093017,上三川町,card_pref,2,県支出金(決算),2024-04-01,2025-03-31,2025-03-31,0,決算(年度末),,1009217.0,千円,,,85920.0,0.09305781346630608,増加,2024-04-01,2025-03-31,gen-mlit-release-2024;gen-election-shugiin_20241027_smd_09_1;gen-tokko-2024-tokko_dec;gen-tokko-2024-tokko_march,https://www.soumu.go.jp/main_content/001063963.xlsx
09,093017,上三川町,tokko_dec,3a,特別交付税 12月分,2020-04-01,2021-03-31,2020-12-08,0,交付決定日(報道発表),2020-12-08,,千円,,報道発表に町村の個別額なし(都道府県計のみ),,,未取得,,,,https://www.soumu.go.jp/main_content/000721607.pdf
09,093017,上三川町,tokko_dec,3a,特別交付税 12月分,2021-04-01,2022-03-31,2021-12-03,0,交付決定日(報道発表),2021-12-03,,千円,,報道発表に町村の個別額なし(都道府県計のみ),,,未取得,2020-12-09,2021-12-03,gen-tokko-2020-tokko_march;gen-mlit-release-2021;gen-election-shugiin_20211031_smd_09_1;gen-tokko-2021-tokko_dec,https://www.soumu.go.jp/main_content/000780948.pdf
09,093017,上三川町,tokko_dec,3a,特別交付税 12月分,2022-04-01,2023-03-31,2022-12-13,0,交付決定日(報道発表),2022-12-13,,千円,,報道発表に町村の個別額なし(都道府県計のみ),,,未取得,2021-12-04,2022-12-13,gen-tokko-2021-tokko_march;gen-mlit-release-2022;gen-election-sangiin_20220710_smd_09_1;gen-tokko-2022-tokko_dec,https://www.soumu.go.jp/main_content/000850537.pdf
09,093017,上三川町,tokko_dec,3a,特別交付税 12月分,2023-04-01,2024-03-31,2023-12-12,0,交付決定日(報道発表),2023-12-12,,千円,,報道発表に町村の個別額なし(都道府県計のみ),,,未取得,2022-12-14,2023-12-12,gen-tokko-2022-tokko_march;gen-mlit-release-2023;gen-tokko-2023-tokko_dec,https://www.soumu.go.jp/main_content/000916643.pdf
09,093017,上三川町,tokko_dec,3a,特別交付税 12月分,2024-04-01,2025-03-31,2024-12-20,0,交付決定日(報道発表),2024-12-20,,千円,,報道発表に町村の個別額なし(都道府県計のみ),,,未取得,2023-12-13,2024-12-20,gen-tokko-2023-tokko_march;gen-mlit-release-2024;gen-election-shugiin_20241027_smd_09_1;gen-tokko-2024-tokko_dec,https://www.soumu.go.jp/main_content/000983129.pdf
09,093017,上三川町,tokko_dec,3a,特別交付税 12月分,2025-04-01,2026-03-31,2025-12-19,0,交付決定日(報道発表),2025-12-19,,千円,,報道発表に町村の個別額なし(都道府県計のみ),,,未取得,2024-12-21,2025-12-19,gen-tokko-2024-tokko_march;gen-mlit-release-2025;gen-election-sangiin_20250720_smd_09_1;gen-tokko-2025-tokko_dec,https://www.soumu.go.jp/main_content/001046667.pdf
09,093017,上三川町,tokko_march,3b,特別交付税 3月分,2020-04-01,2021-03-31,2021-03-19,0,交付決定日(報道発表),2021-03-19,,千円,,報道発表に町村の個別額なし(都道府県計のみ),,,未取得,,,,https://www.soumu.go.jp/main_content/000738961.pdf
09,093017,上三川町,tokko_march,3b,特別交付税 3月分,2021-04-01,2022-03-31,2022-03-18,0,交付決定日(報道発表),2022-03-18,,千円,,報道発表に町村の個別額なし(都道府県計のみ),,,未取得,2021-03-20,2022-03-18,gen-mlit-release-2021;gen-election-shugiin_20211031_smd_09_1;gen-tokko-2021-tokko_dec;gen-tokko-2021-tokko_march,https://www.soumu.go.jp/main_content/000799619.pdf
09,093017,上三川町,tokko_march,3b,特別交付税 3月分,2022-04-01,2023-03-31,2023-03-22,0,交付決定日(報道発表),2023-03-22,,千円,,報道発表に町村の個別額なし(都道府県計のみ),,,未取得,2022-03-19,2023-03-22,gen-mlit-release-2022;gen-election-sangiin_20220710_smd_09_1;gen-tokko-2022-tokko_dec;gen-tokko-2022-tokko_march,https://www.soumu.go.jp/main_content/000869990.pdf
09,093017,上三川町,tokko_march,3b,特別交付税 3月分,2023-04-01,2024-03-31,2024-03-22,0,交付決定日(報道発表),2024-03-22,,千円,,報道発表に町村の個別額なし(都道府県計のみ),,,未取得,2023-03-23,2024-03-22,gen-mlit-release-2023;gen-tokko-2023-tokko_dec;gen-tokko-2023-tokko_march,https://www.soumu.go.jp/main_content/000997045.pdf
09,093017,上三川町,tokko_march,3b,特別交付税 3月分,2024-04-01,2025-03-31,2025-03-21,0,交付決定日(報道発表),2025-03-21,,千円,,報道発表に町村の個別額なし(都道府県計のみ),,,未取得,2024-03-23,2025-03-21,gen-mlit-release-2024;gen-election-shugiin_20241027_smd_09_1;gen-tokko-2024-tokko_dec;gen-tokko-2024-tokko_march,https://www.soumu.go.jp/main_content/000998441.pdf
09,093017,上三川町,tokko_march,3b,特別交付税 3月分,2025-04-01,2026-03-31,2026-03-17,0,交付決定日(報道発表),2026-03-17,,千円,,報道発表に町村の個別額なし(都道府県計のみ),,,未取得,2025-03-22,2026-03-17,gen-mlit-release-2025;gen-election-sangiin_20250720_smd_09_1;gen-tokko-2025-tokko_dec;gen-election-shugiin_20260208_smd_09_1;gen-cabinet-2026-02-18;gen-position-motegi_toshimitsu-外務大臣-2026-02-18;gen-tokko-2025-tokko_march,https://www.soumu.go.jp/main_content/001061260.pdf
09,093017,上三川町,mlit_sole_grants,4,社総交・防安交 単独策定主体の国費,2021-04-01,2022-03-31,2021-03-30,1,当初配分の報道発表日を代用(交付決定日は未公表),2021-03-30,0.0,千円,0,,,,未取得,,,,https://www.mlit.go.jp/common/001396522.pdf
09,093017,上三川町,mlit_sole_grants,4,社総交・防安交 単独策定主体の国費,2022-04-01,2023-03-31,2022-03-25,1,当初配分の報道発表日を代用(交付決定日は未公表),2022-03-25,17500.0,千円,1,,17500.0,,未取得,2021-03-31,2022-03-25,gen-election-shugiin_20211031_smd_09_1;gen-tokko-2021-tokko_dec;gen-tokko-2021-tokko_march;gen-mlit-release-2022,https://www.mlit.go.jp/page/content/001472731.pdf
09,093017,上三川町,mlit_sole_grants,4,社総交・防安交 単独策定主体の国費,2023-04-01,2024-03-31,2023-03-31,1,当初配分の報道発表日を代用(交付決定日は未公表),2023-03-31,29500.0,千円,2,,12000.0,0.6857142857142857,増加,2022-03-26,2023-03-31,gen-election-sangiin_20220710_smd_09_1;gen-tokko-2022-tokko_dec;gen-tokko-2022-tokko_march;gen-mlit-release-2023,https://www.mlit.go.jp/page/content/001596924.pdf
09,093017,上三川町,mlit_sole_grants,4,社総交・防安交 単独策定主体の国費,2024-04-01,2025-03-31,2024-04-01,1,当初配分の報道発表日を代用(交付決定日は未公表),2024-04-01,39900.0,千円,2,,10400.0,0.3525423728813559,増加,2023-04-01,2024-04-01,gen-tokko-2023-tokko_dec;gen-tokko-2023-tokko_march;gen-mlit-release-2024,https://www.mlit.go.jp/page/content/001735005.pdf
09,093017,上三川町,mlit_sole_grants,4,社総交・防安交 単独策定主体の国費,2025-04-01,2026-03-31,2025-04-01,1,当初配分の報道発表日を代用(交付決定日は未公表),2025-04-01,29400.0,千円,2,,-10500.0,-0.2631578947368421,減少,2024-04-02,2025-04-01,gen-election-shugiin_20241027_smd_09_1;gen-tokko-2024-tokko_dec;gen-tokko-2024-tokko_march;gen-mlit-release-2025,https://www.mlit.go.jp/page/content/001879738.pdf
09,093017,上三川町,mlit_sole_grants,4,社総交・防安交 単独策定主体の国費,2026-04-01,2027-03-31,2026-04-07,1,当初配分の報道発表日を代用(交付決定日は未公表),2026-04-07,42350.0,千円,2,,12950.0,0.44047619047619047,増加,2025-04-02,2026-04-07,gen-election-sangiin_20250720_smd_09_1;gen-tokko-2025-tokko_dec;gen-election-shugiin_20260208_smd_09_1;gen-cabinet-2026-02-18;gen-position-motegi_toshimitsu-外務大臣-2026-02-18;gen-tokko-2025-tokko_march;gen-mlit-release-2026,https://www.mlit.go.jp/page/content/001994561.pdf
09,093017,上三川町,mlit_road,5,道路局箇所表 事業主体=当該市町の国費,2021-04-01,2022-03-31,2021-03-30,1,当初配分の報道発表日を代用(交付決定日は未公表),2021-03-30,24000.0,千円,2,,,,未取得,,,,https://www.mlit.go.jp/common/001396522.pdf
09,093017,上三川町,mlit_road,5,道路局箇所表 事業主体=当該市町の国費,2022-04-01,2023-03-31,2022-03-25,1,当初配分の報道発表日を代用(交付決定日は未公表),2022-03-25,69000.0,千円,1,,45000.0,1.875,増加,2021-03-31,2022-03-25,gen-election-shugiin_20211031_smd_09_1;gen-tokko-2021-tokko_dec;gen-tokko-2021-tokko_march;gen-mlit-release-2022,https://www.mlit.go.jp/page/content/001472731.pdf
09,093017,上三川町,mlit_road,5,道路局箇所表 事業主体=当該市町の国費,2023-04-01,2024-03-31,2023-03-31,1,当初配分の報道発表日を代用(交付決定日は未公表),2023-03-31,63000.0,千円,2,,-6000.0,-0.08695652173913043,減少,2022-03-26,2023-03-31,gen-election-sangiin_20220710_smd_09_1;gen-tokko-2022-tokko_dec;gen-tokko-2022-tokko_march;gen-mlit-release-2023,https://www.mlit.go.jp/page/content/001596924.pdf
09,093017,上三川町,mlit_road,5,道路局箇所表 事業主体=当該市町の国費,2024-04-01,2025-03-31,2024-04-01,1,当初配分の報道発表日を代用(交付決定日は未公表),2024-04-01,98000.0,千円,1,,35000.0,0.5555555555555556,増加,2023-04-01,2024-04-01,gen-tokko-2023-tokko_dec;gen-tokko-2023-tokko_march;gen-mlit-release-2024,https://www.mlit.go.jp/page/content/001735005.pdf
09,093017,上三川町,mlit_road,5,道路局箇所表 事業主体=当該市町の国費,2025-04-01,2026-03-31,2025-04-01,1,当初配分の報道発表日を代用(交付決定日は未公表),2025-04-01,95000.0,千円,1,,-3000.0,-0.030612244897959183,横ばい,2024-04-02,2025-04-01,gen-election-shugiin_20241027_smd_09_1;gen-tokko-2024-tokko_dec;gen-tokko-2024-tokko_march;gen-mlit-release-2025,https://www.mlit.go.jp/page/content/001879738.pdf
09,093017,上三川町,mlit_road,5,道路局箇所表 事業主体=当該市町の国費,2026-04-01,2027-03-31,2026-04-07,1,当初配分の報道発表日を代用(交付決定日は未公表),2026-04-07,65000.0,千円,1,,-30000.0,-0.3157894736842105,減少,2025-04-02,2026-04-07,gen-election-sangiin_20250720_smd_09_1;gen-tokko-2025-tokko_dec;gen-election-shugiin_20260208_smd_09_1;gen-cabinet-2026-02-18;gen-position-motegi_toshimitsu-外務大臣-2026-02-18;gen-tokko-2025-tokko_march;gen-mlit-release-2026,https://www.mlit.go.jp/page/content/001994561.pdf
09,093017,上三川町,e_kokko,6,国庫支出金 計(決算、地方財政状況調査),2020-04-01,2021-03-31,2021-03-31,0,決算(年度末),,5176107.0,千円,,,,,未取得,,,,https://www.e-stat.go.jp/stat-search/file-download?statInfId=000032188698&fileKind=1
09,093017,上三川町,e_kokko,6,国庫支出金 計(決算、地方財政状況調査),2021-04-01,2022-03-31,2022-03-31,0,決算(年度末),,2536612.0,千円,,,-2639495.0,-0.5099382605498689,減少,2021-04-01,2022-03-31,gen-election-shugiin_20211031_smd_09_1;gen-tokko-2021-tokko_dec;gen-tokko-2021-tokko_march;gen-mlit-release-2022,https://www.e-stat.go.jp/stat-search/file-download?statInfId=000040044921&fileKind=1
09,093017,上三川町,e_kokko,6,国庫支出金 計(決算、地方財政状況調査),2022-04-01,2023-03-31,2023-03-31,0,決算(年度末),,2031310.0,千円,,,-505302.0,-0.1992035045170487,減少,2022-04-01,2023-03-31,gen-election-sangiin_20220710_smd_09_1;gen-tokko-2022-tokko_dec;gen-tokko-2022-tokko_march;gen-mlit-release-2023,https://www.e-stat.go.jp/stat-search/file-download?statInfId=000040171702&fileKind=1
09,093017,上三川町,e_kokko,6,国庫支出金 計(決算、地方財政状況調査),2023-04-01,2024-03-31,2024-03-31,0,決算(年度末),,2514419.0,千円,,,483109.0,0.23783125175379435,増加,2023-04-01,2024-03-31,gen-tokko-2023-tokko_dec;gen-tokko-2023-tokko_march,https://www.e-stat.go.jp/stat-search/file-download?statInfId=000040231591&fileKind=1
09,093017,上三川町,e_kokko,6,国庫支出金 計(決算、地方財政状況調査),2024-04-01,2025-03-31,2025-03-31,0,決算(年度末),,2136772.0,千円,,,-377647.0,-0.1501925494517819,減少,2024-04-01,2025-03-31,gen-mlit-release-2024;gen-election-shugiin_20241027_smd_09_1;gen-tokko-2024-tokko_dec;gen-tokko-2024-tokko_march,https://www.e-stat.go.jp/stat-search/file-download?statInfId=000040375638&fileKind=1
09,093017,上三川町,e_kokko_futsuken,6,国庫支出金のうち普通建設事業費支出金(決算),2020-04-01,2021-03-31,2021-03-31,0,決算(年度末),,158758.0,千円,,,,,未取得,,,,https://www.e-stat.go.jp/stat-search/file-download?statInfId=000032188698&fileKind=1
09,093017,上三川町,e_kokko_futsuken,6,国庫支出金のうち普通建設事業費支出金(決算),2021-04-01,2022-03-31,2022-03-31,0,決算(年度末),,22073.0,千円,,,-136685.0,-0.8609644868290102,減少,2021-04-01,2022-03-31,gen-election-shugiin_20211031_smd_09_1;gen-tokko-2021-tokko_dec;gen-tokko-2021-tokko_march;gen-mlit-release-2022,https://www.e-stat.go.jp/stat-search/file-download?statInfId=000040044921&fileKind=1
09,093017,上三川町,e_kokko_futsuken,6,国庫支出金のうち普通建設事業費支出金(決算),2022-04-01,2023-03-31,2023-03-31,0,決算(年度末),,74642.0,千円,,,52569.0,2.3815974267204276,増加,2022-04-01,2023-03-31,gen-election-sangiin_20220710_smd_09_1;gen-tokko-2022-tokko_dec;gen-tokko-2022-tokko_march;gen-mlit-release-2023,https://www.e-stat.go.jp/stat-search/file-download?statInfId=000040171702&fileKind=1
09,093017,上三川町,e_kokko_futsuken,6,国庫支出金のうち普通建設事業費支出金(決算),2023-04-01,2024-03-31,2024-03-31,0,決算(年度末),,58192.0,千円,,,-16450.0,-0.2203853058599716,減少,2023-04-01,2024-03-31,gen-tokko-2023-tokko_dec;gen-tokko-2023-tokko_march,https://www.e-stat.go.jp/stat-search/file-download?statInfId=000040231591&fileKind=1
09,093017,上三川町,e_kokko_futsuken,6,国庫支出金のうち普通建設事業費支出金(決算),2024-04-01,2025-03-31,2025-03-31,0,決算(年度末),,24804.0,千円,,,-33388.0,-0.5737558427275227,減少,2024-04-01,2025-03-31,gen-mlit-release-2024;gen-election-shugiin_20241027_smd_09_1;gen-tokko-2024-tokko_dec;gen-tokko-2024-tokko_march,https://www.e-stat.go.jp/stat-search/file-download?statInfId=000040375638&fileKind=1
09,093017,上三川町,e_kokko_saigai,6,国庫支出金のうち災害復旧事業費支出金(決算),2020-04-01,2021-03-31,2021-03-31,0,決算(年度末),,1871.0,千円,,,,,未取得,,,,https://www.e-stat.go.jp/stat-search/file-download?statInfId=000032188698&fileKind=1
09,093017,上三川町,e_kokko_saigai,6,国庫支出金のうち災害復旧事業費支出金(決算),2021-04-01,2022-03-31,2022-03-31,0,決算(年度末),,0.0,千円,,,-1871.0,-1.0,減少,2021-04-01,2022-03-31,gen-election-shugiin_20211031_smd_09_1;gen-tokko-2021-tokko_dec;gen-tokko-2021-tokko_march;gen-mlit-release-2022,https://www.e-stat.go.jp/stat-search/file-download?statInfId=000040044921&fileKind=1
09,093017,上三川町,e_kokko_saigai,6,国庫支出金のうち災害復旧事業費支出金(決算),2022-04-01,2023-03-31,2023-03-31,0,決算(年度末),,0.0,千円,,,0.0,,未取得,2022-04-01,2023-03-31,gen-election-sangiin_20220710_smd_09_1;gen-tokko-2022-tokko_dec;gen-tokko-2022-tokko_march;gen-mlit-release-2023,https://www.e-stat.go.jp/stat-search/file-download?statInfId=000040171702&fileKind=1
09,093017,上三川町,e_kokko_saigai,6,国庫支出金のうち災害復旧事業費支出金(決算),2023-04-01,2024-03-31,2024-03-31,0,決算(年度末),,0.0,千円,,,0.0,,未取得,2023-04-01,2024-03-31,gen-tokko-2023-tokko_dec;gen-tokko-2023-tokko_march,https://www.e-stat.go.jp/stat-search/file-download?statInfId=000040231591&fileKind=1
09,093017,上三川町,e_kokko_saigai,6,国庫支出金のうち災害復旧事業費支出金(決算),2024-04-01,2025-03-31,2025-03-31,0,決算(年度末),,0.0,千円,,,0.0,,未取得,2024-04-01,2025-03-31,gen-mlit-release-2024;gen-election-shugiin_20241027_smd_09_1;gen-tokko-2024-tokko_dec;gen-tokko-2024-tokko_march,https://www.e-stat.go.jp/stat-search/file-download?statInfId=000040375638&fileKind=1
09,093017,上三川町,e_kokko_shasoukou,6,国庫支出金のうち社会資本整備総合交付金(決算),2020-04-01,2021-03-31,2021-03-31,0,決算(年度末),,157313.0,千円,,,,,未取得,,,,https://www.e-stat.go.jp/stat-search/file-download?statInfId=000032188698&fileKind=1
09,093017,上三川町,e_kokko_shasoukou,6,国庫支出金のうち社会資本整備総合交付金(決算),2021-04-01,2022-03-31,2022-03-31,0,決算(年度末),,167004.0,千円,,,9691.0,0.06160330042653817,増加,2021-04-01,2022-03-31,gen-election-shugiin_20211031_smd_09_1;gen-tokko-2021-tokko_dec;gen-tokko-2021-tokko_march;gen-mlit-release-2022,https://www.e-stat.go.jp/stat-search/file-download?statInfId=000040044921&fileKind=1
09,093017,上三川町,e_kokko_shasoukou,6,国庫支出金のうち社会資本整備総合交付金(決算),2022-04-01,2023-03-31,2023-03-31,0,決算(年度末),,90262.0,千円,,,-76742.0,-0.45952192761850014,減少,2022-04-01,2023-03-31,gen-election-sangiin_20220710_smd_09_1;gen-tokko-2022-tokko_dec;gen-tokko-2022-tokko_march;gen-mlit-release-2023,https://www.e-stat.go.jp/stat-search/file-download?statInfId=000040171702&fileKind=1
09,093017,上三川町,e_kokko_shasoukou,6,国庫支出金のうち社会資本整備総合交付金(決算),2023-04-01,2024-03-31,2024-03-31,0,決算(年度末),,104357.0,千円,,,14095.0,0.15615652212448206,増加,2023-04-01,2024-03-31,gen-tokko-2023-tokko_dec;gen-tokko-2023-tokko_march,https://www.e-stat.go.jp/stat-search/file-download?statInfId=000040231591&fileKind=1
09,093017,上三川町,e_kokko_shasoukou,6,国庫支出金のうち社会資本整備総合交付金(決算),2024-04-01,2025-03-31,2025-03-31,0,決算(年度末),,110037.0,千円,,,5680.0,0.05442854815680788,増加,2024-04-01,2025-03-31,gen-mlit-release-2024;gen-election-shugiin_20241027_smd_09_1;gen-tokko-2024-tokko_dec;gen-tokko-2024-tokko_march,https://www.e-stat.go.jp/stat-search/file-download?statInfId=000040375638&fileKind=1
09,093017,上三川町,e_pref,6,都道府県支出金 計(決算),2020-04-01,2021-03-31,2021-03-31,0,決算(年度末),,980003.0,千円,,,,,未取得,,,,https://www.e-stat.go.jp/stat-search/file-download?statInfId=000032188698&fileKind=1
09,093017,上三川町,e_pref,6,都道府県支出金 計(決算),2021-04-01,2022-03-31,2022-03-31,0,決算(年度末),,860768.0,千円,,,-119235.0,-0.12166799489389318,減少,2021-04-01,2022-03-31,gen-election-shugiin_20211031_smd_09_1;gen-tokko-2021-tokko_dec;gen-tokko-2021-tokko_march;gen-mlit-release-2022,https://www.e-stat.go.jp/stat-search/file-download?statInfId=000040044921&fileKind=1
09,093017,上三川町,e_pref,6,都道府県支出金 計(決算),2022-04-01,2023-03-31,2023-03-31,0,決算(年度末),,915618.0,千円,,,54850.0,0.06372216439272835,増加,2022-04-01,2023-03-31,gen-election-sangiin_20220710_smd_09_1;gen-tokko-2022-tokko_dec;gen-tokko-2022-tokko_march;gen-mlit-release-2023,https://www.e-stat.go.jp/stat-search/file-download?statInfId=000040171702&fileKind=1
09,093017,上三川町,e_pref,6,都道府県支出金 計(決算),2023-04-01,2024-03-31,2024-03-31,0,決算(年度末),,923297.0,千円,,,7679.0,0.008386685277047851,横ばい,2023-04-01,2024-03-31,gen-tokko-2023-tokko_dec;gen-tokko-2023-tokko_march,https://www.e-stat.go.jp/stat-search/file-download?statInfId=000040231591&fileKind=1
09,093017,上三川町,e_pref,6,都道府県支出金 計(決算),2024-04-01,2025-03-31,2025-03-31,0,決算(年度末),,1009217.0,千円,,,85920.0,0.09305781346630608,増加,2024-04-01,2025-03-31,gen-mlit-release-2024;gen-election-shugiin_20241027_smd_09_1;gen-tokko-2024-tokko_dec;gen-tokko-2024-tokko_march,https://www.e-stat.go.jp/stat-search/file-download?statInfId=000040375638&fileKind=1
09,093017,上三川町,e_futsu,6,普通交付税(決算),2020-04-01,2021-03-31,2021-03-31,0,決算(年度末),,106367.0,千円,,,,,未取得,,,,https://www.e-stat.go.jp/stat-search/file-download?statInfId=000032188698&fileKind=1
09,093017,上三川町,e_futsu,6,普通交付税(決算),2021-04-01,2022-03-31,2022-03-31,0,決算(年度末),,422885.0,千円,,,316518.0,2.9757161525661155,増加,2021-04-01,2022-03-31,gen-election-shugiin_20211031_smd_09_1;gen-tokko-2021-tokko_dec;gen-tokko-2021-tokko_march;gen-mlit-release-2022,https://www.e-stat.go.jp/stat-search/file-download?statInfId=000040044921&fileKind=1
09,093017,上三川町,e_futsu,6,普通交付税(決算),2022-04-01,2023-03-31,2023-03-31,0,決算(年度末),,332849.0,千円,,,-90036.0,-0.21290894687681047,減少,2022-04-01,2023-03-31,gen-election-sangiin_20220710_smd_09_1;gen-tokko-2022-tokko_dec;gen-tokko-2022-tokko_march;gen-mlit-release-2023,https://www.e-stat.go.jp/stat-search/file-download?statInfId=000040171702&fileKind=1
09,093017,上三川町,e_futsu,6,普通交付税(決算),2023-04-01,2024-03-31,2024-03-31,0,決算(年度末),,386128.0,千円,,,53279.0,0.16006958110134026,増加,2023-04-01,2024-03-31,gen-tokko-2023-tokko_dec;gen-tokko-2023-tokko_march,https://www.e-stat.go.jp/stat-search/file-download?statInfId=000040231591&fileKind=1
09,093017,上三川町,e_futsu,6,普通交付税(決算),2024-04-01,2025-03-31,2025-03-31,0,決算(年度末),,550717.0,千円,,,164589.0,0.4262550242406663,増加,2024-04-01,2025-03-31,gen-mlit-release-2024;gen-election-shugiin_20241027_smd_09_1;gen-tokko-2024-tokko_dec;gen-tokko-2024-tokko_march,https://www.e-stat.go.jp/stat-search/file-download?statInfId=000040375638&fileKind=1
09,093017,上三川町,e_tokko,6,特別交付税(決算),2020-04-01,2021-03-31,2021-03-31,0,決算(年度末),,78305.0,千円,,,,,未取得,,,,https://www.e-stat.go.jp/stat-search/file-download?statInfId=000032188698&fileKind=1
09,093017,上三川町,e_tokko,6,特別交付税(決算),2021-04-01,2022-03-31,2022-03-31,0,決算(年度末),,99979.0,千円,,,21674.0,0.2767894770448886,増加,2021-04-01,2022-03-31,gen-election-shugiin_20211031_smd_09_1;gen-tokko-2021-tokko_dec;gen-tokko-2021-tokko_march;gen-mlit-release-2022,https://www.e-stat.go.jp/stat-search/file-download?statInfId=000040044921&fileKind=1
09,093017,上三川町,e_tokko,6,特別交付税(決算),2022-04-01,2023-03-31,2023-03-31,0,決算(年度末),,107944.0,千円,,,7965.0,0.0796667300133028,増加,2022-04-01,2023-03-31,gen-election-sangiin_20220710_smd_09_1;gen-tokko-2022-tokko_dec;gen-tokko-2022-tokko_march;gen-mlit-release-2023,https://www.e-stat.go.jp/stat-search/file-download?statInfId=000040171702&fileKind=1
09,093017,上三川町,e_tokko,6,特別交付税(決算),2023-04-01,2024-03-31,2024-03-31,0,決算(年度末),,95365.0,千円,,,-12579.0,-0.11653264655747425,減少,2023-04-01,2024-03-31,gen-tokko-2023-tokko_dec;gen-tokko-2023-tokko_march,https://www.e-stat.go.jp/stat-search/file-download?statInfId=000040231591&fileKind=1
09,093017,上三川町,e_tokko,6,特別交付税(決算),2024-04-01,2025-03-31,2025-03-31,0,決算(年度末),,95292.0,千円,,,-73.0,-0.0007654799979027945,横ばい,2024-04-01,2025-03-31,gen-mlit-release-2024;gen-election-shugiin_20241027_smd_09_1;gen-tokko-2024-tokko_dec;gen-tokko-2024-tokko_march,https://www.e-stat.go.jp/stat-search/file-download?statInfId=000040375638&fileKind=1
09,093017,上三川町,e_road_kokko,7,道路橋りょう費に充当した国庫支出金(決算),2020-04-01,2021-03-31,2021-03-31,0,決算(年度末),,124435.0,千円,,,,,未取得,,,,https://www.e-stat.go.jp/stat-search/file-download?statInfId=000032188710&fileKind=1
09,093017,上三川町,e_road_kokko,7,道路橋りょう費に充当した国庫支出金(決算),2021-04-01,2022-03-31,2022-03-31,0,決算(年度末),,102168.0,千円,,,-22267.0,-0.17894483063446778,減少,2021-04-01,2022-03-31,gen-election-shugiin_20211031_smd_09_1;gen-tokko-2021-tokko_dec;gen-tokko-2021-tokko_march;gen-mlit-release-2022,https://www.e-stat.go.jp/stat-search/file-download?statInfId=000040044933&fileKind=1
09,093017,上三川町,e_road_kokko,7,道路橋りょう費に充当した国庫支出金(決算),2022-04-01,2023-03-31,2023-03-31,0,決算(年度末),,98943.0,千円,,,-3225.0,-0.03156565656565657,横ばい,2022-04-01,2023-03-31,gen-election-sangiin_20220710_smd_09_1;gen-tokko-2022-tokko_dec;gen-tokko-2022-tokko_march;gen-mlit-release-2023,https://www.e-stat.go.jp/stat-search/file-download?statInfId=000040171714&fileKind=1
09,093017,上三川町,e_road_kokko,7,道路橋りょう費に充当した国庫支出金(決算),2023-04-01,2024-03-31,2024-03-31,0,決算(年度末),,119081.0,千円,,,20138.0,0.2035313261170573,増加,2023-04-01,2024-03-31,gen-tokko-2023-tokko_dec;gen-tokko-2023-tokko_march,https://www.e-stat.go.jp/stat-search/file-download?statInfId=000040231603&fileKind=1
09,093017,上三川町,e_road_kokko,7,道路橋りょう費に充当した国庫支出金(決算),2024-04-01,2025-03-31,2025-03-31,0,決算(年度末),,97431.0,千円,,,-21650.0,-0.18180902075058153,減少,2024-04-01,2025-03-31,gen-mlit-release-2024;gen-election-shugiin_20241027_smd_09_1;gen-tokko-2024-tokko_dec;gen-tokko-2024-tokko_march,https://www.e-stat.go.jp/stat-search/file-download?statInfId=000040375650&fileKind=1
09,093017,上三川町,e_hojo_road_kokko,8,補助事業費(道路・橋りょう)の国庫支出金(決算),2020-04-01,2021-03-31,2021-03-31,0,決算(年度末),,124435.0,千円,,,,,未取得,,,,https://www.e-stat.go.jp/stat-search/file-download?statInfId=000032188732&fileKind=1
09,093017,上三川町,e_hojo_road_kokko,8,補助事業費(道路・橋りょう)の国庫支出金(決算),2021-04-01,2022-03-31,2022-03-31,0,決算(年度末),,102168.0,千円,,,-22267.0,-0.17894483063446778,減少,2021-04-01,2022-03-31,gen-election-shugiin_20211031_smd_09_1;gen-tokko-2021-tokko_dec;gen-tokko-2021-tokko_march;gen-mlit-release-2022,https://www.e-stat.go.jp/stat-search/file-download?statInfId=000040044955&fileKind=1
09,093017,上三川町,e_hojo_road_kokko,8,補助事業費(道路・橋りょう)の国庫支出金(決算),2022-04-01,2023-03-31,2023-03-31,0,決算(年度末),,98943.0,千円,,,-3225.0,-0.03156565656565657,横ばい,2022-04-01,2023-03-31,gen-election-sangiin_20220710_smd_09_1;gen-tokko-2022-tokko_dec;gen-tokko-2022-tokko_march;gen-mlit-release-2023,https://www.e-stat.go.jp/stat-search/file-download?statInfId=000040171736&fileKind=1
09,093017,上三川町,e_hojo_road_kokko,8,補助事業費(道路・橋りょう)の国庫支出金(決算),2023-04-01,2024-03-31,2024-03-31,0,決算(年度末),,119081.0,千円,,,20138.0,0.2035313261170573,増加,2023-04-01,2024-03-31,gen-tokko-2023-tokko_dec;gen-tokko-2023-tokko_march,https://www.e-stat.go.jp/stat-search/file-download?statInfId=000040231625&fileKind=1
09,093017,上三川町,e_hojo_road_kokko,8,補助事業費(道路・橋りょう)の国庫支出金(決算),2024-04-01,2025-03-31,2025-03-31,0,決算(年度末),,97431.0,千円,,,-21650.0,-0.18180902075058153,減少,2024-04-01,2025-03-31,gen-mlit-release-2024;gen-election-shugiin_20241027_smd_09_1;gen-tokko-2024-tokko_dec;gen-tokko-2024-tokko_march,https://www.e-stat.go.jp/stat-search/file-download?statInfId=000040375672&fileKind=1
09,093017,上三川町,futsu_decided,9,普通交付税 当初決定額,2021-04-01,2022-03-31,2021-08-03,0,当初決定日(算定結果の報道資料の日付),2021-08-03,185750.0,千円,,,,,未取得,,,,https://www.soumu.go.jp/main_content/000761570.xlsx
09,093017,上三川町,futsu_decided,9,普通交付税 当初決定額,2022-04-01,2023-03-31,2022-07-26,0,当初決定日(算定結果の報道資料の日付),2022-07-26,282865.0,千円,,,97115.0,0.5228263795423957,増加,2021-08-04,2022-07-26,gen-election-shugiin_20211031_smd_09_1;gen-tokko-2021-tokko_dec;gen-tokko-2021-tokko_march;gen-mlit-release-2022;gen-election-sangiin_20220710_smd_09_1,https://www.soumu.go.jp/main_content/000762090.xlsx
09,093017,上三川町,futsu_decided,9,普通交付税 当初決定額,2023-04-01,2024-03-31,2023-07-28,0,当初決定日(算定結果の報道資料の日付),2023-07-28,315715.0,千円,,,32850.0,0.11613313771587153,増加,2022-07-27,2023-07-28,gen-tokko-2022-tokko_dec;gen-tokko-2022-tokko_march;gen-mlit-release-2023,https://www.soumu.go.jp/main_content/000894237.xlsx
09,093017,上三川町,futsu_decided,9,普通交付税 当初決定額,2024-04-01,2025-03-31,2024-07-23,0,当初決定日(算定結果の報道資料の日付),2024-07-23,400278.0,千円,,,84563.0,0.2678460003484155,増加,2023-07-29,2024-07-23,gen-tokko-2023-tokko_dec;gen-tokko-2023-tokko_march;gen-mlit-release-2024,https://www.soumu.go.jp/main_content/000958553.xlsx
09,093017,上三川町,futsu_decided,9,普通交付税 当初決定額,2025-04-01,2026-03-31,2025-07-29,0,当初決定日(算定結果の報道資料の日付),2025-07-29,348594.0,千円,,,-51684.0,-0.12912026141831426,減少,2024-07-24,2025-07-29,gen-election-shugiin_20241027_smd_09_1;gen-tokko-2024-tokko_dec;gen-tokko-2024-tokko_march;gen-mlit-release-2025;gen-election-sangiin_20250720_smd_09_1,https://www.soumu.go.jp/main_content/001022466.xlsx
09,093017,上三川町,futsu_decided,9,普通交付税 当初決定額,2026-04-01,2027-03-31,2026-07-24,0,当初決定日(算定結果の報道資料の日付),2026-07-24,361034.0,千円,,,12440.0,0.0356862137615679,横ばい,2025-07-30,2026-07-24,gen-tokko-2025-tokko_dec;gen-election-shugiin_20260208_smd_09_1;gen-cabinet-2026-02-18;gen-position-motegi_toshimitsu-外務大臣-2026-02-18;gen-tokko-2025-tokko_march;gen-mlit-release-2026,https://www.soumu.go.jp/main_content/001083404.xlsx
09,093017,上三川町,kofu_total,10,国交省 交付決定額 計(年度合計),2017-04-01,2018-03-31,2018-03-31,1,年度内で最後の交付決定日(交付決定がない年度は年度末)。値は年度合計(変更減額を含む),,227826.0,千円,,,,,未取得,,,,https://www.mlit.go.jp/common/001210869.xlsx
09,093017,上三川町,kofu_total,10,国交省 交付決定額 計(年度合計),2018-04-01,2019-03-31,2018-09-03,1,年度内で最後の交付決定日(交付決定がない年度は年度末)。値は年度合計(変更減額を含む),,235003.0,千円,,,7177.0,0.03150211126034781,横ばい,2018-04-01,2018-09-03,,https://www.mlit.go.jp/common/001260907.xlsx
09,093017,上三川町,kofu_total,10,国交省 交付決定額 計(年度合計),2019-04-01,2020-03-31,2020-03-31,1,年度内で最後の交付決定日(交付決定がない年度は年度末)。値は年度合計(変更減額を含む),,314455.0,千円,,,79452.0,0.33808930098764695,増加,2018-09-04,2020-03-31,,https://www.mlit.go.jp/common/001316172.xlsx
09,093017,上三川町,kofu_total,10,国交省 交付決定額 計(年度合計),2020-04-01,2021-03-31,2021-03-31,1,年度内で最後の交付決定日(交付決定がない年度は年度末)。値は年度合計(変更減額を含む),,326096.0,千円,,,11641.0,0.03701960534893705,横ばい,2020-04-01,2021-03-31,gen-tokko-2020-tokko_dec;gen-tokko-2020-tokko_march;gen-mlit-release-2021,https://www.mlit.go.jp/common/001371589.xlsx
09,093017,上三川町,kofu_total,10,国交省 交付決定額 計(年度合計),2021-04-01,2022-03-31,2022-02-10,1,年度内で最後の交付決定日(交付決定がない年度は年度末)。値は年度合計(変更減額を含む),,117718.0,千円,,,-208378.0,-0.639008144840783,減少,2021-04-01,2022-02-10,gen-election-shugiin_20211031_smd_09_1;gen-tokko-2021-tokko_dec,https://www.mlit.go.jp/common/001579048.xlsx
09,093017,上三川町,kofu_total,10,国交省 交付決定額 計(年度合計),2022-04-01,2023-03-31,2023-02-01,1,年度内で最後の交付決定日(交付決定がない年度は年度末)。値は年度合計(変更減額を含む),,217121.0,千円,,,99403.0,0.8444163169608726,増加,2022-02-11,2023-02-01,gen-tokko-2021-tokko_march;gen-mlit-release-2022;gen-election-sangiin_20220710_smd_09_1;gen-tokko-2022-tokko_dec,https://www.mlit.go.jp/common/001426891.xlsx
09,093017,上三川町,kofu_total,10,国交省 交付決定額 計(年度合計),2023-04-01,2024-03-31,2024-03-08,1,年度内で最後の交付決定日(交付決定がない年度は年度末)。値は年度合計(変更減額を含む),,258237.0,千円,,,41116.0,0.18936906149105798,増加,2023-02-02,2024-03-08,gen-tokko-2022-tokko_march;gen-mlit-release-2023;gen-tokko-2023-tokko_dec,https://www.mlit.go.jp/page/content/001749355.xlsx
09,093017,上三川町,kofu_total,10,国交省 交付決定額 計(年度合計),2024-04-01,2025-03-31,2025-03-11,1,年度内で最後の交付決定日(交付決定がない年度は年度末)。値は年度合計(変更減額を含む),,269979.0,千円,,,11742.0,0.045469859082935445,横ばい,2024-03-09,2025-03-11,gen-tokko-2023-tokko_march;gen-mlit-release-2024;gen-election-shugiin_20241027_smd_09_1;gen-tokko-2024-tokko_dec,https://www.mlit.go.jp/page/content/001889200.xlsx
09,093017,上三川町,kofu_total,10,国交省 交付決定額 計(年度合計),2025-04-01,2026-03-31,2026-03-06,1,年度内で最後の交付決定日(交付決定がない年度は年度末)。値は年度合計(変更減額を含む),,563592.0,千円,,,293613.0,1.0875401420110453,増加,2025-03-12,2026-03-06,gen-tokko-2024-tokko_march;gen-mlit-release-2025;gen-election-sangiin_20250720_smd_09_1;gen-tokko-2025-tokko_dec;gen-election-shugiin_20260208_smd_09_1;gen-cabinet-2026-02-18;gen-position-motegi_toshimitsu-外務大臣-2026-02-18,https://www.mlit.go.jp/page/content/001968987.xlsx
09,093017,上三川町,kofu_shasoukou,10,国交省 交付決定額 社会資本整備総合交付金,2017-04-01,2018-03-31,2018-03-31,1,年度内で最後の交付決定日(交付決定がない年度は年度末)。値は年度合計(変更減額を含む),,227826.0,千円,,,,,未取得,,,,https://www.mlit.go.jp/common/001306061.xlsx
09,093017,上三川町,kofu_shasoukou,10,国交省 交付決定額 社会資本整備総合交付金,2018-04-01,2019-03-31,2018-09-03,1,年度内で最後の交付決定日(交付決定がない年度は年度末)。値は年度合計(変更減額を含む),,235003.0,千円,,,7177.0,0.03150211126034781,横ばい,2018-04-01,2018-09-03,,https://www.mlit.go.jp/common/001288716.xlsx
09,093017,上三川町,kofu_shasoukou,10,国交省 交付決定額 社会資本整備総合交付金,2019-04-01,2020-03-31,2020-03-31,1,年度内で最後の交付決定日(交付決定がない年度は年度末)。値は年度合計(変更減額を含む),,305745.0,千円,,,70742.0,0.3010259443496466,増加,2018-09-04,2020-03-31,,https://www.mlit.go.jp/common/001316186.xlsx
09,093017,上三川町,kofu_shasoukou,10,国交省 交付決定額 社会資本整備総合交付金,2020-04-01,2021-03-31,2021-03-31,1,年度内で最後の交付決定日(交付決定がない年度は年度末)。値は年度合計(変更減額を含む),,320596.0,千円,,,14851.0,0.04857315736970351,横ばい,2020-04-01,2021-03-31,gen-tokko-2020-tokko_dec;gen-tokko-2020-tokko_march;gen-mlit-release-2021,https://www.mlit.go.jp/common/001371606.xlsx
09,093017,上三川町,kofu_shasoukou,10,国交省 交付決定額 社会資本整備総合交付金,2021-04-01,2022-03-31,2022-03-31,1,年度内で最後の交付決定日(交付決定がない年度は年度末)。値は年度合計(変更減額を含む),,102942.0,千円,,,-217654.0,-0.6789042907584624,減少,2021-04-01,2022-03-31,gen-election-shugiin_20211031_smd_09_1;gen-tokko-2021-tokko_dec;gen-tokko-2021-tokko_march;gen-mlit-release-2022,https://www.mlit.go.jp/common/001579064.xlsx
09,093017,上三川町,kofu_shasoukou,10,国交省 交付決定額 社会資本整備総合交付金,2022-04-01,2023-03-31,2023-03-31,1,年度内で最後の交付決定日(交付決定がない年度は年度末)。値は年度合計(変更減額を含む),,52290.0,千円,,,-50652.0,-0.4920440636474908,減少,2022-04-01,2023-03-31,gen-election-sangiin_20220710_smd_09_1;gen-tokko-2022-tokko_dec;gen-tokko-2022-tokko_march;gen-mlit-release-2023,https://www.mlit.go.jp/common/001426909.xlsx
09,093017,上三川町,kofu_shasoukou,10,国交省 交付決定額 社会資本整備総合交付金,2023-04-01,2024-03-31,2023-06-20,1,年度内で最後の交付決定日(交付決定がない年度は年度末)。値は年度合計(変更減額を含む),,62000.0,千円,,,9710.0,0.18569516159877605,増加,2023-04-01,2023-06-20,,https://www.mlit.go.jp/page/content/001708175.xlsx
09,093017,上三川町,kofu_shasoukou,10,国交省 交付決定額 社会資本整備総合交付金,2024-04-01,2025-03-31,2025-01-17,1,年度内で最後の交付決定日(交付決定がない年度は年度末)。値は年度合計(変更減額を含む),,83302.0,千円,,,21302.0,0.34358064516129033,増加,2023-06-21,2025-01-17,gen-tokko-2023-tokko_dec;gen-tokko-2023-tokko_march;gen-mlit-release-2024;gen-election-shugiin_20241027_smd_09_1;gen-tokko-2024-tokko_dec,https://www.mlit.go.jp/page/content/001842591.xlsx
09,093017,上三川町,kofu_shasoukou,10,国交省 交付決定額 社会資本整備総合交付金,2025-04-01,2026-03-31,2026-01-30,1,年度内で最後の交付決定日(交付決定がない年度は年度末)。値は年度合計(変更減額を含む),,313165.0,千円,,,229863.0,2.75939353196802,増加,2025-01-18,2026-01-30,gen-tokko-2024-tokko_march;gen-mlit-release-2025;gen-election-sangiin_20250720_smd_09_1;gen-tokko-2025-tokko_dec,https://www.mlit.go.jp/page/content/001969014.xlsx
09,093017,上三川町,kofu_bouan,10,国交省 交付決定額 防災・安全交付金,2017-04-01,2018-03-31,2018-03-31,1,年度内で最後の交付決定日(交付決定がない年度は年度末)。値は年度合計(変更減額を含む),,74826.0,千円,,,,,未取得,,,,https://www.mlit.go.jp/common/001306061.xlsx
09,093017,上三川町,kofu_bouan,10,国交省 交付決定額 防災・安全交付金,2018-04-01,2019-03-31,2018-09-03,1,年度内で最後の交付決定日(交付決定がない年度は年度末)。値は年度合計(変更減額を含む),,189183.0,千円,,,114357.0,1.5283056691524337,増加,2018-04-01,2018-09-03,,https://www.mlit.go.jp/common/001288716.xlsx
09,093017,上三川町,kofu_bouan,10,国交省 交付決定額 防災・安全交付金,2019-04-01,2020-03-31,2020-03-31,1,年度内で最後の交付決定日(交付決定がない年度は年度末)。値は年度合計(変更減額を含む),,152080.0,千円,,,-37103.0,-0.19612227314293568,減少,2018-09-04,2020-03-31,,https://www.mlit.go.jp/common/001316186.xlsx
09,093017,上三川町,kofu_bouan,10,国交省 交付決定額 防災・安全交付金,2020-04-01,2021-03-31,2021-03-31,1,年度内で最後の交付決定日(交付決定がない年度は年度末)。値は年度合計(変更減額を含む),,89986.0,千円,,,-62094.0,-0.4082982640715413,減少,2020-04-01,2021-03-31,gen-tokko-2020-tokko_dec;gen-tokko-2020-tokko_march;gen-mlit-release-2021,https://www.mlit.go.jp/common/001371606.xlsx
09,093017,上三川町,kofu_bouan,10,国交省 交付決定額 防災・安全交付金,2021-04-01,2022-03-31,2022-03-31,1,年度内で最後の交付決定日(交付決定がない年度は年度末)。値は年度合計(変更減額を含む),,41752.0,千円,,,-48234.0,-0.5360167137110217,減少,2021-04-01,2022-03-31,gen-election-shugiin_20211031_smd_09_1;gen-tokko-2021-tokko_dec;gen-tokko-2021-tokko_march;gen-mlit-release-2022,https://www.mlit.go.jp/common/001579064.xlsx
09,093017,上三川町,kofu_bouan,10,国交省 交付決定額 防災・安全交付金,2022-04-01,2023-03-31,2023-03-31,1,年度内で最後の交付決定日(交付決定がない年度は年度末)。値は年度合計(変更減額を含む),,125871.0,千円,,,84119.0,2.0147298333013985,増加,2022-04-01,2023-03-31,gen-election-sangiin_20220710_smd_09_1;gen-tokko-2022-tokko_dec;gen-tokko-2022-tokko_march;gen-mlit-release-2023,https://www.mlit.go.jp/common/001426909.xlsx
09,093017,上三川町,kofu_bouan,10,国交省 交付決定額 防災・安全交付金,2023-04-01,2024-03-31,2023-08-18,1,年度内で最後の交付決定日(交付決定がない年度は年度末)。値は年度合計(変更減額を含む),,161754.0,千円,,,35883.0,0.28507757942655576,増加,2023-04-01,2023-08-18,,https://www.mlit.go.jp/page/content/001708175.xlsx
09,093017,上三川町,kofu_bouan,10,国交省 交付決定額 防災・安全交付金,2024-04-01,2025-03-31,2025-03-04,1,年度内で最後の交付決定日(交付決定がない年度は年度末)。値は年度合計(変更減額を含む),,132924.0,千円,,,-28830.0,-0.17823361400645424,減少,2023-08-19,2025-03-04,gen-tokko-2023-tokko_dec;gen-tokko-2023-tokko_march;gen-mlit-release-2024;gen-election-shugiin_20241027_smd_09_1;gen-tokko-2024-tokko_dec,https://www.mlit.go.jp/page/content/001842591.xlsx
09,093017,上三川町,kofu_bouan,10,国交省 交付決定額 防災・安全交付金,2025-04-01,2026-03-31,2026-03-06,1,年度内で最後の交付決定日(交付決定がない年度は年度末)。値は年度合計(変更減額を含む),,186789.0,千円,,,53865.0,0.40523156089193824,増加,2025-03-05,2026-03-06,gen-tokko-2024-tokko_march;gen-mlit-release-2025;gen-election-sangiin_20250720_smd_09_1;gen-tokko-2025-tokko_dec;gen-election-shugiin_20260208_smd_09_1;gen-cabinet-2026-02-18;gen-position-motegi_toshimitsu-外務大臣-2026-02-18,https://www.mlit.go.jp/page/content/001969014.xlsx
09,093017,上三川町,kofu_road,10,国交省 交付決定額 道路関係の補助,2017-04-01,2018-03-31,2018-03-31,1,年度内で最後の交付決定日(交付決定がない年度は年度末)。値は年度合計(変更減額を含む),,0.0,千円,,,,,未取得,,,,https://www.mlit.go.jp/common/001234557.xlsx
09,093017,上三川町,kofu_road,10,国交省 交付決定額 道路関係の補助,2018-04-01,2019-03-31,2019-03-31,1,年度内で最後の交付決定日(交付決定がない年度は年度末)。値は年度合計(変更減額を含む),,0.0,千円,,,0.0,,未取得,2018-04-01,2019-03-31,,https://www.mlit.go.jp/common/001260897.xlsx
09,093017,上三川町,kofu_road,10,国交省 交付決定額 道路関係の補助,2019-04-01,2020-03-31,2020-03-31,1,年度内で最後の交付決定日(交付決定がない年度は年度末)。値は年度合計(変更減額を含む),,0.0,千円,,,0.0,,未取得,2019-04-01,2020-03-31,,https://www.mlit.go.jp/common/001316175.xlsx
09,093017,上三川町,kofu_road,10,国交省 交付決定額 道路関係の補助,2020-04-01,2021-03-31,2021-03-31,1,年度内で最後の交付決定日(交付決定がない年度は年度末)。値は年度合計(変更減額を含む),,5500.0,千円,,,5500.0,,未取得,2020-04-01,2021-03-31,gen-tokko-2020-tokko_dec;gen-tokko-2020-tokko_march;gen-mlit-release-2021,https://www.mlit.go.jp/common/001371629.xlsx
09,093017,上三川町,kofu_road,10,国交省 交付決定額 道路関係の補助,2021-04-01,2022-03-31,2022-02-04,1,年度内で最後の交付決定日(交付決定がない年度は年度末)。値は年度合計(変更減額を含む),,14526.0,千円,,,9026.0,1.6410909090909092,増加,2021-04-01,2022-02-04,gen-election-shugiin_20211031_smd_09_1;gen-tokko-2021-tokko_dec,https://www.mlit.go.jp/common/001579051.xlsx
09,093017,上三川町,kofu_road,10,国交省 交付決定額 道路関係の補助,2022-04-01,2023-03-31,2022-05-20,1,年度内で最後の交付決定日(交付決定がない年度は年度末)。値は年度合計(変更減額を含む),,37884.0,千円,,,23358.0,1.6080132176786452,増加,2022-02-05,2022-05-20,gen-tokko-2021-tokko_march;gen-mlit-release-2022,https://www.mlit.go.jp/common/001426897.xlsx
09,093017,上三川町,kofu_road,10,国交省 交付決定額 道路関係の補助,2023-04-01,2024-03-31,2023-04-28,1,年度内で最後の交付決定日(交付決定がない年度は年度末)。値は年度合計(変更減額を含む),,34483.0,千円,,,-3401.0,-0.08977404709112026,減少,2022-05-21,2023-04-28,gen-election-sangiin_20220710_smd_09_1;gen-tokko-2022-tokko_dec;gen-tokko-2022-tokko_march;gen-mlit-release-2023,https://www.mlit.go.jp/page/content/001708164.xlsx
09,093017,上三川町,kofu_road,10,国交省 交付決定額 道路関係の補助,2024-04-01,2025-03-31,2024-04-26,1,年度内で最後の交付決定日(交付決定がない年度は年度末)。値は年度合計(変更減額を含む),,53753.0,千円,,,19270.0,0.5588260882173824,増加,2023-04-29,2024-04-26,gen-tokko-2023-tokko_dec;gen-tokko-2023-tokko_march;gen-mlit-release-2024,https://www.mlit.go.jp/page/content/001889202.xlsx
09,093017,上三川町,kofu_road,10,国交省 交付決定額 道路関係の補助,2025-04-01,2026-03-31,2025-04-25,1,年度内で最後の交付決定日(交付決定がない年度は年度末)。値は年度合計(変更減額を含む),,52250.0,千円,,,-1503.0,-0.027961230070879764,横ばい,2024-04-27,2025-04-25,gen-election-shugiin_20241027_smd_09_1;gen-tokko-2024-tokko_dec;gen-tokko-2024-tokko_march;gen-mlit-release-2025,https://www.mlit.go.jp/page/content/001969000.xlsx
09,093424,益子町,card_kokko,1,国庫支出金(決算),2020-04-01,2021-03-31,2021-03-31,0,決算(年度末),,3817025.0,千円,,,,,未取得,,,,https://www.soumu.go.jp/main_content/000804135.xlsx
09,093424,益子町,card_kokko,1,国庫支出金(決算),2021-04-01,2022-03-31,2022-03-31,0,決算(年度末),,1892032.0,千円,,,-1924993.0,-0.5043176295675297,減少,2021-04-01,2022-03-31,gen-election-shugiin_20211031_smd_09_4;gen-tokko-2021-tokko_dec;gen-tokko-2021-tokko_march;gen-mlit-release-2022,https://www.soumu.go.jp/main_content/000873399.xlsx
09,093424,益子町,card_kokko,1,国庫支出金(決算),2022-04-01,2023-03-31,2023-03-31,0,決算(年度末),,1563336.0,千円,,,-328696.0,-0.17372644860129216,減少,2022-04-01,2023-03-31,gen-election-sangiin_20220710_smd_09_1;gen-tokko-2022-tokko_dec;gen-tokko-2022-tokko_march;gen-mlit-release-2023,https://www.soumu.go.jp/main_content/000937050.xlsx
09,093424,益子町,card_kokko,1,国庫支出金(決算),2023-04-01,2024-03-31,2024-03-31,0,決算(年度末),,1371866.0,千円,,,-191470.0,-0.12247527083109454,減少,2023-04-01,2024-03-31,gen-tokko-2023-tokko_dec;gen-tokko-2023-tokko_march,https://www.soumu.go.jp/main_content/000998938.xlsx
09,093424,益子町,card_kokko,1,国庫支出金(決算),2024-04-01,2025-03-31,2025-03-31,0,決算(年度末),,1507742.0,千円,,,135876.0,0.09904465888067784,増加,2024-04-01,2025-03-31,gen-mlit-release-2024;gen-election-shugiin_20241027_smd_09_4;gen-tokko-2024-tokko_dec;gen-tokko-2024-tokko_march,https://www.soumu.go.jp/main_content/001063963.xlsx
09,093424,益子町,card_pref,2,県支出金(決算),2020-04-01,2021-03-31,2021-03-31,0,決算(年度末),,901181.0,千円,,,,,未取得,,,,https://www.soumu.go.jp/main_content/000804135.xlsx
09,093424,益子町,card_pref,2,県支出金(決算),2021-04-01,2022-03-31,2022-03-31,0,決算(年度末),,945038.0,千円,,,43857.0,0.048666139210658016,横ばい,2021-04-01,2022-03-31,gen-election-shugiin_20211031_smd_09_4;gen-tokko-2021-tokko_dec;gen-tokko-2021-tokko_march;gen-mlit-release-2022,https://www.soumu.go.jp/main_content/000873399.xlsx
09,093424,益子町,card_pref,2,県支出金(決算),2022-04-01,2023-03-31,2023-03-31,0,決算(年度末),,868677.0,千円,,,-76361.0,-0.08080204182265686,減少,2022-04-01,2023-03-31,gen-election-sangiin_20220710_smd_09_1;gen-tokko-2022-tokko_dec;gen-tokko-2022-tokko_march;gen-mlit-release-2023,https://www.soumu.go.jp/main_content/000937050.xlsx
09,093424,益子町,card_pref,2,県支出金(決算),2023-04-01,2024-03-31,2024-03-31,0,決算(年度末),,824884.0,千円,,,-43793.0,-0.05041344481320445,減少,2023-04-01,2024-03-31,gen-tokko-2023-tokko_dec;gen-tokko-2023-tokko_march,https://www.soumu.go.jp/main_content/000998938.xlsx
09,093424,益子町,card_pref,2,県支出金(決算),2024-04-01,2025-03-31,2025-03-31,0,決算(年度末),,971876.0,千円,,,146992.0,0.1781971768151643,増加,2024-04-01,2025-03-31,gen-mlit-release-2024;gen-election-shugiin_20241027_smd_09_4;gen-tokko-2024-tokko_dec;gen-tokko-2024-tokko_march,https://www.soumu.go.jp/main_content/001063963.xlsx
09,093424,益子町,tokko_dec,3a,特別交付税 12月分,2020-04-01,2021-03-31,2020-12-08,0,交付決定日(報道発表),2020-12-08,,千円,,報道発表に町村の個別額なし(都道府県計のみ),,,未取得,,,,https://www.soumu.go.jp/main_content/000721607.pdf
09,093424,益子町,tokko_dec,3a,特別交付税 12月分,2021-04-01,2022-03-31,2021-12-03,0,交付決定日(報道発表),2021-12-03,,千円,,報道発表に町村の個別額なし(都道府県計のみ),,,未取得,2020-12-09,2021-12-03,gen-tokko-2020-tokko_march;gen-mlit-release-2021;gen-election-shugiin_20211031_smd_09_4;gen-tokko-2021-tokko_dec,https://www.soumu.go.jp/main_content/000780948.pdf
09,093424,益子町,tokko_dec,3a,特別交付税 12月分,2022-04-01,2023-03-31,2022-12-13,0,交付決定日(報道発表),2022-12-13,,千円,,報道発表に町村の個別額なし(都道府県計のみ),,,未取得,2021-12-04,2022-12-13,gen-tokko-2021-tokko_march;gen-mlit-release-2022;gen-election-sangiin_20220710_smd_09_1;gen-tokko-2022-tokko_dec,https://www.soumu.go.jp/main_content/000850537.pdf
09,093424,益子町,tokko_dec,3a,特別交付税 12月分,2023-04-01,2024-03-31,2023-12-12,0,交付決定日(報道発表),2023-12-12,,千円,,報道発表に町村の個別額なし(都道府県計のみ),,,未取得,2022-12-14,2023-12-12,gen-tokko-2022-tokko_march;gen-mlit-release-2023;gen-tokko-2023-tokko_dec,https://www.soumu.go.jp/main_content/000916643.pdf
09,093424,益子町,tokko_dec,3a,特別交付税 12月分,2024-04-01,2025-03-31,2024-12-20,0,交付決定日(報道発表),2024-12-20,,千円,,報道発表に町村の個別額なし(都道府県計のみ),,,未取得,2023-12-13,2024-12-20,gen-tokko-2023-tokko_march;gen-mlit-release-2024;gen-election-shugiin_20241027_smd_09_4;gen-tokko-2024-tokko_dec,https://www.soumu.go.jp/main_content/000983129.pdf
09,093424,益子町,tokko_dec,3a,特別交付税 12月分,2025-04-01,2026-03-31,2025-12-19,0,交付決定日(報道発表),2025-12-19,,千円,,報道発表に町村の個別額なし(都道府県計のみ),,,未取得,2024-12-21,2025-12-19,gen-tokko-2024-tokko_march;gen-mlit-release-2025;gen-election-sangiin_20250720_smd_09_1;gen-tokko-2025-tokko_dec,https://www.soumu.go.jp/main_content/001046667.pdf
09,093424,益子町,tokko_march,3b,特別交付税 3月分,2020-04-01,2021-03-31,2021-03-19,0,交付決定日(報道発表),2021-03-19,,千円,,報道発表に町村の個別額なし(都道府県計のみ),,,未取得,,,,https://www.soumu.go.jp/main_content/000738961.pdf
09,093424,益子町,tokko_march,3b,特別交付税 3月分,2021-04-01,2022-03-31,2022-03-18,0,交付決定日(報道発表),2022-03-18,,千円,,報道発表に町村の個別額なし(都道府県計のみ),,,未取得,2021-03-20,2022-03-18,gen-mlit-release-2021;gen-election-shugiin_20211031_smd_09_4;gen-tokko-2021-tokko_dec;gen-tokko-2021-tokko_march,https://www.soumu.go.jp/main_content/000799619.pdf
09,093424,益子町,tokko_march,3b,特別交付税 3月分,2022-04-01,2023-03-31,2023-03-22,0,交付決定日(報道発表),2023-03-22,,千円,,報道発表に町村の個別額なし(都道府県計のみ),,,未取得,2022-03-19,2023-03-22,gen-mlit-release-2022;gen-election-sangiin_20220710_smd_09_1;gen-tokko-2022-tokko_dec;gen-tokko-2022-tokko_march,https://www.soumu.go.jp/main_content/000869990.pdf
09,093424,益子町,tokko_march,3b,特別交付税 3月分,2023-04-01,2024-03-31,2024-03-22,0,交付決定日(報道発表),2024-03-22,,千円,,報道発表に町村の個別額なし(都道府県計のみ),,,未取得,2023-03-23,2024-03-22,gen-mlit-release-2023;gen-tokko-2023-tokko_dec;gen-tokko-2023-tokko_march,https://www.soumu.go.jp/main_content/000997045.pdf
09,093424,益子町,tokko_march,3b,特別交付税 3月分,2024-04-01,2025-03-31,2025-03-21,0,交付決定日(報道発表),2025-03-21,,千円,,報道発表に町村の個別額なし(都道府県計のみ),,,未取得,2024-03-23,2025-03-21,gen-mlit-release-2024;gen-election-shugiin_20241027_smd_09_4;gen-tokko-2024-tokko_dec;gen-tokko-2024-tokko_march,https://www.soumu.go.jp/main_content/000998441.pdf
09,093424,益子町,tokko_march,3b,特別交付税 3月分,2025-04-01,2026-03-31,2026-03-17,0,交付決定日(報道発表),2026-03-17,,千円,,報道発表に町村の個別額なし(都道府県計のみ),,,未取得,2025-03-22,2026-03-17,gen-mlit-release-2025;gen-election-sangiin_20250720_smd_09_1;gen-tokko-2025-tokko_dec;gen-election-shugiin_20260208_smd_09_4;gen-cabinet-2026-02-18;gen-position-motegi_toshimitsu-外務大臣-2026-02-18;gen-tokko-2025-tokko_march,https://www.soumu.go.jp/main_content/001061260.pdf
09,093424,益子町,mlit_sole_grants,4,社総交・防安交 単独策定主体の国費,2021-04-01,2022-03-31,2021-03-30,1,当初配分の報道発表日を代用(交付決定日は未公表),2021-03-30,0.0,千円,0,,,,未取得,,,,https://www.mlit.go.jp/common/001396522.pdf
09,093424,益子町,mlit_sole_grants,4,社総交・防安交 単独策定主体の国費,2022-04-01,2023-03-31,2022-03-25,1,当初配分の報道発表日を代用(交付決定日は未公表),2022-03-25,0.0,千円,0,,0.0,,未取得,2021-03-31,2022-03-25,gen-election-shugiin_20211031_smd_09_4;gen-tokko-2021-tokko_dec;gen-tokko-2021-tokko_march;gen-mlit-release-2022,https://www.mlit.go.jp/page/content/001472731.pdf
09,093424,益子町,mlit_sole_grants,4,社総交・防安交 単独策定主体の国費,2023-04-01,2024-03-31,2023-03-31,1,当初配分の報道発表日を代用(交付決定日は未公表),2023-03-31,0.0,千円,0,,0.0,,未取得,2022-03-26,2023-03-31,gen-election-sangiin_20220710_smd_09_1;gen-tokko-2022-tokko_dec;gen-tokko-2022-tokko_march;gen-mlit-release-2023,https://www.mlit.go.jp/page/content/001596924.pdf
09,093424,益子町,mlit_sole_grants,4,社総交・防安交 単独策定主体の国費,2024-04-01,2025-03-31,2024-04-01,1,当初配分の報道発表日を代用(交付決定日は未公表),2024-04-01,0.0,千円,0,,0.0,,未取得,2023-04-01,2024-04-01,gen-tokko-2023-tokko_dec;gen-tokko-2023-tokko_march;gen-mlit-release-2024,https://www.mlit.go.jp/page/content/001735005.pdf
09,093424,益子町,mlit_sole_grants,4,社総交・防安交 単独策定主体の国費,2025-04-01,2026-03-31,2025-04-01,1,当初配分の報道発表日を代用(交付決定日は未公表),2025-04-01,0.0,千円,0,,0.0,,未取得,2024-04-02,2025-04-01,gen-election-shugiin_20241027_smd_09_4;gen-tokko-2024-tokko_dec;gen-tokko-2024-tokko_march;gen-mlit-release-2025,https://www.mlit.go.jp/page/content/001879738.pdf
09,093424,益子町,mlit_sole_grants,4,社総交・防安交 単独策定主体の国費,2026-04-01,2027-03-31,2026-04-07,1,当初配分の報道発表日を代用(交付決定日は未公表),2026-04-07,0.0,千円,0,,0.0,,未取得,2025-04-02,2026-04-07,gen-election-sangiin_20250720_smd_09_1;gen-tokko-2025-tokko_dec;gen-election-shugiin_20260208_smd_09_4;gen-cabinet-2026-02-18;gen-position-motegi_toshimitsu-外務大臣-2026-02-18;gen-tokko-2025-tokko_march;gen-mlit-release-2026,https://www.mlit.go.jp/page/content/001994561.pdf
09,093424,益子町,mlit_road,5,道路局箇所表 事業主体=当該市町の国費,2021-04-01,2022-03-31,2021-03-30,1,当初配分の報道発表日を代用(交付決定日は未公表),2021-03-30,16000.0,千円,1,,,,未取得,,,,https://www.mlit.go.jp/common/001396522.pdf
09,093424,益子町,mlit_road,5,道路局箇所表 事業主体=当該市町の国費,2022-04-01,2023-03-31,2022-03-25,1,当初配分の報道発表日を代用(交付決定日は未公表),2022-03-25,20000.0,千円,1,,4000.0,0.25,増加,2021-03-31,2022-03-25,gen-election-shugiin_20211031_smd_09_4;gen-tokko-2021-tokko_dec;gen-tokko-2021-tokko_march;gen-mlit-release-2022,https://www.mlit.go.jp/page/content/001472731.pdf
09,093424,益子町,mlit_road,5,道路局箇所表 事業主体=当該市町の国費,2023-04-01,2024-03-31,2023-03-31,1,当初配分の報道発表日を代用(交付決定日は未公表),2023-03-31,15000.0,千円,1,,-5000.0,-0.25,減少,2022-03-26,2023-03-31,gen-election-sangiin_20220710_smd_09_1;gen-tokko-2022-tokko_dec;gen-tokko-2022-tokko_march;gen-mlit-release-2023,https://www.mlit.go.jp/page/content/001596924.pdf
09,093424,益子町,mlit_road,5,道路局箇所表 事業主体=当該市町の国費,2024-04-01,2025-03-31,2024-04-01,1,当初配分の報道発表日を代用(交付決定日は未公表),2024-04-01,26000.0,千円,1,,11000.0,0.7333333333333333,増加,2023-04-01,2024-04-01,gen-tokko-2023-tokko_dec;gen-tokko-2023-tokko_march;gen-mlit-release-2024,https://www.mlit.go.jp/page/content/001735005.pdf
09,093424,益子町,mlit_road,5,道路局箇所表 事業主体=当該市町の国費,2025-04-01,2026-03-31,2025-04-01,1,当初配分の報道発表日を代用(交付決定日は未公表),2025-04-01,45000.0,千円,1,,19000.0,0.7307692307692307,増加,2024-04-02,2025-04-01,gen-election-shugiin_20241027_smd_09_4;gen-tokko-2024-tokko_dec;gen-tokko-2024-tokko_march;gen-mlit-release-2025,https://www.mlit.go.jp/page/content/001879738.pdf
09,093424,益子町,mlit_road,5,道路局箇所表 事業主体=当該市町の国費,2026-04-01,2027-03-31,2026-04-07,1,当初配分の報道発表日を代用(交付決定日は未公表),2026-04-07,5000.0,千円,1,,-40000.0,-0.8888888888888888,減少,2025-04-02,2026-04-07,gen-election-sangiin_20250720_smd_09_1;gen-tokko-2025-tokko_dec;gen-election-shugiin_20260208_smd_09_4;gen-cabinet-2026-02-18;gen-position-motegi_toshimitsu-外務大臣-2026-02-18;gen-tokko-2025-tokko_march;gen-mlit-release-2026,https://www.mlit.go.jp/page/content/001994561.pdf
09,093424,益子町,e_kokko,6,国庫支出金 計(決算、地方財政状況調査),2020-04-01,2021-03-31,2021-03-31,0,決算(年度末),,3817025.0,千円,,,,,未取得,,,,https://www.e-stat.go.jp/stat-search/file-download?statInfId=000032188698&fileKind=1
09,093424,益子町,e_kokko,6,国庫支出金 計(決算、地方財政状況調査),2021-04-01,2022-03-31,2022-03-31,0,決算(年度末),,1892032.0,千円,,,-1924993.0,-0.5043176295675297,減少,2021-04-01,2022-03-31,gen-election-shugiin_20211031_smd_09_4;gen-tokko-2021-tokko_dec;gen-tokko-2021-tokko_march;gen-mlit-release-2022,https://www.e-stat.go.jp/stat-search/file-download?statInfId=000040044921&fileKind=1
09,093424,益子町,e_kokko,6,国庫支出金 計(決算、地方財政状況調査),2022-04-01,2023-03-31,2023-03-31,0,決算(年度末),,1563336.0,千円,,,-328696.0,-0.17372644860129216,減少,2022-04-01,2023-03-31,gen-election-sangiin_20220710_smd_09_1;gen-tokko-2022-tokko_dec;gen-tokko-2022-tokko_march;gen-mlit-release-2023,https://www.e-stat.go.jp/stat-search/file-download?statInfId=000040171702&fileKind=1
09,093424,益子町,e_kokko,6,国庫支出金 計(決算、地方財政状況調査),2023-04-01,2024-03-31,2024-03-31,0,決算(年度末),,1371866.0,千円,,,-191470.0,-0.12247527083109454,減少,2023-04-01,2024-03-31,gen-tokko-2023-tokko_dec;gen-tokko-2023-tokko_march,https://www.e-stat.go.jp/stat-search/file-download?statInfId=000040231591&fileKind=1
09,093424,益子町,e_kokko,6,国庫支出金 計(決算、地方財政状況調査),2024-04-01,2025-03-31,2025-03-31,0,決算(年度末),,1507742.0,千円,,,135876.0,0.09904465888067784,増加,2024-04-01,2025-03-31,gen-mlit-release-2024;gen-election-shugiin_20241027_smd_09_4;gen-tokko-2024-tokko_dec;gen-tokko-2024-tokko_march,https://www.e-stat.go.jp/stat-search/file-download?statInfId=000040375638&fileKind=1
09,093424,益子町,e_kokko_futsuken,6,国庫支出金のうち普通建設事業費支出金(決算),2020-04-01,2021-03-31,2021-03-31,0,決算(年度末),,50135.0,千円,,,,,未取得,,,,https://www.e-stat.go.jp/stat-search/file-download?statInfId=000032188698&fileKind=1
09,093424,益子町,e_kokko_futsuken,6,国庫支出金のうち普通建設事業費支出金(決算),2021-04-01,2022-03-31,2022-03-31,0,決算(年度末),,5030.0,千円,,,-45105.0,-0.8996708886007779,減少,2021-04-01,2022-03-31,gen-election-shugiin_20211031_smd_09_4;gen-tokko-2021-tokko_dec;gen-tokko-2021-tokko_march;gen-mlit-release-2022,https://www.e-stat.go.jp/stat-search/file-download?statInfId=000040044921&fileKind=1
09,093424,益子町,e_kokko_futsuken,6,国庫支出金のうち普通建設事業費支出金(決算),2022-04-01,2023-03-31,2023-03-31,0,決算(年度末),,8149.0,千円,,,3119.0,0.6200795228628231,増加,2022-04-01,2023-03-31,gen-election-sangiin_20220710_smd_09_1;gen-tokko-2022-tokko_dec;gen-tokko-2022-tokko_march;gen-mlit-release-2023,https://www.e-stat.go.jp/stat-search/file-download?statInfId=000040171702&fileKind=1
09,093424,益子町,e_kokko_futsuken,6,国庫支出金のうち普通建設事業費支出金(決算),2023-04-01,2024-03-31,2024-03-31,0,決算(年度末),,4215.0,千円,,,-3934.0,-0.4827586206896552,減少,2023-04-01,2024-03-31,gen-tokko-2023-tokko_dec;gen-tokko-2023-tokko_march,https://www.e-stat.go.jp/stat-search/file-download?statInfId=000040231591&fileKind=1
09,093424,益子町,e_kokko_futsuken,6,国庫支出金のうち普通建設事業費支出金(決算),2024-04-01,2025-03-31,2025-03-31,0,決算(年度末),,4051.0,千円,,,-164.0,-0.038908659549228945,横ばい,2024-04-01,2025-03-31,gen-mlit-release-2024;gen-election-shugiin_20241027_smd_09_4;gen-tokko-2024-tokko_dec;gen-tokko-2024-tokko_march,https://www.e-stat.go.jp/stat-search/file-download?statInfId=000040375638&fileKind=1
09,093424,益子町,e_kokko_saigai,6,国庫支出金のうち災害復旧事業費支出金(決算),2020-04-01,2021-03-31,2021-03-31,0,決算(年度末),,17250.0,千円,,,,,未取得,,,,https://www.e-stat.go.jp/stat-search/file-download?statInfId=000032188698&fileKind=1
09,093424,益子町,e_kokko_saigai,6,国庫支出金のうち災害復旧事業費支出金(決算),2021-04-01,2022-03-31,2022-03-31,0,決算(年度末),,0.0,千円,,,-17250.0,-1.0,減少,2021-04-01,2022-03-31,gen-election-shugiin_20211031_smd_09_4;gen-tokko-2021-tokko_dec;gen-tokko-2021-tokko_march;gen-mlit-release-2022,https://www.e-stat.go.jp/stat-search/file-download?statInfId=000040044921&fileKind=1
09,093424,益子町,e_kokko_saigai,6,国庫支出金のうち災害復旧事業費支出金(決算),2022-04-01,2023-03-31,2023-03-31,0,決算(年度末),,0.0,千円,,,0.0,,未取得,2022-04-01,2023-03-31,gen-election-sangiin_20220710_smd_09_1;gen-tokko-2022-tokko_dec;gen-tokko-2022-tokko_march;gen-mlit-release-2023,https://www.e-stat.go.jp/stat-search/file-download?statInfId=000040171702&fileKind=1
09,093424,益子町,e_kokko_saigai,6,国庫支出金のうち災害復旧事業費支出金(決算),2023-04-01,2024-03-31,2024-03-31,0,決算(年度末),,0.0,千円,,,0.0,,未取得,2023-04-01,2024-03-31,gen-tokko-2023-tokko_dec;gen-tokko-2023-tokko_march,https://www.e-stat.go.jp/stat-search/file-download?statInfId=000040231591&fileKind=1
09,093424,益子町,e_kokko_saigai,6,国庫支出金のうち災害復旧事業費支出金(決算),2024-04-01,2025-03-31,2025-03-31,0,決算(年度末),,0.0,千円,,,0.0,,未取得,2024-04-01,2025-03-31,gen-mlit-release-2024;gen-election-shugiin_20241027_smd_09_4;gen-tokko-2024-tokko_dec;gen-tokko-2024-tokko_march,https://www.e-stat.go.jp/stat-search/file-download?statInfId=000040375638&fileKind=1
09,093424,益子町,e_kokko_shasoukou,6,国庫支出金のうち社会資本整備総合交付金(決算),2020-04-01,2021-03-31,2021-03-31,0,決算(年度末),,32452.0,千円,,,,,未取得,,,,https://www.e-stat.go.jp/stat-search/file-download?statInfId=000032188698&fileKind=1
09,093424,益子町,e_kokko_shasoukou,6,国庫支出金のうち社会資本整備総合交付金(決算),2021-04-01,2022-03-31,2022-03-31,0,決算(年度末),,33657.0,千円,,,1205.0,0.03713176383581906,横ばい,2021-04-01,2022-03-31,gen-election-shugiin_20211031_smd_09_4;gen-tokko-2021-tokko_dec;gen-tokko-2021-tokko_march;gen-mlit-release-2022,https://www.e-stat.go.jp/stat-search/file-download?statInfId=000040044921&fileKind=1
09,093424,益子町,e_kokko_shasoukou,6,国庫支出金のうち社会資本整備総合交付金(決算),2022-04-01,2023-03-31,2023-03-31,0,決算(年度末),,32417.0,千円,,,-1240.0,-0.03684226163948064,横ばい,2022-04-01,2023-03-31,gen-election-sangiin_20220710_smd_09_1;gen-tokko-2022-tokko_dec;gen-tokko-2022-tokko_march;gen-mlit-release-2023,https://www.e-stat.go.jp/stat-search/file-download?statInfId=000040171702&fileKind=1
09,093424,益子町,e_kokko_shasoukou,6,国庫支出金のうち社会資本整備総合交付金(決算),2023-04-01,2024-03-31,2024-03-31,0,決算(年度末),,66524.0,千円,,,34107.0,1.0521331400191258,増加,2023-04-01,2024-03-31,gen-tokko-2023-tokko_dec;gen-tokko-2023-tokko_march,https://www.e-stat.go.jp/stat-search/file-download?statInfId=000040231591&fileKind=1
09,093424,益子町,e_kokko_shasoukou,6,国庫支出金のうち社会資本整備総合交付金(決算),2024-04-01,2025-03-31,2025-03-31,0,決算(年度末),,85517.0,千円,,,18993.0,0.28550598280319883,増加,2024-04-01,2025-03-31,gen-mlit-release-2024;gen-election-shugiin_20241027_smd_09_4;gen-tokko-2024-tokko_dec;gen-tokko-2024-tokko_march,https://www.e-stat.go.jp/stat-search/file-download?statInfId=000040375638&fileKind=1
09,093424,益子町,e_pref,6,都道府県支出金 計(決算),2020-04-01,2021-03-31,2021-03-31,0,決算(年度末),,901181.0,千円,,,,,未取得,,,,https://www.e-stat.go.jp/stat-search/file-download?statInfId=000032188698&fileKind=1
09,093424,益子町,e_pref,6,都道府県支出金 計(決算),2021-04-01,2022-03-31,2022-03-31,0,決算(年度末),,945038.0,千円,,,43857.0,0.048666139210658016,横ばい,2021-04-01,2022-03-31,gen-election-shugiin_20211031_smd_09_4;gen-tokko-2021-tokko_dec;gen-tokko-2021-tokko_march;gen-mlit-release-2022,https://www.e-stat.go.jp/stat-search/file-download?statInfId=000040044921&fileKind=1
09,093424,益子町,e_pref,6,都道府県支出金 計(決算),2022-04-01,2023-03-31,2023-03-31,0,決算(年度末),,868677.0,千円,,,-76361.0,-0.08080204182265686,減少,2022-04-01,2023-03-31,gen-election-sangiin_20220710_smd_09_1;gen-tokko-2022-tokko_dec;gen-tokko-2022-tokko_march;gen-mlit-release-2023,https://www.e-stat.go.jp/stat-search/file-download?statInfId=000040171702&fileKind=1
09,093424,益子町,e_pref,6,都道府県支出金 計(決算),2023-04-01,2024-03-31,2024-03-31,0,決算(年度末),,824884.0,千円,,,-43793.0,-0.05041344481320445,減少,2023-04-01,2024-03-31,gen-tokko-2023-tokko_dec;gen-tokko-2023-tokko_march,https://www.e-stat.go.jp/stat-search/file-download?statInfId=000040231591&fileKind=1
09,093424,益子町,e_pref,6,都道府県支出金 計(決算),2024-04-01,2025-03-31,2025-03-31,0,決算(年度末),,971876.0,千円,,,146992.0,0.1781971768151643,増加,2024-04-01,2025-03-31,gen-mlit-release-2024;gen-election-shugiin_20241027_smd_09_4;gen-tokko-2024-tokko_dec;gen-tokko-2024-tokko_march,https://www.e-stat.go.jp/stat-search/file-download?statInfId=000040375638&fileKind=1
09,093424,益子町,e_futsu,6,普通交付税(決算),2020-04-01,2021-03-31,2021-03-31,0,決算(年度末),,1877064.0,千円,,,,,未取得,,,,https://www.e-stat.go.jp/stat-search/file-download?statInfId=000032188698&fileKind=1
09,093424,益子町,e_futsu,6,普通交付税(決算),2021-04-01,2022-03-31,2022-03-31,0,決算(年度末),,2232445.0,千円,,,355381.0,0.189328120937805,増加,2021-04-01,2022-03-31,gen-election-shugiin_20211031_smd_09_4;gen-tokko-2021-tokko_dec;gen-tokko-2021-tokko_march;gen-mlit-release-2022,https://www.e-stat.go.jp/stat-search/file-download?statInfId=000040044921&fileKind=1
09,093424,益子町,e_futsu,6,普通交付税(決算),2022-04-01,2023-03-31,2023-03-31,0,決算(年度末),,2156834.0,千円,,,-75611.0,-0.03386914347273953,横ばい,2022-04-01,2023-03-31,gen-election-sangiin_20220710_smd_09_1;gen-tokko-2022-tokko_dec;gen-tokko-2022-tokko_march;gen-mlit-release-2023,https://www.e-stat.go.jp/stat-search/file-download?statInfId=000040171702&fileKind=1
09,093424,益子町,e_futsu,6,普通交付税(決算),2023-04-01,2024-03-31,2024-03-31,0,決算(年度末),,2093198.0,千円,,,-63636.0,-0.029504356848974005,横ばい,2023-04-01,2024-03-31,gen-tokko-2023-tokko_dec;gen-tokko-2023-tokko_march,https://www.e-stat.go.jp/stat-search/file-download?statInfId=000040231591&fileKind=1
09,093424,益子町,e_futsu,6,普通交付税(決算),2024-04-01,2025-03-31,2025-03-31,0,決算(年度末),,2240988.0,千円,,,147790.0,0.07060488305454142,増加,2024-04-01,2025-03-31,gen-mlit-release-2024;gen-election-shugiin_20241027_smd_09_4;gen-tokko-2024-tokko_dec;gen-tokko-2024-tokko_march,https://www.e-stat.go.jp/stat-search/file-download?statInfId=000040375638&fileKind=1
09,093424,益子町,e_tokko,6,特別交付税(決算),2020-04-01,2021-03-31,2021-03-31,0,決算(年度末),,268585.0,千円,,,,,未取得,,,,https://www.e-stat.go.jp/stat-search/file-download?statInfId=000032188698&fileKind=1
09,093424,益子町,e_tokko,6,特別交付税(決算),2021-04-01,2022-03-31,2022-03-31,0,決算(年度末),,298062.0,千円,,,29477.0,0.10974924139471676,増加,2021-04-01,2022-03-31,gen-election-shugiin_20211031_smd_09_4;gen-tokko-2021-tokko_dec;gen-tokko-2021-tokko_march;gen-mlit-release-2022,https://www.e-stat.go.jp/stat-search/file-download?statInfId=000040044921&fileKind=1
09,093424,益子町,e_tokko,6,特別交付税(決算),2022-04-01,2023-03-31,2023-03-31,0,決算(年度末),,317589.0,千円,,,19527.0,0.06551321537129859,増加,2022-04-01,2023-03-31,gen-election-sangiin_20220710_smd_09_1;gen-tokko-2022-tokko_dec;gen-tokko-2022-tokko_march;gen-mlit-release-2023,https://www.e-stat.go.jp/stat-search/file-download?statInfId=000040171702&fileKind=1
09,093424,益子町,e_tokko,6,特別交付税(決算),2023-04-01,2024-03-31,2024-03-31,0,決算(年度末),,292533.0,千円,,,-25056.0,-0.0788944201467935,減少,2023-04-01,2024-03-31,gen-tokko-2023-tokko_dec;gen-tokko-2023-tokko_march,https://www.e-stat.go.jp/stat-search/file-download?statInfId=000040231591&fileKind=1
09,093424,益子町,e_tokko,6,特別交付税(決算),2024-04-01,2025-03-31,2025-03-31,0,決算(年度末),,281764.0,千円,,,-10769.0,-0.03681294076223879,横ばい,2024-04-01,2025-03-31,gen-mlit-release-2024;gen-election-shugiin_20241027_smd_09_4;gen-tokko-2024-tokko_dec;gen-tokko-2024-tokko_march,https://www.e-stat.go.jp/stat-search/file-download?statInfId=000040375638&fileKind=1
09,093424,益子町,e_road_kokko,7,道路橋りょう費に充当した国庫支出金(決算),2020-04-01,2021-03-31,2021-03-31,0,決算(年度末),,30442.0,千円,,,,,未取得,,,,https://www.e-stat.go.jp/stat-search/file-download?statInfId=000032188710&fileKind=1
09,093424,益子町,e_road_kokko,7,道路橋りょう費に充当した国庫支出金(決算),2021-04-01,2022-03-31,2022-03-31,0,決算(年度末),,32457.0,千円,,,2015.0,0.06619144602851323,増加,2021-04-01,2022-03-31,gen-election-shugiin_20211031_smd_09_4;gen-tokko-2021-tokko_dec;gen-tokko-2021-tokko_march;gen-mlit-release-2022,https://www.e-stat.go.jp/stat-search/file-download?statInfId=000040044933&fileKind=1
09,093424,益子町,e_road_kokko,7,道路橋りょう費に充当した国庫支出金(決算),2022-04-01,2023-03-31,2023-03-31,0,決算(年度末),,29792.0,千円,,,-2665.0,-0.08210863604153187,減少,2022-04-01,2023-03-31,gen-election-sangiin_20220710_smd_09_1;gen-tokko-2022-tokko_dec;gen-tokko-2022-tokko_march;gen-mlit-release-2023,https://www.e-stat.go.jp/stat-search/file-download?statInfId=000040171714&fileKind=1
09,093424,益子町,e_road_kokko,7,道路橋りょう費に充当した国庫支出金(決算),2023-04-01,2024-03-31,2024-03-31,0,決算(年度末),,64393.0,千円,,,34601.0,1.1614191729323309,増加,2023-04-01,2024-03-31,gen-tokko-2023-tokko_dec;gen-tokko-2023-tokko_march,https://www.e-stat.go.jp/stat-search/file-download?statInfId=000040231603&fileKind=1
09,093424,益子町,e_road_kokko,7,道路橋りょう費に充当した国庫支出金(決算),2024-04-01,2025-03-31,2025-03-31,0,決算(年度末),,58794.0,千円,,,-5599.0,-0.08695044492413771,減少,2024-04-01,2025-03-31,gen-mlit-release-2024;gen-election-shugiin_20241027_smd_09_4;gen-tokko-2024-tokko_dec;gen-tokko-2024-tokko_march,https://www.e-stat.go.jp/stat-search/file-download?statInfId=000040375650&fileKind=1
09,093424,益子町,e_hojo_road_kokko,8,補助事業費(道路・橋りょう)の国庫支出金(決算),2020-04-01,2021-03-31,2021-03-31,0,決算(年度末),,30442.0,千円,,,,,未取得,,,,https://www.e-stat.go.jp/stat-search/file-download?statInfId=000032188732&fileKind=1
09,093424,益子町,e_hojo_road_kokko,8,補助事業費(道路・橋りょう)の国庫支出金(決算),2021-04-01,2022-03-31,2022-03-31,0,決算(年度末),,31027.0,千円,,,585.0,0.019216871427632877,横ばい,2021-04-01,2022-03-31,gen-election-shugiin_20211031_smd_09_4;gen-tokko-2021-tokko_dec;gen-tokko-2021-tokko_march;gen-mlit-release-2022,https://www.e-stat.go.jp/stat-search/file-download?statInfId=000040044955&fileKind=1
09,093424,益子町,e_hojo_road_kokko,8,補助事業費(道路・橋りょう)の国庫支出金(決算),2022-04-01,2023-03-31,2023-03-31,0,決算(年度末),,24842.0,千円,,,-6185.0,-0.1993425081380733,減少,2022-04-01,2023-03-31,gen-election-sangiin_20220710_smd_09_1;gen-tokko-2022-tokko_dec;gen-tokko-2022-tokko_march;gen-mlit-release-2023,https://www.e-stat.go.jp/stat-search/file-download?statInfId=000040171736&fileKind=1
09,093424,益子町,e_hojo_road_kokko,8,補助事業費(道路・橋りょう)の国庫支出金(決算),2023-04-01,2024-03-31,2024-03-31,0,決算(年度末),,64393.0,千円,,,39551.0,1.592102085178327,増加,2023-04-01,2024-03-31,gen-tokko-2023-tokko_dec;gen-tokko-2023-tokko_march,https://www.e-stat.go.jp/stat-search/file-download?statInfId=000040231625&fileKind=1
09,093424,益子町,e_hojo_road_kokko,8,補助事業費(道路・橋りょう)の国庫支出金(決算),2024-04-01,2025-03-31,2025-03-31,0,決算(年度末),,58794.0,千円,,,-5599.0,-0.08695044492413771,減少,2024-04-01,2025-03-31,gen-mlit-release-2024;gen-election-shugiin_20241027_smd_09_4;gen-tokko-2024-tokko_dec;gen-tokko-2024-tokko_march,https://www.e-stat.go.jp/stat-search/file-download?statInfId=000040375672&fileKind=1
09,093424,益子町,futsu_decided,9,普通交付税 当初決定額,2021-04-01,2022-03-31,2021-08-03,0,当初決定日(算定結果の報道資料の日付),2021-08-03,2045872.0,千円,,,,,未取得,,,,https://www.soumu.go.jp/main_content/000761570.xlsx
09,093424,益子町,futsu_decided,9,普通交付税 当初決定額,2022-04-01,2023-03-31,2022-07-26,0,当初決定日(算定結果の報道資料の日付),2022-07-26,2065598.0,千円,,,19726.0,0.009641854426865415,横ばい,2021-08-04,2022-07-26,gen-election-shugiin_20211031_smd_09_4;gen-tokko-2021-tokko_dec;gen-tokko-2021-tokko_march;gen-mlit-release-2022;gen-election-sangiin_20220710_smd_09_1,https://www.soumu.go.jp/main_content/000762090.xlsx
09,093424,益子町,futsu_decided,9,普通交付税 当初決定額,2023-04-01,2024-03-31,2023-07-28,0,当初決定日(算定結果の報道資料の日付),2023-07-28,2024849.0,千円,,,-40749.0,-0.019727459069964242,横ばい,2022-07-27,2023-07-28,gen-tokko-2022-tokko_dec;gen-tokko-2022-tokko_march;gen-mlit-release-2023,https://www.soumu.go.jp/main_content/000894237.xlsx
09,093424,益子町,futsu_decided,9,普通交付税 当初決定額,2024-04-01,2025-03-31,2024-07-23,0,当初決定日(算定結果の報道資料の日付),2024-07-23,2105568.0,千円,,,80719.0,0.0398642071581634,横ばい,2023-07-29,2024-07-23,gen-tokko-2023-tokko_dec;gen-tokko-2023-tokko_march;gen-mlit-release-2024,https://www.soumu.go.jp/main_content/000958553.xlsx
09,093424,益子町,futsu_decided,9,普通交付税 当初決定額,2025-04-01,2026-03-31,2025-07-29,0,当初決定日(算定結果の報道資料の日付),2025-07-29,2238674.0,千円,,,133106.0,0.06321619629477651,増加,2024-07-24,2025-07-29,gen-election-shugiin_20241027_smd_09_4;gen-tokko-2024-tokko_dec;gen-tokko-2024-tokko_march;gen-mlit-release-2025;gen-election-sangiin_20250720_smd_09_1,https://www.soumu.go.jp/main_content/001022466.xlsx
09,093424,益子町,futsu_decided,9,普通交付税 当初決定額,2026-04-01,2027-03-31,2026-07-24,0,当初決定日(算定結果の報道資料の日付),2026-07-24,2388755.0,千円,,,150081.0,0.06704013179230205,増加,2025-07-30,2026-07-24,gen-tokko-2025-tokko_dec;gen-election-shugiin_20260208_smd_09_4;gen-cabinet-2026-02-18;gen-position-motegi_toshimitsu-外務大臣-2026-02-18;gen-tokko-2025-tokko_march;gen-mlit-release-2026,https://www.soumu.go.jp/main_content/001083404.xlsx
09,093424,益子町,kofu_total,10,国交省 交付決定額 計(年度合計),2017-04-01,2018-03-31,2018-03-31,1,年度内で最後の交付決定日(交付決定がない年度は年度末)。値は年度合計(変更減額を含む),,238890.0,千円,,,,,未取得,,,,https://www.mlit.go.jp/common/001210869.xlsx
09,093424,益子町,kofu_total,10,国交省 交付決定額 計(年度合計),2018-04-01,2019-03-31,2018-09-03,1,年度内で最後の交付決定日(交付決定がない年度は年度末)。値は年度合計(変更減額を含む),,177668.0,千円,,,-61222.0,-0.25627694754908115,減少,2018-04-01,2018-09-03,,https://www.mlit.go.jp/common/001260907.xlsx
09,093424,益子町,kofu_total,10,国交省 交付決定額 計(年度合計),2019-04-01,2020-03-31,2020-03-31,1,年度内で最後の交付決定日(交付決定がない年度は年度末)。値は年度合計(変更減額を含む),,178760.0,千円,,,1092.0,0.006146295337370826,横ばい,2018-09-04,2020-03-31,,https://www.mlit.go.jp/common/001316172.xlsx
09,093424,益子町,kofu_total,10,国交省 交付決定額 計(年度合計),2020-04-01,2021-03-31,2021-03-31,1,年度内で最後の交付決定日(交付決定がない年度は年度末)。値は年度合計(変更減額を含む),,173512.0,千円,,,-5248.0,-0.029357798165137616,横ばい,2020-04-01,2021-03-31,gen-tokko-2020-tokko_dec;gen-tokko-2020-tokko_march;gen-mlit-release-2021,https://www.mlit.go.jp/common/001371589.xlsx
09,093424,益子町,kofu_total,10,国交省 交付決定額 計(年度合計),2021-04-01,2022-03-31,2022-02-04,1,年度内で最後の交付決定日(交付決定がない年度は年度末)。値は年度合計(変更減額を含む),,174238.0,千円,,,726.0,0.004184148646779473,横ばい,2021-04-01,2022-02-04,gen-election-shugiin_20211031_smd_09_4;gen-tokko-2021-tokko_dec,https://www.mlit.go.jp/common/001579048.xlsx
09,093424,益子町,kofu_total,10,国交省 交付決定額 計(年度合計),2022-04-01,2023-03-31,2022-06-03,1,年度内で最後の交付決定日(交付決定がない年度は年度末)。値は年度合計(変更減額を含む),,301597.0,千円,,,127359.0,0.7309484727786132,増加,2022-02-05,2022-06-03,gen-tokko-2021-tokko_march;gen-mlit-release-2022,https://www.mlit.go.jp/common/001426891.xlsx
09,093424,益子町,kofu_total,10,国交省 交付決定額 計(年度合計),2023-04-01,2024-03-31,2023-08-18,1,年度内で最後の交付決定日(交付決定がない年度は年度末)。値は年度合計(変更減額を含む),,243703.0,千円,,,-57894.0,-0.191958142819723,減少,2022-06-04,2023-08-18,gen-election-sangiin_20220710_smd_09_1;gen-tokko-2022-tokko_dec;gen-tokko-2022-tokko_march;gen-mlit-release-2023,https://www.mlit.go.jp/page/content/001749355.xlsx
09,093424,益子町,kofu_total,10,国交省 交付決定額 計(年度合計),2024-04-01,2025-03-31,2025-03-11,1,年度内で最後の交付決定日(交付決定がない年度は年度末)。値は年度合計(変更減額を含む),,290834.0,千円,,,47131.0,0.19339523928716512,増加,2023-08-19,2025-03-11,gen-tokko-2023-tokko_dec;gen-tokko-2023-tokko_march;gen-mlit-release-2024;gen-election-shugiin_20241027_smd_09_4;gen-tokko-2024-tokko_dec,https://www.mlit.go.jp/page/content/001889200.xlsx
09,093424,益子町,kofu_total,10,国交省 交付決定額 計(年度合計),2025-04-01,2026-03-31,2026-03-26,1,年度内で最後の交付決定日(交付決定がない年度は年度末)。値は年度合計(変更減額を含む),,349200.0,千円,,,58366.0,0.20068492679672942,増加,2025-03-12,2026-03-26,gen-tokko-2024-tokko_march;gen-mlit-release-2025;gen-election-sangiin_20250720_smd_09_1;gen-tokko-2025-tokko_dec;gen-election-shugiin_20260208_smd_09_4;gen-cabinet-2026-02-18;gen-position-motegi_toshimitsu-外務大臣-2026-02-18;gen-tokko-2025-tokko_march,https://www.mlit.go.jp/page/content/001968987.xlsx
09,093424,益子町,kofu_shasoukou,10,国交省 交付決定額 社会資本整備総合交付金,2017-04-01,2018-03-31,2018-03-31,1,年度内で最後の交付決定日(交付決定がない年度は年度末)。値は年度合計(変更減額を含む),,238890.0,千円,,,,,未取得,,,,https://www.mlit.go.jp/common/001306061.xlsx
09,093424,益子町,kofu_shasoukou,10,国交省 交付決定額 社会資本整備総合交付金,2018-04-01,2019-03-31,2018-09-03,1,年度内で最後の交付決定日(交付決定がない年度は年度末)。値は年度合計(変更減額を含む),,177668.0,千円,,,-61222.0,-0.25627694754908115,減少,2018-04-01,2018-09-03,,https://www.mlit.go.jp/common/001288716.xlsx
09,093424,益子町,kofu_shasoukou,10,国交省 交付決定額 社会資本整備総合交付金,2019-04-01,2020-03-31,2020-03-31,1,年度内で最後の交付決定日(交付決定がない年度は年度末)。値は年度合計(変更減額を含む),,178760.0,千円,,,1092.0,0.006146295337370826,横ばい,2018-09-04,2020-03-31,,https://www.mlit.go.jp/common/001316186.xlsx
09,093424,益子町,kofu_shasoukou,10,国交省 交付決定額 社会資本整備総合交付金,2020-04-01,2021-03-31,2021-03-31,1,年度内で最後の交付決定日(交付決定がない年度は年度末)。値は年度合計(変更減額を含む),,168012.0,千円,,,-10748.0,-0.0601253076750951,減少,2020-04-01,2021-03-31,gen-tokko-2020-tokko_dec;gen-tokko-2020-tokko_march;gen-mlit-release-2021,https://www.mlit.go.jp/common/001371606.xlsx
09,093424,益子町,kofu_shasoukou,10,国交省 交付決定額 社会資本整備総合交付金,2021-04-01,2022-03-31,2022-03-31,1,年度内で最後の交付決定日(交付決定がない年度は年度末)。値は年度合計(変更減額を含む),,165613.0,千円,,,-2399.0,-0.014278741994619431,横ばい,2021-04-01,2022-03-31,gen-election-shugiin_20211031_smd_09_4;gen-tokko-2021-tokko_dec;gen-tokko-2021-tokko_march;gen-mlit-release-2022,https://www.mlit.go.jp/common/001579064.xlsx
09,093424,益子町,kofu_shasoukou,10,国交省 交付決定額 社会資本整備総合交付金,2022-04-01,2023-03-31,2023-03-31,1,年度内で最後の交付決定日(交付決定がない年度は年度末)。値は年度合計(変更減額を含む),,279974.0,千円,,,114361.0,0.6905315403983987,増加,2022-04-01,2023-03-31,gen-election-sangiin_20220710_smd_09_1;gen-tokko-2022-tokko_dec;gen-tokko-2022-tokko_march;gen-mlit-release-2023,https://www.mlit.go.jp/common/001426909.xlsx
09,093424,益子町,kofu_shasoukou,10,国交省 交付決定額 社会資本整備総合交付金,2023-04-01,2024-03-31,2023-08-03,1,年度内で最後の交付決定日(交付決定がない年度は年度末)。値は年度合計(変更減額を含む),,223865.0,千円,,,-56109.0,-0.20040789501882317,減少,2023-04-01,2023-08-03,,https://www.mlit.go.jp/page/content/001708175.xlsx
09,093424,益子町,kofu_shasoukou,10,国交省 交付決定額 社会資本整備総合交付金,2024-04-01,2025-03-31,2025-03-11,1,年度内で最後の交付決定日(交付決定がない年度は年度末)。値は年度合計(変更減額を含む),,231245.0,千円,,,7380.0,0.03296629665200009,横ばい,2023-08-04,2025-03-11,gen-tokko-2023-tokko_dec;gen-tokko-2023-tokko_march;gen-mlit-release-2024;gen-election-shugiin_20241027_smd_09_4;gen-tokko-2024-tokko_dec,https://www.mlit.go.jp/page/content/001842591.xlsx
09,093424,益子町,kofu_shasoukou,10,国交省 交付決定額 社会資本整備総合交付金,2025-04-01,2026-03-31,2026-03-04,1,年度内で最後の交付決定日(交付決定がない年度は年度末)。値は年度合計(変更減額を含む),,124334.0,千円,,,-106911.0,-0.46232783411533224,減少,2025-03-12,2026-03-04,gen-tokko-2024-tokko_march;gen-mlit-release-2025;gen-election-sangiin_20250720_smd_09_1;gen-tokko-2025-tokko_dec;gen-election-shugiin_20260208_smd_09_4;gen-cabinet-2026-02-18;gen-position-motegi_toshimitsu-外務大臣-2026-02-18,https://www.mlit.go.jp/page/content/001969014.xlsx
09,093424,益子町,kofu_bouan,10,国交省 交付決定額 防災・安全交付金,2017-04-01,2018-03-31,2018-03-31,1,年度内で最後の交付決定日(交付決定がない年度は年度末)。値は年度合計(変更減額を含む),,98753.0,千円,,,,,未取得,,,,https://www.mlit.go.jp/common/001306061.xlsx
09,093424,益子町,kofu_bouan,10,国交省 交付決定額 防災・安全交付金,2018-04-01,2019-03-31,2018-09-03,1,年度内で最後の交付決定日(交付決定がない年度は年度末)。値は年度合計(変更減額を含む),,44673.0,千円,,,-54080.0,-0.5476289327919152,減少,2018-04-01,2018-09-03,,https://www.mlit.go.jp/common/001288716.xlsx
09,093424,益子町,kofu_bouan,10,国交省 交付決定額 防災・安全交付金,2019-04-01,2020-03-31,2020-03-31,1,年度内で最後の交付決定日(交付決定がない年度は年度末)。値は年度合計(変更減額を含む),,35560.0,千円,,,-9113.0,-0.20399346361336826,減少,2018-09-04,2020-03-31,,https://www.mlit.go.jp/common/001316186.xlsx
09,093424,益子町,kofu_bouan,10,国交省 交付決定額 防災・安全交付金,2020-04-01,2021-03-31,2021-03-31,1,年度内で最後の交付決定日(交付決定がない年度は年度末)。値は年度合計(変更減額を含む),,27065.0,千円,,,-8495.0,-0.2388920134983127,減少,2020-04-01,2021-03-31,gen-tokko-2020-tokko_dec;gen-tokko-2020-tokko_march;gen-mlit-release-2021,https://www.mlit.go.jp/common/001371606.xlsx
09,093424,益子町,kofu_bouan,10,国交省 交付決定額 防災・安全交付金,2021-04-01,2022-03-31,2022-03-31,1,年度内で最後の交付決定日(交付決定がない年度は年度末)。値は年度合計(変更減額を含む),,7164.0,千円,,,-19901.0,-0.7353038980232773,減少,2021-04-01,2022-03-31,gen-election-shugiin_20211031_smd_09_4;gen-tokko-2021-tokko_dec;gen-tokko-2021-tokko_march;gen-mlit-release-2022,https://www.mlit.go.jp/common/001579064.xlsx
09,093424,益子町,kofu_bouan,10,国交省 交付決定額 防災・安全交付金,2022-04-01,2023-03-31,2023-03-31,1,年度内で最後の交付決定日(交付決定がない年度は年度末)。値は年度合計(変更減額を含む),,8812.0,千円,,,1648.0,0.2300390843104411,増加,2022-04-01,2023-03-31,gen-election-sangiin_20220710_smd_09_1;gen-tokko-2022-tokko_dec;gen-tokko-2022-tokko_march;gen-mlit-release-2023,https://www.mlit.go.jp/common/001426909.xlsx
09,093424,益子町,kofu_bouan,10,国交省 交付決定額 防災・安全交付金,2023-04-01,2024-03-31,2023-08-18,1,年度内で最後の交付決定日(交付決定がない年度は年度末)。値は年度合計(変更減額を含む),,11344.0,千円,,,2532.0,0.2873354516568316,増加,2023-04-01,2023-08-18,,https://www.mlit.go.jp/page/content/001708175.xlsx
09,093424,益子町,kofu_bouan,10,国交省 交付決定額 防災・安全交付金,2024-04-01,2025-03-31,2025-03-11,1,年度内で最後の交付決定日(交付決定がない年度は年度末)。値は年度合計(変更減額を含む),,9989.0,千円,,,-1355.0,-0.11944640338504936,減少,2023-08-19,2025-03-11,gen-tokko-2023-tokko_dec;gen-tokko-2023-tokko_march;gen-mlit-release-2024;gen-election-shugiin_20241027_smd_09_4;gen-tokko-2024-tokko_dec,https://www.mlit.go.jp/page/content/001842591.xlsx
09,093424,益子町,kofu_bouan,10,国交省 交付決定額 防災・安全交付金,2025-04-01,2026-03-31,2026-03-26,1,年度内で最後の交付決定日(交付決定がない年度は年度末)。値は年度合計(変更減額を含む),,30916.0,千円,,,20927.0,2.095004504955451,増加,2025-03-12,2026-03-26,gen-tokko-2024-tokko_march;gen-mlit-release-2025;gen-election-sangiin_20250720_smd_09_1;gen-tokko-2025-tokko_dec;gen-election-shugiin_20260208_smd_09_4;gen-cabinet-2026-02-18;gen-position-motegi_toshimitsu-外務大臣-2026-02-18;gen-tokko-2025-tokko_march,https://www.mlit.go.jp/page/content/001969014.xlsx
09,093424,益子町,kofu_road,10,国交省 交付決定額 道路関係の補助,2017-04-01,2018-03-31,2018-03-31,1,年度内で最後の交付決定日(交付決定がない年度は年度末)。値は年度合計(変更減額を含む),,0.0,千円,,,,,未取得,,,,https://www.mlit.go.jp/common/001234557.xlsx
09,093424,益子町,kofu_road,10,国交省 交付決定額 道路関係の補助,2018-04-01,2019-03-31,2019-03-31,1,年度内で最後の交付決定日(交付決定がない年度は年度末)。値は年度合計(変更減額を含む),,0.0,千円,,,0.0,,未取得,2018-04-01,2019-03-31,,https://www.mlit.go.jp/common/001260897.xlsx
09,093424,益子町,kofu_road,10,国交省 交付決定額 道路関係の補助,2019-04-01,2020-03-31,2020-03-31,1,年度内で最後の交付決定日(交付決定がない年度は年度末)。値は年度合計(変更減額を含む),,0.0,千円,,,0.0,,未取得,2019-04-01,2020-03-31,,https://www.mlit.go.jp/common/001316175.xlsx
09,093424,益子町,kofu_road,10,国交省 交付決定額 道路関係の補助,2020-04-01,2021-03-31,2021-03-31,1,年度内で最後の交付決定日(交付決定がない年度は年度末)。値は年度合計(変更減額を含む),,5500.0,千円,,,5500.0,,未取得,2020-04-01,2021-03-31,gen-tokko-2020-tokko_dec;gen-tokko-2020-tokko_march;gen-mlit-release-2021,https://www.mlit.go.jp/common/001371629.xlsx
09,093424,益子町,kofu_road,10,国交省 交付決定額 道路関係の補助,2021-04-01,2022-03-31,2022-02-04,1,年度内で最後の交付決定日(交付決定がない年度は年度末)。値は年度合計(変更減額を含む),,7425.0,千円,,,1925.0,0.35,増加,2021-04-01,2022-02-04,gen-election-shugiin_20211031_smd_09_4;gen-tokko-2021-tokko_dec,https://www.mlit.go.jp/common/001579051.xlsx
09,093424,益子町,kofu_road,10,国交省 交付決定額 道路関係の補助,2022-04-01,2023-03-31,2022-05-20,1,年度内で最後の交付決定日(交付決定がない年度は年度末)。値は年度合計(変更減額を含む),,11011.0,千円,,,3586.0,0.482962962962963,増加,2022-02-05,2022-05-20,gen-tokko-2021-tokko_march;gen-mlit-release-2022,https://www.mlit.go.jp/common/001426897.xlsx
09,093424,益子町,kofu_road,10,国交省 交付決定額 道路関係の補助,2023-04-01,2024-03-31,2023-04-28,1,年度内で最後の交付決定日(交付決定がない年度は年度末)。値は年度合計(変更減額を含む),,8494.0,千円,,,-2517.0,-0.22858959222595587,減少,2022-05-21,2023-04-28,gen-election-sangiin_20220710_smd_09_1;gen-tokko-2022-tokko_dec;gen-tokko-2022-tokko_march;gen-mlit-release-2023,https://www.mlit.go.jp/page/content/001708164.xlsx
09,093424,益子町,kofu_road,10,国交省 交付決定額 道路関係の補助,2024-04-01,2025-03-31,2024-04-26,1,年度内で最後の交付決定日(交付決定がない年度は年度末)。値は年度合計(変更減額を含む),,14300.0,千円,,,5806.0,0.6835413232870261,増加,2023-04-29,2024-04-26,gen-tokko-2023-tokko_dec;gen-tokko-2023-tokko_march;gen-mlit-release-2024,https://www.mlit.go.jp/page/content/001889202.xlsx
09,093424,益子町,kofu_road,10,国交省 交付決定額 道路関係の補助,2025-04-01,2026-03-31,2025-11-28,1,年度内で最後の交付決定日(交付決定がない年度は年度末)。値は年度合計(変更減額を含む),,24750.0,千円,,,10450.0,0.7307692307692307,増加,2024-04-27,2025-11-28,gen-election-shugiin_20241027_smd_09_4;gen-tokko-2024-tokko_dec;gen-tokko-2024-tokko_march;gen-mlit-release-2025;gen-election-sangiin_20250720_smd_09_1,https://www.mlit.go.jp/page/content/001969000.xlsx
09,093432,茂木町,card_kokko,1,国庫支出金(決算),2020-04-01,2021-03-31,2021-03-31,0,決算(年度末),,2756850.0,千円,,,,,未取得,,,,https://www.soumu.go.jp/main_content/000804135.xlsx
09,093432,茂木町,card_kokko,1,国庫支出金(決算),2021-04-01,2022-03-31,2022-03-31,0,決算(年度末),,1130172.0,千円,,,-1626678.0,-0.5900495130311769,減少,2021-04-01,2022-03-31,gen-election-shugiin_20211031_smd_09_4;gen-tokko-2021-tokko_dec;gen-tokko-2021-tokko_march;gen-mlit-release-2022,https://www.soumu.go.jp/main_content/000873399.xlsx
09,093432,茂木町,card_kokko,1,国庫支出金(決算),2022-04-01,2023-03-31,2023-03-31,0,決算(年度末),,1141069.0,千円,,,10897.0,0.009641895215949431,横ばい,2022-04-01,2023-03-31,gen-election-sangiin_20220710_smd_09_1;gen-tokko-2022-tokko_dec;gen-tokko-2022-tokko_march;gen-mlit-release-2023,https://www.soumu.go.jp/main_content/000937050.xlsx
09,093432,茂木町,card_kokko,1,国庫支出金(決算),2023-04-01,2024-03-31,2024-03-31,0,決算(年度末),,1431310.0,千円,,,290241.0,0.25435885121758633,増加,2023-04-01,2024-03-31,gen-tokko-2023-tokko_dec;gen-tokko-2023-tokko_march,https://www.soumu.go.jp/main_content/000998938.xlsx
09,093432,茂木町,card_kokko,1,国庫支出金(決算),2024-04-01,2025-03-31,2025-03-31,0,決算(年度末),,1088472.0,千円,,,-342838.0,-0.23952742592450274,減少,2024-04-01,2025-03-31,gen-mlit-release-2024;gen-election-shugiin_20241027_smd_09_4;gen-tokko-2024-tokko_dec;gen-tokko-2024-tokko_march,https://www.soumu.go.jp/main_content/001063963.xlsx
09,093432,茂木町,card_pref,2,県支出金(決算),2020-04-01,2021-03-31,2021-03-31,0,決算(年度末),,441263.0,千円,,,,,未取得,,,,https://www.soumu.go.jp/main_content/000804135.xlsx
09,093432,茂木町,card_pref,2,県支出金(決算),2021-04-01,2022-03-31,2022-03-31,0,決算(年度末),,435440.0,千円,,,-5823.0,-0.013196211782995628,横ばい,2021-04-01,2022-03-31,gen-election-shugiin_20211031_smd_09_4;gen-tokko-2021-tokko_dec;gen-tokko-2021-tokko_march;gen-mlit-release-2022,https://www.soumu.go.jp/main_content/000873399.xlsx
09,093432,茂木町,card_pref,2,県支出金(決算),2022-04-01,2023-03-31,2023-03-31,0,決算(年度末),,432999.0,千円,,,-2441.0,-0.005605823994120889,横ばい,2022-04-01,2023-03-31,gen-election-sangiin_20220710_smd_09_1;gen-tokko-2022-tokko_dec;gen-tokko-2022-tokko_march;gen-mlit-release-2023,https://www.soumu.go.jp/main_content/000937050.xlsx
09,093432,茂木町,card_pref,2,県支出金(決算),2023-04-01,2024-03-31,2024-03-31,0,決算(年度末),,403113.0,千円,,,-29886.0,-0.06902094462111921,減少,2023-04-01,2024-03-31,gen-tokko-2023-tokko_dec;gen-tokko-2023-tokko_march,https://www.soumu.go.jp/main_content/000998938.xlsx
09,093432,茂木町,card_pref,2,県支出金(決算),2024-04-01,2025-03-31,2025-03-31,0,決算(年度末),,450966.0,千円,,,47853.0,0.11870864993190496,増加,2024-04-01,2025-03-31,gen-mlit-release-2024;gen-election-shugiin_20241027_smd_09_4;gen-tokko-2024-tokko_dec;gen-tokko-2024-tokko_march,https://www.soumu.go.jp/main_content/001063963.xlsx
09,093432,茂木町,tokko_dec,3a,特別交付税 12月分,2020-04-01,2021-03-31,2020-12-08,0,交付決定日(報道発表),2020-12-08,,千円,,報道発表に町村の個別額なし(都道府県計のみ),,,未取得,,,,https://www.soumu.go.jp/main_content/000721607.pdf
09,093432,茂木町,tokko_dec,3a,特別交付税 12月分,2021-04-01,2022-03-31,2021-12-03,0,交付決定日(報道発表),2021-12-03,,千円,,報道発表に町村の個別額なし(都道府県計のみ),,,未取得,2020-12-09,2021-12-03,gen-tokko-2020-tokko_march;gen-mlit-release-2021;gen-election-shugiin_20211031_smd_09_4;gen-tokko-2021-tokko_dec,https://www.soumu.go.jp/main_content/000780948.pdf
09,093432,茂木町,tokko_dec,3a,特別交付税 12月分,2022-04-01,2023-03-31,2022-12-13,0,交付決定日(報道発表),2022-12-13,,千円,,報道発表に町村の個別額なし(都道府県計のみ),,,未取得,2021-12-04,2022-12-13,gen-tokko-2021-tokko_march;gen-mlit-release-2022;gen-election-sangiin_20220710_smd_09_1;gen-tokko-2022-tokko_dec,https://www.soumu.go.jp/main_content/000850537.pdf
09,093432,茂木町,tokko_dec,3a,特別交付税 12月分,2023-04-01,2024-03-31,2023-12-12,0,交付決定日(報道発表),2023-12-12,,千円,,報道発表に町村の個別額なし(都道府県計のみ),,,未取得,2022-12-14,2023-12-12,gen-tokko-2022-tokko_march;gen-mlit-release-2023;gen-tokko-2023-tokko_dec,https://www.soumu.go.jp/main_content/000916643.pdf
09,093432,茂木町,tokko_dec,3a,特別交付税 12月分,2024-04-01,2025-03-31,2024-12-20,0,交付決定日(報道発表),2024-12-20,,千円,,報道発表に町村の個別額なし(都道府県計のみ),,,未取得,2023-12-13,2024-12-20,gen-tokko-2023-tokko_march;gen-mlit-release-2024;gen-election-shugiin_20241027_smd_09_4;gen-tokko-2024-tokko_dec,https://www.soumu.go.jp/main_content/000983129.pdf
09,093432,茂木町,tokko_dec,3a,特別交付税 12月分,2025-04-01,2026-03-31,2025-12-19,0,交付決定日(報道発表),2025-12-19,,千円,,報道発表に町村の個別額なし(都道府県計のみ),,,未取得,2024-12-21,2025-12-19,gen-tokko-2024-tokko_march;gen-mlit-release-2025;gen-election-sangiin_20250720_smd_09_1;gen-tokko-2025-tokko_dec,https://www.soumu.go.jp/main_content/001046667.pdf
09,093432,茂木町,tokko_march,3b,特別交付税 3月分,2020-04-01,2021-03-31,2021-03-19,0,交付決定日(報道発表),2021-03-19,,千円,,報道発表に町村の個別額なし(都道府県計のみ),,,未取得,,,,https://www.soumu.go.jp/main_content/000738961.pdf
09,093432,茂木町,tokko_march,3b,特別交付税 3月分,2021-04-01,2022-03-31,2022-03-18,0,交付決定日(報道発表),2022-03-18,,千円,,報道発表に町村の個別額なし(都道府県計のみ),,,未取得,2021-03-20,2022-03-18,gen-mlit-release-2021;gen-election-shugiin_20211031_smd_09_4;gen-tokko-2021-tokko_dec;gen-tokko-2021-tokko_march,https://www.soumu.go.jp/main_content/000799619.pdf
09,093432,茂木町,tokko_march,3b,特別交付税 3月分,2022-04-01,2023-03-31,2023-03-22,0,交付決定日(報道発表),2023-03-22,,千円,,報道発表に町村の個別額なし(都道府県計のみ),,,未取得,2022-03-19,2023-03-22,gen-mlit-release-2022;gen-election-sangiin_20220710_smd_09_1;gen-tokko-2022-tokko_dec;gen-tokko-2022-tokko_march,https://www.soumu.go.jp/main_content/000869990.pdf
09,093432,茂木町,tokko_march,3b,特別交付税 3月分,2023-04-01,2024-03-31,2024-03-22,0,交付決定日(報道発表),2024-03-22,,千円,,報道発表に町村の個別額なし(都道府県計のみ),,,未取得,2023-03-23,2024-03-22,gen-mlit-release-2023;gen-tokko-2023-tokko_dec;gen-tokko-2023-tokko_march,https://www.soumu.go.jp/main_content/000997045.pdf
09,093432,茂木町,tokko_march,3b,特別交付税 3月分,2024-04-01,2025-03-31,2025-03-21,0,交付決定日(報道発表),2025-03-21,,千円,,報道発表に町村の個別額なし(都道府県計のみ),,,未取得,2024-03-23,2025-03-21,gen-mlit-release-2024;gen-election-shugiin_20241027_smd_09_4;gen-tokko-2024-tokko_dec;gen-tokko-2024-tokko_march,https://www.soumu.go.jp/main_content/000998441.pdf
09,093432,茂木町,tokko_march,3b,特別交付税 3月分,2025-04-01,2026-03-31,2026-03-17,0,交付決定日(報道発表),2026-03-17,,千円,,報道発表に町村の個別額なし(都道府県計のみ),,,未取得,2025-03-22,2026-03-17,gen-mlit-release-2025;gen-election-sangiin_20250720_smd_09_1;gen-tokko-2025-tokko_dec;gen-election-shugiin_20260208_smd_09_4;gen-cabinet-2026-02-18;gen-position-motegi_toshimitsu-外務大臣-2026-02-18;gen-tokko-2025-tokko_march,https://www.soumu.go.jp/main_content/001061260.pdf
09,093432,茂木町,mlit_sole_grants,4,社総交・防安交 単独策定主体の国費,2021-04-01,2022-03-31,2021-03-30,1,当初配分の報道発表日を代用(交付決定日は未公表),2021-03-30,0.0,千円,0,,,,未取得,,,,https://www.mlit.go.jp/common/001396522.pdf
09,093432,茂木町,mlit_sole_grants,4,社総交・防安交 単独策定主体の国費,2022-04-01,2023-03-31,2022-03-25,1,当初配分の報道発表日を代用(交付決定日は未公表),2022-03-25,0.0,千円,0,,0.0,,未取得,2021-03-31,2022-03-25,gen-election-shugiin_20211031_smd_09_4;gen-tokko-2021-tokko_dec;gen-tokko-2021-tokko_march;gen-mlit-release-2022,https://www.mlit.go.jp/page/content/001472731.pdf
09,093432,茂木町,mlit_sole_grants,4,社総交・防安交 単独策定主体の国費,2023-04-01,2024-03-31,2023-03-31,1,当初配分の報道発表日を代用(交付決定日は未公表),2023-03-31,0.0,千円,0,,0.0,,未取得,2022-03-26,2023-03-31,gen-election-sangiin_20220710_smd_09_1;gen-tokko-2022-tokko_dec;gen-tokko-2022-tokko_march;gen-mlit-release-2023,https://www.mlit.go.jp/page/content/001596924.pdf
09,093432,茂木町,mlit_sole_grants,4,社総交・防安交 単独策定主体の国費,2024-04-01,2025-03-31,2024-04-01,1,当初配分の報道発表日を代用(交付決定日は未公表),2024-04-01,0.0,千円,0,,0.0,,未取得,2023-04-01,2024-04-01,gen-tokko-2023-tokko_dec;gen-tokko-2023-tokko_march;gen-mlit-release-2024,https://www.mlit.go.jp/page/content/001735005.pdf
09,093432,茂木町,mlit_sole_grants,4,社総交・防安交 単独策定主体の国費,2025-04-01,2026-03-31,2025-04-01,1,当初配分の報道発表日を代用(交付決定日は未公表),2025-04-01,0.0,千円,0,,0.0,,未取得,2024-04-02,2025-04-01,gen-election-shugiin_20241027_smd_09_4;gen-tokko-2024-tokko_dec;gen-tokko-2024-tokko_march;gen-mlit-release-2025,https://www.mlit.go.jp/page/content/001879738.pdf
09,093432,茂木町,mlit_sole_grants,4,社総交・防安交 単独策定主体の国費,2026-04-01,2027-03-31,2026-04-07,1,当初配分の報道発表日を代用(交付決定日は未公表),2026-04-07,0.0,千円,0,,0.0,,未取得,2025-04-02,2026-04-07,gen-election-sangiin_20250720_smd_09_1;gen-tokko-2025-tokko_dec;gen-election-shugiin_20260208_smd_09_4;gen-cabinet-2026-02-18;gen-position-motegi_toshimitsu-外務大臣-2026-02-18;gen-tokko-2025-tokko_march;gen-mlit-release-2026,https://www.mlit.go.jp/page/content/001994561.pdf
09,093432,茂木町,mlit_road,5,道路局箇所表 事業主体=当該市町の国費,2021-04-01,2022-03-31,2021-03-30,1,当初配分の報道発表日を代用(交付決定日は未公表),2021-03-30,32000.0,千円,1,,,,未取得,,,,https://www.mlit.go.jp/common/001396522.pdf
09,093432,茂木町,mlit_road,5,道路局箇所表 事業主体=当該市町の国費,2022-04-01,2023-03-31,2022-03-25,1,当初配分の報道発表日を代用(交付決定日は未公表),2022-03-25,42000.0,千円,2,,10000.0,0.3125,増加,2021-03-31,2022-03-25,gen-election-shugiin_20211031_smd_09_4;gen-tokko-2021-tokko_dec;gen-tokko-2021-tokko_march;gen-mlit-release-2022,https://www.mlit.go.jp/page/content/001472731.pdf
09,093432,茂木町,mlit_road,5,道路局箇所表 事業主体=当該市町の国費,2023-04-01,2024-03-31,2023-03-31,1,当初配分の報道発表日を代用(交付決定日は未公表),2023-03-31,23000.0,千円,2,,-19000.0,-0.4523809523809524,減少,2022-03-26,2023-03-31,gen-election-sangiin_20220710_smd_09_1;gen-tokko-2022-tokko_dec;gen-tokko-2022-tokko_march;gen-mlit-release-2023,https://www.mlit.go.jp/page/content/001596924.pdf
09,093432,茂木町,mlit_road,5,道路局箇所表 事業主体=当該市町の国費,2024-04-01,2025-03-31,2024-04-01,1,当初配分の報道発表日を代用(交付決定日は未公表),2024-04-01,21000.0,千円,2,,-2000.0,-0.08695652173913043,減少,2023-04-01,2024-04-01,gen-tokko-2023-tokko_dec;gen-tokko-2023-tokko_march;gen-mlit-release-2024,https://www.mlit.go.jp/page/content/001735005.pdf
09,093432,茂木町,mlit_road,5,道路局箇所表 事業主体=当該市町の国費,2025-04-01,2026-03-31,2025-04-01,1,当初配分の報道発表日を代用(交付決定日は未公表),2025-04-01,12000.0,千円,2,,-9000.0,-0.42857142857142855,減少,2024-04-02,2025-04-01,gen-election-shugiin_20241027_smd_09_4;gen-tokko-2024-tokko_dec;gen-tokko-2024-tokko_march;gen-mlit-release-2025,https://www.mlit.go.jp/page/content/001879738.pdf
09,093432,茂木町,mlit_road,5,道路局箇所表 事業主体=当該市町の国費,2026-04-01,2027-03-31,2026-04-07,1,当初配分の報道発表日を代用(交付決定日は未公表),2026-04-07,15000.0,千円,1,,3000.0,0.25,増加,2025-04-02,2026-04-07,gen-election-sangiin_20250720_smd_09_1;gen-tokko-2025-tokko_dec;gen-election-shugiin_20260208_smd_09_4;gen-cabinet-2026-02-18;gen-position-motegi_toshimitsu-外務大臣-2026-02-18;gen-tokko-2025-tokko_march;gen-mlit-release-2026,https://www.mlit.go.jp/page/content/001994561.pdf
09,093432,茂木町,e_kokko,6,国庫支出金 計(決算、地方財政状況調査),2020-04-01,2021-03-31,2021-03-31,0,決算(年度末),,2756850.0,千円,,,,,未取得,,,,https://www.e-stat.go.jp/stat-search/file-download?statInfId=000032188698&fileKind=1
09,093432,茂木町,e_kokko,6,国庫支出金 計(決算、地方財政状況調査),2021-04-01,2022-03-31,2022-03-31,0,決算(年度末),,1130172.0,千円,,,-1626678.0,-0.5900495130311769,減少,2021-04-01,2022-03-31,gen-election-shugiin_20211031_smd_09_4;gen-tokko-2021-tokko_dec;gen-tokko-2021-tokko_march;gen-mlit-release-2022,https://www.e-stat.go.jp/stat-search/file-download?statInfId=000040044921&fileKind=1
09,093432,茂木町,e_kokko,6,国庫支出金 計(決算、地方財政状況調査),2022-04-01,2023-03-31,2023-03-31,0,決算(年度末),,1141069.0,千円,,,10897.0,0.009641895215949431,横ばい,2022-04-01,2023-03-31,gen-election-sangiin_20220710_smd_09_1;gen-tokko-2022-tokko_dec;gen-tokko-2022-tokko_march;gen-mlit-release-2023,https://www.e-stat.go.jp/stat-search/file-download?statInfId=000040171702&fileKind=1
09,093432,茂木町,e_kokko,6,国庫支出金 計(決算、地方財政状況調査),2023-04-01,2024-03-31,2024-03-31,0,決算(年度末),,1431310.0,千円,,,290241.0,0.25435885121758633,増加,2023-04-01,2024-03-31,gen-tokko-2023-tokko_dec;gen-tokko-2023-tokko_march,https://www.e-stat.go.jp/stat-search/file-download?statInfId=000040231591&fileKind=1
09,093432,茂木町,e_kokko,6,国庫支出金 計(決算、地方財政状況調査),2024-04-01,2025-03-31,2025-03-31,0,決算(年度末),,1088472.0,千円,,,-342838.0,-0.23952742592450274,減少,2024-04-01,2025-03-31,gen-mlit-release-2024;gen-election-shugiin_20241027_smd_09_4;gen-tokko-2024-tokko_dec;gen-tokko-2024-tokko_march,https://www.e-stat.go.jp/stat-search/file-download?statInfId=000040375638&fileKind=1
09,093432,茂木町,e_kokko_futsuken,6,国庫支出金のうち普通建設事業費支出金(決算),2020-04-01,2021-03-31,2021-03-31,0,決算(年度末),,176701.0,千円,,,,,未取得,,,,https://www.e-stat.go.jp/stat-search/file-download?statInfId=000032188698&fileKind=1
09,093432,茂木町,e_kokko_futsuken,6,国庫支出金のうち普通建設事業費支出金(決算),2021-04-01,2022-03-31,2022-03-31,0,決算(年度末),,6188.0,千円,,,-170513.0,-0.9649803906033356,減少,2021-04-01,2022-03-31,gen-election-shugiin_20211031_smd_09_4;gen-tokko-2021-tokko_dec;gen-tokko-2021-tokko_march;gen-mlit-release-2022,https://www.e-stat.go.jp/stat-search/file-download?statInfId=000040044921&fileKind=1
09,093432,茂木町,e_kokko_futsuken,6,国庫支出金のうち普通建設事業費支出金(決算),2022-04-01,2023-03-31,2023-03-31,0,決算(年度末),,73133.0,千円,,,66945.0,10.818519715578539,増加,2022-04-01,2023-03-31,gen-election-sangiin_20220710_smd_09_1;gen-tokko-2022-tokko_dec;gen-tokko-2022-tokko_march;gen-mlit-release-2023,https://www.e-stat.go.jp/stat-search/file-download?statInfId=000040171702&fileKind=1
09,093432,茂木町,e_kokko_futsuken,6,国庫支出金のうち普通建設事業費支出金(決算),2023-04-01,2024-03-31,2024-03-31,0,決算(年度末),,472774.0,千円,,,399641.0,5.4645782341760905,増加,2023-04-01,2024-03-31,gen-tokko-2023-tokko_dec;gen-tokko-2023-tokko_march,https://www.e-stat.go.jp/stat-search/file-download?statInfId=000040231591&fileKind=1
09,093432,茂木町,e_kokko_futsuken,6,国庫支出金のうち普通建設事業費支出金(決算),2024-04-01,2025-03-31,2025-03-31,0,決算(年度末),,179268.0,千円,,,-293506.0,-0.620816711578894,減少,2024-04-01,2025-03-31,gen-mlit-release-2024;gen-election-shugiin_20241027_smd_09_4;gen-tokko-2024-tokko_dec;gen-tokko-2024-tokko_march,https://www.e-stat.go.jp/stat-search/file-download?statInfId=000040375638&fileKind=1
09,093432,茂木町,e_kokko_saigai,6,国庫支出金のうち災害復旧事業費支出金(決算),2020-04-01,2021-03-31,2021-03-31,0,決算(年度末),,151423.0,千円,,,,,未取得,,,,https://www.e-stat.go.jp/stat-search/file-download?statInfId=000032188698&fileKind=1
09,093432,茂木町,e_kokko_saigai,6,国庫支出金のうち災害復旧事業費支出金(決算),2021-04-01,2022-03-31,2022-03-31,0,決算(年度末),,0.0,千円,,,-151423.0,-1.0,減少,2021-04-01,2022-03-31,gen-election-shugiin_20211031_smd_09_4;gen-tokko-2021-tokko_dec;gen-tokko-2021-tokko_march;gen-mlit-release-2022,https://www.e-stat.go.jp/stat-search/file-download?statInfId=000040044921&fileKind=1
09,093432,茂木町,e_kokko_saigai,6,国庫支出金のうち災害復旧事業費支出金(決算),2022-04-01,2023-03-31,2023-03-31,0,決算(年度末),,3324.0,千円,,,3324.0,,未取得,2022-04-01,2023-03-31,gen-election-sangiin_20220710_smd_09_1;gen-tokko-2022-tokko_dec;gen-tokko-2022-tokko_march;gen-mlit-release-2023,https://www.e-stat.go.jp/stat-search/file-download?statInfId=000040171702&fileKind=1
09,093432,茂木町,e_kokko_saigai,6,国庫支出金のうち災害復旧事業費支出金(決算),2023-04-01,2024-03-31,2024-03-31,0,決算(年度末),,46553.0,千円,,,43229.0,13.00511432009627,増加,2023-04-01,2024-03-31,gen-tokko-2023-tokko_dec;gen-tokko-2023-tokko_march,https://www.e-stat.go.jp/stat-search/file-download?statInfId=000040231591&fileKind=1
09,093432,茂木町,e_kokko_saigai,6,国庫支出金のうち災害復旧事業費支出金(決算),2024-04-01,2025-03-31,2025-03-31,0,決算(年度末),,47376.0,千円,,,823.0,0.017678774729877774,横ばい,2024-04-01,2025-03-31,gen-mlit-release-2024;gen-election-shugiin_20241027_smd_09_4;gen-tokko-2024-tokko_dec;gen-tokko-2024-tokko_march,https://www.e-stat.go.jp/stat-search/file-download?statInfId=000040375638&fileKind=1
09,093432,茂木町,e_kokko_shasoukou,6,国庫支出金のうち社会資本整備総合交付金(決算),2020-04-01,2021-03-31,2021-03-31,0,決算(年度末),,58494.0,千円,,,,,未取得,,,,https://www.e-stat.go.jp/stat-search/file-download?statInfId=000032188698&fileKind=1
09,093432,茂木町,e_kokko_shasoukou,6,国庫支出金のうち社会資本整備総合交付金(決算),2021-04-01,2022-03-31,2022-03-31,0,決算(年度末),,94993.0,千円,,,36499.0,0.6239785277122439,増加,2021-04-01,2022-03-31,gen-election-shugiin_20211031_smd_09_4;gen-tokko-2021-tokko_dec;gen-tokko-2021-tokko_march;gen-mlit-release-2022,https://www.e-stat.go.jp/stat-search/file-download?statInfId=000040044921&fileKind=1
09,093432,茂木町,e_kokko_shasoukou,6,国庫支出金のうち社会資本整備総合交付金(決算),2022-04-01,2023-03-31,2023-03-31,0,決算(年度末),,102678.0,千円,,,7685.0,0.08090069794616446,増加,2022-04-01,2023-03-31,gen-election-sangiin_20220710_smd_09_1;gen-tokko-2022-tokko_dec;gen-tokko-2022-tokko_march;gen-mlit-release-2023,https://www.e-stat.go.jp/stat-search/file-download?statInfId=000040171702&fileKind=1
09,093432,茂木町,e_kokko_shasoukou,6,国庫支出金のうち社会資本整備総合交付金(決算),2023-04-01,2024-03-31,2024-03-31,0,決算(年度末),,90060.0,千円,,,-12618.0,-0.12288903173026354,減少,2023-04-01,2024-03-31,gen-tokko-2023-tokko_dec;gen-tokko-2023-tokko_march,https://www.e-stat.go.jp/stat-search/file-download?statInfId=000040231591&fileKind=1
09,093432,茂木町,e_kokko_shasoukou,6,国庫支出金のうち社会資本整備総合交付金(決算),2024-04-01,2025-03-31,2025-03-31,0,決算(年度末),,104660.0,千円,,,14600.0,0.16211414612480568,増加,2024-04-01,2025-03-31,gen-mlit-release-2024;gen-election-shugiin_20241027_smd_09_4;gen-tokko-2024-tokko_dec;gen-tokko-2024-tokko_march,https://www.e-stat.go.jp/stat-search/file-download?statInfId=000040375638&fileKind=1
09,093432,茂木町,e_pref,6,都道府県支出金 計(決算),2020-04-01,2021-03-31,2021-03-31,0,決算(年度末),,441263.0,千円,,,,,未取得,,,,https://www.e-stat.go.jp/stat-search/file-download?statInfId=000032188698&fileKind=1
09,093432,茂木町,e_pref,6,都道府県支出金 計(決算),2021-04-01,2022-03-31,2022-03-31,0,決算(年度末),,435440.0,千円,,,-5823.0,-0.013196211782995628,横ばい,2021-04-01,2022-03-31,gen-election-shugiin_20211031_smd_09_4;gen-tokko-2021-tokko_dec;gen-tokko-2021-tokko_march;gen-mlit-release-2022,https://www.e-stat.go.jp/stat-search/file-download?statInfId=000040044921&fileKind=1
09,093432,茂木町,e_pref,6,都道府県支出金 計(決算),2022-04-01,2023-03-31,2023-03-31,0,決算(年度末),,432999.0,千円,,,-2441.0,-0.005605823994120889,横ばい,2022-04-01,2023-03-31,gen-election-sangiin_20220710_smd_09_1;gen-tokko-2022-tokko_dec;gen-tokko-2022-tokko_march;gen-mlit-release-2023,https://www.e-stat.go.jp/stat-search/file-download?statInfId=000040171702&fileKind=1
09,093432,茂木町,e_pref,6,都道府県支出金 計(決算),2023-04-01,2024-03-31,2024-03-31,0,決算(年度末),,403113.0,千円,,,-29886.0,-0.06902094462111921,減少,2023-04-01,2024-03-31,gen-tokko-2023-tokko_dec;gen-tokko-2023-tokko_march,https://www.e-stat.go.jp/stat-search/file-download?statInfId=000040231591&fileKind=1
09,093432,茂木町,e_pref,6,都道府県支出金 計(決算),2024-04-01,2025-03-31,2025-03-31,0,決算(年度末),,450966.0,千円,,,47853.0,0.11870864993190496,増加,2024-04-01,2025-03-31,gen-mlit-release-2024;gen-election-shugiin_20241027_smd_09_4;gen-tokko-2024-tokko_dec;gen-tokko-2024-tokko_march,https://www.e-stat.go.jp/stat-search/file-download?statInfId=000040375638&fileKind=1
09,093432,茂木町,e_futsu,6,普通交付税(決算),2020-04-01,2021-03-31,2021-03-31,0,決算(年度末),,2399891.0,千円,,,,,未取得,,,,https://www.e-stat.go.jp/stat-search/file-download?statInfId=000032188698&fileKind=1
09,093432,茂木町,e_futsu,6,普通交付税(決算),2021-04-01,2022-03-31,2022-03-31,0,決算(年度末),,2711281.0,千円,,,311390.0,0.12975172622423267,増加,2021-04-01,2022-03-31,gen-election-shugiin_20211031_smd_09_4;gen-tokko-2021-tokko_dec;gen-tokko-2021-tokko_march;gen-mlit-release-2022,https://www.e-stat.go.jp/stat-search/file-download?statInfId=000040044921&fileKind=1
09,093432,茂木町,e_futsu,6,普通交付税(決算),2022-04-01,2023-03-31,2023-03-31,0,決算(年度末),,2614812.0,千円,,,-96469.0,-0.03558059824857696,横ばい,2022-04-01,2023-03-31,gen-election-sangiin_20220710_smd_09_1;gen-tokko-2022-tokko_dec;gen-tokko-2022-tokko_march;gen-mlit-release-2023,https://www.e-stat.go.jp/stat-search/file-download?statInfId=000040171702&fileKind=1
09,093432,茂木町,e_futsu,6,普通交付税(決算),2023-04-01,2024-03-31,2024-03-31,0,決算(年度末),,2690265.0,千円,,,75453.0,0.028855994235914475,横ばい,2023-04-01,2024-03-31,gen-tokko-2023-tokko_dec;gen-tokko-2023-tokko_march,https://www.e-stat.go.jp/stat-search/file-download?statInfId=000040231591&fileKind=1
09,093432,茂木町,e_futsu,6,普通交付税(決算),2024-04-01,2025-03-31,2025-03-31,0,決算(年度末),,2757363.0,千円,,,67098.0,0.024941037407095582,横ばい,2024-04-01,2025-03-31,gen-mlit-release-2024;gen-election-shugiin_20241027_smd_09_4;gen-tokko-2024-tokko_dec;gen-tokko-2024-tokko_march,https://www.e-stat.go.jp/stat-search/file-download?statInfId=000040375638&fileKind=1
09,093432,茂木町,e_tokko,6,特別交付税(決算),2020-04-01,2021-03-31,2021-03-31,0,決算(年度末),,316102.0,千円,,,,,未取得,,,,https://www.e-stat.go.jp/stat-search/file-download?statInfId=000032188698&fileKind=1
09,093432,茂木町,e_tokko,6,特別交付税(決算),2021-04-01,2022-03-31,2022-03-31,0,決算(年度末),,328659.0,千円,,,12557.0,0.03972451930073204,横ばい,2021-04-01,2022-03-31,gen-election-shugiin_20211031_smd_09_4;gen-tokko-2021-tokko_dec;gen-tokko-2021-tokko_march;gen-mlit-release-2022,https://www.e-stat.go.jp/stat-search/file-download?statInfId=000040044921&fileKind=1
09,093432,茂木町,e_tokko,6,特別交付税(決算),2022-04-01,2023-03-31,2023-03-31,0,決算(年度末),,334414.0,千円,,,5755.0,0.017510550448945564,横ばい,2022-04-01,2023-03-31,gen-election-sangiin_20220710_smd_09_1;gen-tokko-2022-tokko_dec;gen-tokko-2022-tokko_march;gen-mlit-release-2023,https://www.e-stat.go.jp/stat-search/file-download?statInfId=000040171702&fileKind=1
09,093432,茂木町,e_tokko,6,特別交付税(決算),2023-04-01,2024-03-31,2024-03-31,0,決算(年度末),,339004.0,千円,,,4590.0,0.013725501922766392,横ばい,2023-04-01,2024-03-31,gen-tokko-2023-tokko_dec;gen-tokko-2023-tokko_march,https://www.e-stat.go.jp/stat-search/file-download?statInfId=000040231591&fileKind=1
09,093432,茂木町,e_tokko,6,特別交付税(決算),2024-04-01,2025-03-31,2025-03-31,0,決算(年度末),,335617.0,千円,,,-3387.0,-0.00999103255418815,横ばい,2024-04-01,2025-03-31,gen-mlit-release-2024;gen-election-shugiin_20241027_smd_09_4;gen-tokko-2024-tokko_dec;gen-tokko-2024-tokko_march,https://www.e-stat.go.jp/stat-search/file-download?statInfId=000040375638&fileKind=1
09,093432,茂木町,e_road_kokko,7,道路橋りょう費に充当した国庫支出金(決算),2020-04-01,2021-03-31,2021-03-31,0,決算(年度末),,52489.0,千円,,,,,未取得,,,,https://www.e-stat.go.jp/stat-search/file-download?statInfId=000032188710&fileKind=1
09,093432,茂木町,e_road_kokko,7,道路橋りょう費に充当した国庫支出金(決算),2021-04-01,2022-03-31,2022-03-31,0,決算(年度末),,65399.0,千円,,,12910.0,0.24595629560479337,増加,2021-04-01,2022-03-31,gen-election-shugiin_20211031_smd_09_4;gen-tokko-2021-tokko_dec;gen-tokko-2021-tokko_march;gen-mlit-release-2022,https://www.e-stat.go.jp/stat-search/file-download?statInfId=000040044933&fileKind=1
09,093432,茂木町,e_road_kokko,7,道路橋りょう費に充当した国庫支出金(決算),2022-04-01,2023-03-31,2023-03-31,0,決算(年度末),,119961.0,千円,,,54562.0,0.8342941023563052,増加,2022-04-01,2023-03-31,gen-election-sangiin_20220710_smd_09_1;gen-tokko-2022-tokko_dec;gen-tokko-2022-tokko_march;gen-mlit-release-2023,https://www.e-stat.go.jp/stat-search/file-download?statInfId=000040171714&fileKind=1
09,093432,茂木町,e_road_kokko,7,道路橋りょう費に充当した国庫支出金(決算),2023-04-01,2024-03-31,2024-03-31,0,決算(年度末),,118032.0,千円,,,-1929.0,-0.01608022607347388,横ばい,2023-04-01,2024-03-31,gen-tokko-2023-tokko_dec;gen-tokko-2023-tokko_march,https://www.e-stat.go.jp/stat-search/file-download?statInfId=000040231603&fileKind=1
09,093432,茂木町,e_road_kokko,7,道路橋りょう費に充当した国庫支出金(決算),2024-04-01,2025-03-31,2025-03-31,0,決算(年度末),,117200.0,千円,,,-832.0,-0.0070489358817947675,横ばい,2024-04-01,2025-03-31,gen-mlit-release-2024;gen-election-shugiin_20241027_smd_09_4;gen-tokko-2024-tokko_dec;gen-tokko-2024-tokko_march,https://www.e-stat.go.jp/stat-search/file-download?statInfId=000040375650&fileKind=1
09,093432,茂木町,e_hojo_road_kokko,8,補助事業費(道路・橋りょう)の国庫支出金(決算),2020-04-01,2021-03-31,2021-03-31,0,決算(年度末),,41621.0,千円,,,,,未取得,,,,https://www.e-stat.go.jp/stat-search/file-download?statInfId=000032188732&fileKind=1
09,093432,茂木町,e_hojo_road_kokko,8,補助事業費(道路・橋りょう)の国庫支出金(決算),2021-04-01,2022-03-31,2022-03-31,0,決算(年度末),,61498.0,千円,,,19877.0,0.4775714182744288,増加,2021-04-01,2022-03-31,gen-election-shugiin_20211031_smd_09_4;gen-tokko-2021-tokko_dec;gen-tokko-2021-tokko_march;gen-mlit-release-2022,https://www.e-stat.go.jp/stat-search/file-download?statInfId=000040044955&fileKind=1
09,093432,茂木町,e_hojo_road_kokko,8,補助事業費(道路・橋りょう)の国庫支出金(決算),2022-04-01,2023-03-31,2023-03-31,0,決算(年度末),,119961.0,千円,,,58463.0,0.9506488015870435,増加,2022-04-01,2023-03-31,gen-election-sangiin_20220710_smd_09_1;gen-tokko-2022-tokko_dec;gen-tokko-2022-tokko_march;gen-mlit-release-2023,https://www.e-stat.go.jp/stat-search/file-download?statInfId=000040171736&fileKind=1
09,093432,茂木町,e_hojo_road_kokko,8,補助事業費(道路・橋りょう)の国庫支出金(決算),2023-04-01,2024-03-31,2024-03-31,0,決算(年度末),,118032.0,千円,,,-1929.0,-0.01608022607347388,横ばい,2023-04-01,2024-03-31,gen-tokko-2023-tokko_dec;gen-tokko-2023-tokko_march,https://www.e-stat.go.jp/stat-search/file-download?statInfId=000040231625&fileKind=1
09,093432,茂木町,e_hojo_road_kokko,8,補助事業費(道路・橋りょう)の国庫支出金(決算),2024-04-01,2025-03-31,2025-03-31,0,決算(年度末),,117200.0,千円,,,-832.0,-0.0070489358817947675,横ばい,2024-04-01,2025-03-31,gen-mlit-release-2024;gen-election-shugiin_20241027_smd_09_4;gen-tokko-2024-tokko_dec;gen-tokko-2024-tokko_march,https://www.e-stat.go.jp/stat-search/file-download?statInfId=000040375672&fileKind=1
09,093432,茂木町,futsu_decided,9,普通交付税 当初決定額,2021-04-01,2022-03-31,2021-08-03,0,当初決定日(算定結果の報道資料の日付),2021-08-03,2546398.0,千円,,,,,未取得,,,,https://www.soumu.go.jp/main_content/000761570.xlsx
09,093432,茂木町,futsu_decided,9,普通交付税 当初決定額,2022-04-01,2023-03-31,2022-07-26,0,当初決定日(算定結果の報道資料の日付),2022-07-26,2532078.0,千円,,,-14320.0,-0.005623629927450462,横ばい,2021-08-04,2022-07-26,gen-election-shugiin_20211031_smd_09_4;gen-tokko-2021-tokko_dec;gen-tokko-2021-tokko_march;gen-mlit-release-2022;gen-election-sangiin_20220710_smd_09_1,https://www.soumu.go.jp/main_content/000762090.xlsx
09,093432,茂木町,futsu_decided,9,普通交付税 当初決定額,2023-04-01,2024-03-31,2023-07-28,0,当初決定日(算定結果の報道資料の日付),2023-07-28,2639508.0,千円,,,107430.0,0.042427602941141625,横ばい,2022-07-27,2023-07-28,gen-tokko-2022-tokko_dec;gen-tokko-2022-tokko_march;gen-mlit-release-2023,https://www.soumu.go.jp/main_content/000894237.xlsx
09,093432,茂木町,futsu_decided,9,普通交付税 当初決定額,2024-04-01,2025-03-31,2024-07-23,0,当初決定日(算定結果の報道資料の日付),2024-07-23,2651266.0,千円,,,11758.0,0.0044546180576077055,横ばい,2023-07-29,2024-07-23,gen-tokko-2023-tokko_dec;gen-tokko-2023-tokko_march;gen-mlit-release-2024,https://www.soumu.go.jp/main_content/000958553.xlsx
09,093432,茂木町,futsu_decided,9,普通交付税 当初決定額,2025-04-01,2026-03-31,2025-07-29,0,当初決定日(算定結果の報道資料の日付),2025-07-29,2734780.0,千円,,,83514.0,0.0314996684602752,横ばい,2024-07-24,2025-07-29,gen-election-shugiin_20241027_smd_09_4;gen-tokko-2024-tokko_dec;gen-tokko-2024-tokko_march;gen-mlit-release-2025;gen-election-sangiin_20250720_smd_09_1,https://www.soumu.go.jp/main_content/001022466.xlsx
09,093432,茂木町,futsu_decided,9,普通交付税 当初決定額,2026-04-01,2027-03-31,2026-07-24,0,当初決定日(算定結果の報道資料の日付),2026-07-24,2814213.0,千円,,,79433.0,0.029045480806499973,横ばい,2025-07-30,2026-07-24,gen-tokko-2025-tokko_dec;gen-election-shugiin_20260208_smd_09_4;gen-cabinet-2026-02-18;gen-position-motegi_toshimitsu-外務大臣-2026-02-18;gen-tokko-2025-tokko_march;gen-mlit-release-2026,https://www.soumu.go.jp/main_content/001083404.xlsx
09,093432,茂木町,kofu_total,10,国交省 交付決定額 計(年度合計),2017-04-01,2018-03-31,2017-12-05,1,年度内で最後の交付決定日(交付決定がない年度は年度末)。値は年度合計(変更減額を含む),,214734.0,千円,,,,,未取得,,,,https://www.mlit.go.jp/common/001210869.xlsx
09,093432,茂木町,kofu_total,10,国交省 交付決定額 計(年度合計),2018-04-01,2019-03-31,2018-09-06,1,年度内で最後の交付決定日(交付決定がない年度は年度末)。値は年度合計(変更減額を含む),,194607.0,千円,,,-20127.0,-0.09372991701360753,減少,2017-12-06,2018-09-06,,https://www.mlit.go.jp/common/001260907.xlsx
09,093432,茂木町,kofu_total,10,国交省 交付決定額 計(年度合計),2019-04-01,2020-03-31,2020-02-18,1,年度内で最後の交付決定日(交付決定がない年度は年度末)。値は年度合計(変更減額を含む),,185753.0,千円,,,-8854.0,-0.045496821799832485,横ばい,2018-09-07,2020-02-18,,https://www.mlit.go.jp/common/001316172.xlsx
09,093432,茂木町,kofu_total,10,国交省 交付決定額 計(年度合計),2020-04-01,2021-03-31,2021-03-31,1,年度内で最後の交付決定日(交付決定がない年度は年度末)。値は年度合計(変更減額を含む),,101501.0,千円,,,-84252.0,-0.45357006347138407,減少,2020-02-19,2021-03-31,gen-tokko-2020-tokko_dec;gen-tokko-2020-tokko_march;gen-mlit-release-2021,https://www.mlit.go.jp/common/001371589.xlsx
09,093432,茂木町,kofu_total,10,国交省 交付決定額 計(年度合計),2021-04-01,2022-03-31,2022-03-23,1,年度内で最後の交付決定日(交付決定がない年度は年度末)。値は年度合計(変更減額を含む),,124989.0,千円,,,23488.0,0.23140658712722043,増加,2021-04-01,2022-03-23,gen-election-shugiin_20211031_smd_09_4;gen-tokko-2021-tokko_dec;gen-tokko-2021-tokko_march,https://www.mlit.go.jp/common/001579048.xlsx
09,093432,茂木町,kofu_total,10,国交省 交付決定額 計(年度合計),2022-04-01,2023-03-31,2023-02-21,1,年度内で最後の交付決定日(交付決定がない年度は年度末)。値は年度合計(変更減額を含む),,145116.0,千円,,,20127.0,0.16103017065501765,増加,2022-03-24,2023-02-21,gen-mlit-release-2022;gen-election-sangiin_20220710_smd_09_1;gen-tokko-2022-tokko_dec,https://www.mlit.go.jp/common/001426891.xlsx
09,093432,茂木町,kofu_total,10,国交省 交付決定額 計(年度合計),2023-04-01,2024-03-31,2024-02-20,1,年度内で最後の交付決定日(交付決定がない年度は年度末)。値は年度合計(変更減額を含む),,180618.0,千円,,,35502.0,0.24464566278012073,増加,2023-02-22,2024-02-20,gen-tokko-2022-tokko_march;gen-mlit-release-2023;gen-tokko-2023-tokko_dec,https://www.mlit.go.jp/page/content/001749355.xlsx
09,093432,茂木町,kofu_total,10,国交省 交付決定額 計(年度合計),2024-04-01,2025-03-31,2025-03-17,1,年度内で最後の交付決定日(交付決定がない年度は年度末)。値は年度合計(変更減額を含む),,198894.0,千円,,,18276.0,0.10118592831279274,増加,2024-02-21,2025-03-17,gen-tokko-2023-tokko_march;gen-mlit-release-2024;gen-election-shugiin_20241027_smd_09_4;gen-tokko-2024-tokko_dec,https://www.mlit.go.jp/page/content/001889200.xlsx
09,093432,茂木町,kofu_total,10,国交省 交付決定額 計(年度合計),2025-04-01,2026-03-31,2026-03-26,1,年度内で最後の交付決定日(交付決定がない年度は年度末)。値は年度合計(変更減額を含む),,335461.0,千円,,,136567.0,0.6866320753768339,増加,2025-03-18,2026-03-26,gen-tokko-2024-tokko_march;gen-mlit-release-2025;gen-election-sangiin_20250720_smd_09_1;gen-tokko-2025-tokko_dec;gen-election-shugiin_20260208_smd_09_4;gen-cabinet-2026-02-18;gen-position-motegi_toshimitsu-外務大臣-2026-02-18;gen-tokko-2025-tokko_march,https://www.mlit.go.jp/page/content/001968987.xlsx
09,093432,茂木町,kofu_shasoukou,10,国交省 交付決定額 社会資本整備総合交付金,2017-04-01,2018-03-31,2018-03-31,1,年度内で最後の交付決定日(交付決定がない年度は年度末)。値は年度合計(変更減額を含む),,208302.0,千円,,,,,未取得,,,,https://www.mlit.go.jp/common/001306061.xlsx
09,093432,茂木町,kofu_shasoukou,10,国交省 交付決定額 社会資本整備総合交付金,2018-04-01,2019-03-31,2018-09-06,1,年度内で最後の交付決定日(交付決定がない年度は年度末)。値は年度合計(変更減額を含む),,194607.0,千円,,,-13695.0,-0.06574588818158252,減少,2018-04-01,2018-09-06,,https://www.mlit.go.jp/common/001288716.xlsx
09,093432,茂木町,kofu_shasoukou,10,国交省 交付決定額 社会資本整備総合交付金,2019-04-01,2020-03-31,2020-03-31,1,年度内で最後の交付決定日(交付決定がない年度は年度末)。値は年度合計(変更減額を含む),,88572.0,千円,,,-106035.0,-0.5448673480398958,減少,2018-09-07,2020-03-31,,https://www.mlit.go.jp/common/001316186.xlsx
09,093432,茂木町,kofu_shasoukou,10,国交省 交付決定額 社会資本整備総合交付金,2020-04-01,2021-03-31,2021-03-31,1,年度内で最後の交付決定日(交付決定がない年度は年度末)。値は年度合計(変更減額を含む),,67088.0,千円,,,-21484.0,-0.2425597254211263,減少,2020-04-01,2021-03-31,gen-tokko-2020-tokko_dec;gen-tokko-2020-tokko_march;gen-mlit-release-2021,https://www.mlit.go.jp/common/001371606.xlsx
09,093432,茂木町,kofu_shasoukou,10,国交省 交付決定額 社会資本整備総合交付金,2021-04-01,2022-03-31,2022-03-31,1,年度内で最後の交付決定日(交付決定がない年度は年度末)。値は年度合計(変更減額を含む),,76625.0,千円,,,9537.0,0.14215657047460054,増加,2021-04-01,2022-03-31,gen-election-shugiin_20211031_smd_09_4;gen-tokko-2021-tokko_dec;gen-tokko-2021-tokko_march;gen-mlit-release-2022,https://www.mlit.go.jp/common/001579064.xlsx
09,093432,茂木町,kofu_shasoukou,10,国交省 交付決定額 社会資本整備総合交付金,2022-04-01,2023-03-31,2023-03-31,1,年度内で最後の交付決定日(交付決定がない年度は年度末)。値は年度合計(変更減額を含む),,7170.0,千円,,,-69455.0,-0.9064274061990212,減少,2022-04-01,2023-03-31,gen-election-sangiin_20220710_smd_09_1;gen-tokko-2022-tokko_dec;gen-tokko-2022-tokko_march;gen-mlit-release-2023,https://www.mlit.go.jp/common/001426909.xlsx
09,093432,茂木町,kofu_shasoukou,10,国交省 交付決定額 社会資本整備総合交付金,2023-04-01,2024-03-31,2023-08-03,1,年度内で最後の交付決定日(交付決定がない年度は年度末)。値は年度合計(変更減額を含む),,35920.0,千円,,,28750.0,4.00976290097629,増加,2023-04-01,2023-08-03,,https://www.mlit.go.jp/page/content/001708175.xlsx
09,093432,茂木町,kofu_shasoukou,10,国交省 交付決定額 社会資本整備総合交付金,2024-04-01,2025-03-31,2025-03-17,1,年度内で最後の交付決定日(交付決定がない年度は年度末)。値は年度合計(変更減額を含む),,14170.0,千円,,,-21750.0,-0.6055122494432071,減少,2023-08-04,2025-03-17,gen-tokko-2023-tokko_dec;gen-tokko-2023-tokko_march;gen-mlit-release-2024;gen-election-shugiin_20241027_smd_09_4;gen-tokko-2024-tokko_dec,https://www.mlit.go.jp/page/content/001842591.xlsx
09,093432,茂木町,kofu_shasoukou,10,国交省 交付決定額 社会資本整備総合交付金,2025-04-01,2026-03-31,2026-03-26,1,年度内で最後の交付決定日(交付決定がない年度は年度末)。値は年度合計(変更減額を含む),,47977.0,千円,,,33807.0,2.3858151023288636,増加,2025-03-18,2026-03-26,gen-tokko-2024-tokko_march;gen-mlit-release-2025;gen-election-sangiin_20250720_smd_09_1;gen-tokko-2025-tokko_dec;gen-election-shugiin_20260208_smd_09_4;gen-cabinet-2026-02-18;gen-position-motegi_toshimitsu-外務大臣-2026-02-18;gen-tokko-2025-tokko_march,https://www.mlit.go.jp/page/content/001969014.xlsx
09,093432,茂木町,kofu_bouan,10,国交省 交付決定額 防災・安全交付金,2017-04-01,2018-03-31,2018-03-31,1,年度内で最後の交付決定日(交付決定がない年度は年度末)。値は年度合計(変更減額を含む),,102921.0,千円,,,,,未取得,,,,https://www.mlit.go.jp/common/001306061.xlsx
09,093432,茂木町,kofu_bouan,10,国交省 交付決定額 防災・安全交付金,2018-04-01,2019-03-31,2018-09-06,1,年度内で最後の交付決定日(交付決定がない年度は年度末)。値は年度合計(変更減額を含む),,144449.0,千円,,,41528.0,0.40349394195548044,増加,2018-04-01,2018-09-06,,https://www.mlit.go.jp/common/001288716.xlsx
09,093432,茂木町,kofu_bouan,10,国交省 交付決定額 防災・安全交付金,2019-04-01,2020-03-31,2020-03-31,1,年度内で最後の交付決定日(交付決定がない年度は年度末)。値は年度合計(変更減額を含む),,32582.0,千円,,,-111867.0,-0.7744394215259365,減少,2018-09-07,2020-03-31,,https://www.mlit.go.jp/common/001316186.xlsx
09,093432,茂木町,kofu_bouan,10,国交省 交付決定額 防災・安全交付金,2020-04-01,2021-03-31,2021-03-31,1,年度内で最後の交付決定日(交付決定がない年度は年度末)。値は年度合計(変更減額を含む),,8310.0,千円,,,-24272.0,-0.7449512000491069,減少,2020-04-01,2021-03-31,gen-tokko-2020-tokko_dec;gen-tokko-2020-tokko_march;gen-mlit-release-2021,https://www.mlit.go.jp/common/001371606.xlsx
09,093432,茂木町,kofu_bouan,10,国交省 交付決定額 防災・安全交付金,2021-04-01,2022-03-31,2022-03-31,1,年度内で最後の交付決定日(交付決定がない年度は年度末)。値は年度合計(変更減額を含む),,76475.0,千円,,,68165.0,8.202767749699158,増加,2021-04-01,2022-03-31,gen-election-shugiin_20211031_smd_09_4;gen-tokko-2021-tokko_dec;gen-tokko-2021-tokko_march;gen-mlit-release-2022,https://www.mlit.go.jp/common/001579064.xlsx
09,093432,茂木町,kofu_bouan,10,国交省 交付決定額 防災・安全交付金,2022-04-01,2023-03-31,2023-03-31,1,年度内で最後の交付決定日(交付決定がない年度は年度末)。値は年度合計(変更減額を含む),,84880.0,千円,,,8405.0,0.10990519777705132,増加,2022-04-01,2023-03-31,gen-election-sangiin_20220710_smd_09_1;gen-tokko-2022-tokko_dec;gen-tokko-2022-tokko_march;gen-mlit-release-2023,https://www.mlit.go.jp/common/001426909.xlsx
09,093432,茂木町,kofu_bouan,10,国交省 交付決定額 防災・安全交付金,2023-04-01,2024-03-31,2023-08-18,1,年度内で最後の交付決定日(交付決定がない年度は年度末)。値は年度合計(変更減額を含む),,59814.0,千円,,,-25066.0,-0.295311027332705,減少,2023-04-01,2023-08-18,,https://www.mlit.go.jp/page/content/001708175.xlsx
09,093432,茂木町,kofu_bouan,10,国交省 交付決定額 防災・安全交付金,2024-04-01,2025-03-31,2025-01-28,1,年度内で最後の交付決定日(交付決定がない年度は年度末)。値は年度合計(変更減額を含む),,82765.0,千円,,,22951.0,0.3837061557494901,増加,2023-08-19,2025-01-28,gen-tokko-2023-tokko_dec;gen-tokko-2023-tokko_march;gen-mlit-release-2024;gen-election-shugiin_20241027_smd_09_4;gen-tokko-2024-tokko_dec,https://www.mlit.go.jp/page/content/001842591.xlsx
09,093432,茂木町,kofu_bouan,10,国交省 交付決定額 防災・安全交付金,2025-04-01,2026-03-31,2026-03-09,1,年度内で最後の交付決定日(交付決定がない年度は年度末)。値は年度合計(変更減額を含む),,58740.0,千円,,,-24025.0,-0.2902797076058721,減少,2025-01-29,2026-03-09,gen-tokko-2024-tokko_march;gen-mlit-release-2025;gen-election-sangiin_20250720_smd_09_1;gen-tokko-2025-tokko_dec;gen-election-shugiin_20260208_smd_09_4;gen-cabinet-2026-02-18;gen-position-motegi_toshimitsu-外務大臣-2026-02-18,https://www.mlit.go.jp/page/content/001969014.xlsx
09,093432,茂木町,kofu_road,10,国交省 交付決定額 道路関係の補助,2017-04-01,2018-03-31,2018-03-31,1,年度内で最後の交付決定日(交付決定がない年度は年度末)。値は年度合計(変更減額を含む),,0.0,千円,,,,,未取得,,,,https://www.mlit.go.jp/common/001234557.xlsx
09,093432,茂木町,kofu_road,10,国交省 交付決定額 道路関係の補助,2018-04-01,2019-03-31,2019-03-31,1,年度内で最後の交付決定日(交付決定がない年度は年度末)。値は年度合計(変更減額を含む),,0.0,千円,,,0.0,,未取得,2018-04-01,2019-03-31,,https://www.mlit.go.jp/common/001260897.xlsx
09,093432,茂木町,kofu_road,10,国交省 交付決定額 道路関係の補助,2019-04-01,2020-03-31,2020-03-31,1,年度内で最後の交付決定日(交付決定がない年度は年度末)。値は年度合計(変更減額を含む),,0.0,千円,,,0.0,,未取得,2019-04-01,2020-03-31,,https://www.mlit.go.jp/common/001316175.xlsx
09,093432,茂木町,kofu_road,10,国交省 交付決定額 道路関係の補助,2020-04-01,2021-03-31,2021-03-31,1,年度内で最後の交付決定日(交付決定がない年度は年度末)。値は年度合計(変更減額を含む),,10868.0,千円,,,10868.0,,未取得,2020-04-01,2021-03-31,gen-tokko-2020-tokko_dec;gen-tokko-2020-tokko_march;gen-mlit-release-2021,https://www.mlit.go.jp/common/001371629.xlsx
09,093432,茂木町,kofu_road,10,国交省 交付決定額 道路関係の補助,2021-04-01,2022-03-31,2021-06-18,1,年度内で最後の交付決定日(交付決定がない年度は年度末)。値は年度合計(変更減額を含む),,18355.0,千円,,,7487.0,0.6889032020610968,増加,2021-04-01,2021-06-18,,https://www.mlit.go.jp/common/001579051.xlsx
09,093432,茂木町,kofu_road,10,国交省 交付決定額 道路関係の補助,2022-04-01,2023-03-31,2022-05-20,1,年度内で最後の交付決定日(交付決定がない年度は年度末)。値は年度合計(変更減額を含む),,24255.0,千円,,,5900.0,0.32143830019068376,増加,2021-06-19,2022-05-20,gen-election-shugiin_20211031_smd_09_4;gen-tokko-2021-tokko_dec;gen-tokko-2021-tokko_march;gen-mlit-release-2022,https://www.mlit.go.jp/common/001426897.xlsx
09,093432,茂木町,kofu_road,10,国交省 交付決定額 道路関係の補助,2023-04-01,2024-03-31,2023-04-28,1,年度内で最後の交付決定日(交付決定がない年度は年度末)。値は年度合計(変更減額を含む),,13555.000000000002,千円,,,-10699.999999999998,-0.44114615543186964,減少,2022-05-21,2023-04-28,gen-election-sangiin_20220710_smd_09_1;gen-tokko-2022-tokko_dec;gen-tokko-2022-tokko_march;gen-mlit-release-2023,https://www.mlit.go.jp/page/content/001708164.xlsx
09,093432,茂木町,kofu_road,10,国交省 交付決定額 道路関係の補助,2024-04-01,2025-03-31,2024-06-14,1,年度内で最後の交付決定日(交付決定がない年度は年度末)。値は年度合計(変更減額を含む),,12540.0,千円,,,-1015.0000000000018,-0.07488011803762462,減少,2023-04-29,2024-06-14,gen-tokko-2023-tokko_dec;gen-tokko-2023-tokko_march;gen-mlit-release-2024,https://www.mlit.go.jp/page/content/001889202.xlsx
09,093432,茂木町,kofu_road,10,国交省 交付決定額 道路関係の補助,2025-04-01,2026-03-31,2025-04-25,1,年度内で最後の交付決定日(交付決定がない年度は年度末)。値は年度合計(変更減額を含む),,6994.0,千円,,,-5546.0,-0.4422647527910686,減少,2024-06-15,2025-04-25,gen-election-shugiin_20241027_smd_09_4;gen-tokko-2024-tokko_dec;gen-tokko-2024-tokko_march;gen-mlit-release-2025,https://www.mlit.go.jp/page/content/001969000.xlsx
09,093441,市貝町,card_kokko,1,国庫支出金(決算),2020-04-01,2021-03-31,2021-03-31,0,決算(年度末),,1921316.0,千円,,,,,未取得,,,,https://www.soumu.go.jp/main_content/000804135.xlsx
09,093441,市貝町,card_kokko,1,国庫支出金(決算),2021-04-01,2022-03-31,2022-03-31,0,決算(年度末),,890033.0,千円,,,-1031283.0,-0.5367586591690279,減少,2021-04-01,2022-03-31,gen-election-shugiin_20211031_smd_09_4;gen-tokko-2021-tokko_dec;gen-tokko-2021-tokko_march;gen-mlit-release-2022,https://www.soumu.go.jp/main_content/000873399.xlsx
09,093441,市貝町,card_kokko,1,国庫支出金(決算),2022-04-01,2023-03-31,2023-03-31,0,決算(年度末),,1042945.0,千円,,,152912.0,0.17180486566228442,増加,2022-04-01,2023-03-31,gen-election-sangiin_20220710_smd_09_1;gen-tokko-2022-tokko_dec;gen-tokko-2022-tokko_march;gen-mlit-release-2023,https://www.soumu.go.jp/main_content/000937050.xlsx
09,093441,市貝町,card_kokko,1,国庫支出金(決算),2023-04-01,2024-03-31,2024-03-31,0,決算(年度末),,774885.0,千円,,,-268060.0,-0.25702218237778596,減少,2023-04-01,2024-03-31,gen-tokko-2023-tokko_dec;gen-tokko-2023-tokko_march,https://www.soumu.go.jp/main_content/000998938.xlsx
09,093441,市貝町,card_kokko,1,国庫支出金(決算),2024-04-01,2025-03-31,2025-03-31,0,決算(年度末),,917842.0,千円,,,142957.0,0.1844880208030869,増加,2024-04-01,2025-03-31,gen-mlit-release-2024;gen-election-shugiin_20241027_smd_09_4;gen-tokko-2024-tokko_dec;gen-tokko-2024-tokko_march,https://www.soumu.go.jp/main_content/001063963.xlsx
09,093441,市貝町,card_pref,2,県支出金(決算),2020-04-01,2021-03-31,2021-03-31,0,決算(年度末),,357155.0,千円,,,,,未取得,,,,https://www.soumu.go.jp/main_content/000804135.xlsx
09,093441,市貝町,card_pref,2,県支出金(決算),2021-04-01,2022-03-31,2022-03-31,0,決算(年度末),,426823.0,千円,,,69668.0,0.19506376783189372,増加,2021-04-01,2022-03-31,gen-election-shugiin_20211031_smd_09_4;gen-tokko-2021-tokko_dec;gen-tokko-2021-tokko_march;gen-mlit-release-2022,https://www.soumu.go.jp/main_content/000873399.xlsx
09,093441,市貝町,card_pref,2,県支出金(決算),2022-04-01,2023-03-31,2023-03-31,0,決算(年度末),,461335.0,千円,,,34512.0,0.08085787316990883,増加,2022-04-01,2023-03-31,gen-election-sangiin_20220710_smd_09_1;gen-tokko-2022-tokko_dec;gen-tokko-2022-tokko_march;gen-mlit-release-2023,https://www.soumu.go.jp/main_content/000937050.xlsx
09,093441,市貝町,card_pref,2,県支出金(決算),2023-04-01,2024-03-31,2024-03-31,0,決算(年度末),,582044.0,千円,,,120709.0,0.26165151137459763,増加,2023-04-01,2024-03-31,gen-tokko-2023-tokko_dec;gen-tokko-2023-tokko_march,https://www.soumu.go.jp/main_content/000998938.xlsx
09,093441,市貝町,card_pref,2,県支出金(決算),2024-04-01,2025-03-31,2025-03-31,0,決算(年度末),,512528.0,千円,,,-69516.0,-0.11943426957412154,減少,2024-04-01,2025-03-31,gen-mlit-release-2024;gen-election-shugiin_20241027_smd_09_4;gen-tokko-2024-tokko_dec;gen-tokko-2024-tokko_march,https://www.soumu.go.jp/main_content/001063963.xlsx
09,093441,市貝町,tokko_dec,3a,特別交付税 12月分,2020-04-01,2021-03-31,2020-12-08,0,交付決定日(報道発表),2020-12-08,,千円,,報道発表に町村の個別額なし(都道府県計のみ),,,未取得,,,,https://www.soumu.go.jp/main_content/000721607.pdf
09,093441,市貝町,tokko_dec,3a,特別交付税 12月分,2021-04-01,2022-03-31,2021-12-03,0,交付決定日(報道発表),2021-12-03,,千円,,報道発表に町村の個別額なし(都道府県計のみ),,,未取得,2020-12-09,2021-12-03,gen-tokko-2020-tokko_march;gen-mlit-release-2021;gen-election-shugiin_20211031_smd_09_4;gen-tokko-2021-tokko_dec,https://www.soumu.go.jp/main_content/000780948.pdf
09,093441,市貝町,tokko_dec,3a,特別交付税 12月分,2022-04-01,2023-03-31,2022-12-13,0,交付決定日(報道発表),2022-12-13,,千円,,報道発表に町村の個別額なし(都道府県計のみ),,,未取得,2021-12-04,2022-12-13,gen-tokko-2021-tokko_march;gen-mlit-release-2022;gen-election-sangiin_20220710_smd_09_1;gen-tokko-2022-tokko_dec,https://www.soumu.go.jp/main_content/000850537.pdf
09,093441,市貝町,tokko_dec,3a,特別交付税 12月分,2023-04-01,2024-03-31,2023-12-12,0,交付決定日(報道発表),2023-12-12,,千円,,報道発表に町村の個別額なし(都道府県計のみ),,,未取得,2022-12-14,2023-12-12,gen-tokko-2022-tokko_march;gen-mlit-release-2023;gen-tokko-2023-tokko_dec,https://www.soumu.go.jp/main_content/000916643.pdf
09,093441,市貝町,tokko_dec,3a,特別交付税 12月分,2024-04-01,2025-03-31,2024-12-20,0,交付決定日(報道発表),2024-12-20,,千円,,報道発表に町村の個別額なし(都道府県計のみ),,,未取得,2023-12-13,2024-12-20,gen-tokko-2023-tokko_march;gen-mlit-release-2024;gen-election-shugiin_20241027_smd_09_4;gen-tokko-2024-tokko_dec,https://www.soumu.go.jp/main_content/000983129.pdf
09,093441,市貝町,tokko_dec,3a,特別交付税 12月分,2025-04-01,2026-03-31,2025-12-19,0,交付決定日(報道発表),2025-12-19,,千円,,報道発表に町村の個別額なし(都道府県計のみ),,,未取得,2024-12-21,2025-12-19,gen-tokko-2024-tokko_march;gen-mlit-release-2025;gen-election-sangiin_20250720_smd_09_1;gen-tokko-2025-tokko_dec,https://www.soumu.go.jp/main_content/001046667.pdf
09,093441,市貝町,tokko_march,3b,特別交付税 3月分,2020-04-01,2021-03-31,2021-03-19,0,交付決定日(報道発表),2021-03-19,,千円,,報道発表に町村の個別額なし(都道府県計のみ),,,未取得,,,,https://www.soumu.go.jp/main_content/000738961.pdf
09,093441,市貝町,tokko_march,3b,特別交付税 3月分,2021-04-01,2022-03-31,2022-03-18,0,交付決定日(報道発表),2022-03-18,,千円,,報道発表に町村の個別額なし(都道府県計のみ),,,未取得,2021-03-20,2022-03-18,gen-mlit-release-2021;gen-election-shugiin_20211031_smd_09_4;gen-tokko-2021-tokko_dec;gen-tokko-2021-tokko_march,https://www.soumu.go.jp/main_content/000799619.pdf
09,093441,市貝町,tokko_march,3b,特別交付税 3月分,2022-04-01,2023-03-31,2023-03-22,0,交付決定日(報道発表),2023-03-22,,千円,,報道発表に町村の個別額なし(都道府県計のみ),,,未取得,2022-03-19,2023-03-22,gen-mlit-release-2022;gen-election-sangiin_20220710_smd_09_1;gen-tokko-2022-tokko_dec;gen-tokko-2022-tokko_march,https://www.soumu.go.jp/main_content/000869990.pdf
09,093441,市貝町,tokko_march,3b,特別交付税 3月分,2023-04-01,2024-03-31,2024-03-22,0,交付決定日(報道発表),2024-03-22,,千円,,報道発表に町村の個別額なし(都道府県計のみ),,,未取得,2023-03-23,2024-03-22,gen-mlit-release-2023;gen-tokko-2023-tokko_dec;gen-tokko-2023-tokko_march,https://www.soumu.go.jp/main_content/000997045.pdf
09,093441,市貝町,tokko_march,3b,特別交付税 3月分,2024-04-01,2025-03-31,2025-03-21,0,交付決定日(報道発表),2025-03-21,,千円,,報道発表に町村の個別額なし(都道府県計のみ),,,未取得,2024-03-23,2025-03-21,gen-mlit-release-2024;gen-election-shugiin_20241027_smd_09_4;gen-tokko-2024-tokko_dec;gen-tokko-2024-tokko_march,https://www.soumu.go.jp/main_content/000998441.pdf
09,093441,市貝町,tokko_march,3b,特別交付税 3月分,2025-04-01,2026-03-31,2026-03-17,0,交付決定日(報道発表),2026-03-17,,千円,,報道発表に町村の個別額なし(都道府県計のみ),,,未取得,2025-03-22,2026-03-17,gen-mlit-release-2025;gen-election-sangiin_20250720_smd_09_1;gen-tokko-2025-tokko_dec;gen-election-shugiin_20260208_smd_09_4;gen-cabinet-2026-02-18;gen-position-motegi_toshimitsu-外務大臣-2026-02-18;gen-tokko-2025-tokko_march,https://www.soumu.go.jp/main_content/001061260.pdf
09,093441,市貝町,mlit_sole_grants,4,社総交・防安交 単独策定主体の国費,2021-04-01,2022-03-31,2021-03-30,1,当初配分の報道発表日を代用(交付決定日は未公表),2021-03-30,0.0,千円,0,,,,未取得,,,,https://www.mlit.go.jp/common/001396522.pdf
09,093441,市貝町,mlit_sole_grants,4,社総交・防安交 単独策定主体の国費,2022-04-01,2023-03-31,2022-03-25,1,当初配分の報道発表日を代用(交付決定日は未公表),2022-03-25,0.0,千円,0,,0.0,,未取得,2021-03-31,2022-03-25,gen-election-shugiin_20211031_smd_09_4;gen-tokko-2021-tokko_dec;gen-tokko-2021-tokko_march;gen-mlit-release-2022,https://www.mlit.go.jp/page/content/001472731.pdf
09,093441,市貝町,mlit_sole_grants,4,社総交・防安交 単独策定主体の国費,2023-04-01,2024-03-31,2023-03-31,1,当初配分の報道発表日を代用(交付決定日は未公表),2023-03-31,0.0,千円,0,,0.0,,未取得,2022-03-26,2023-03-31,gen-election-sangiin_20220710_smd_09_1;gen-tokko-2022-tokko_dec;gen-tokko-2022-tokko_march;gen-mlit-release-2023,https://www.mlit.go.jp/page/content/001596924.pdf
09,093441,市貝町,mlit_sole_grants,4,社総交・防安交 単独策定主体の国費,2024-04-01,2025-03-31,2024-04-01,1,当初配分の報道発表日を代用(交付決定日は未公表),2024-04-01,0.0,千円,0,,0.0,,未取得,2023-04-01,2024-04-01,gen-tokko-2023-tokko_dec;gen-tokko-2023-tokko_march;gen-mlit-release-2024,https://www.mlit.go.jp/page/content/001735005.pdf
09,093441,市貝町,mlit_sole_grants,4,社総交・防安交 単独策定主体の国費,2025-04-01,2026-03-31,2025-04-01,1,当初配分の報道発表日を代用(交付決定日は未公表),2025-04-01,0.0,千円,0,,0.0,,未取得,2024-04-02,2025-04-01,gen-election-shugiin_20241027_smd_09_4;gen-tokko-2024-tokko_dec;gen-tokko-2024-tokko_march;gen-mlit-release-2025,https://www.mlit.go.jp/page/content/001879738.pdf
09,093441,市貝町,mlit_sole_grants,4,社総交・防安交 単独策定主体の国費,2026-04-01,2027-03-31,2026-04-07,1,当初配分の報道発表日を代用(交付決定日は未公表),2026-04-07,0.0,千円,0,,0.0,,未取得,2025-04-02,2026-04-07,gen-election-sangiin_20250720_smd_09_1;gen-tokko-2025-tokko_dec;gen-election-shugiin_20260208_smd_09_4;gen-cabinet-2026-02-18;gen-position-motegi_toshimitsu-外務大臣-2026-02-18;gen-tokko-2025-tokko_march;gen-mlit-release-2026,https://www.mlit.go.jp/page/content/001994561.pdf
09,093441,市貝町,mlit_road,5,道路局箇所表 事業主体=当該市町の国費,2021-04-01,2022-03-31,2021-03-30,1,当初配分の報道発表日を代用(交付決定日は未公表),2021-03-30,0.0,千円,0,,,,未取得,,,,https://www.mlit.go.jp/common/001396522.pdf
09,093441,市貝町,mlit_road,5,道路局箇所表 事業主体=当該市町の国費,2022-04-01,2023-03-31,2022-03-25,1,当初配分の報道発表日を代用(交付決定日は未公表),2022-03-25,12000.0,千円,1,,12000.0,,未取得,2021-03-31,2022-03-25,gen-election-shugiin_20211031_smd_09_4;gen-tokko-2021-tokko_dec;gen-tokko-2021-tokko_march;gen-mlit-release-2022,https://www.mlit.go.jp/page/content/001472731.pdf
09,093441,市貝町,mlit_road,5,道路局箇所表 事業主体=当該市町の国費,2023-04-01,2024-03-31,2023-03-31,1,当初配分の報道発表日を代用(交付決定日は未公表),2023-03-31,4000.0,千円,1,,-8000.0,-0.6666666666666666,減少,2022-03-26,2023-03-31,gen-election-sangiin_20220710_smd_09_1;gen-tokko-2022-tokko_dec;gen-tokko-2022-tokko_march;gen-mlit-release-2023,https://www.mlit.go.jp/page/content/001596924.pdf
09,093441,市貝町,mlit_road,5,道路局箇所表 事業主体=当該市町の国費,2024-04-01,2025-03-31,2024-04-01,1,当初配分の報道発表日を代用(交付決定日は未公表),2024-04-01,0.0,千円,0,,-4000.0,-1.0,減少,2023-04-01,2024-04-01,gen-tokko-2023-tokko_dec;gen-tokko-2023-tokko_march;gen-mlit-release-2024,https://www.mlit.go.jp/page/content/001735005.pdf
09,093441,市貝町,mlit_road,5,道路局箇所表 事業主体=当該市町の国費,2025-04-01,2026-03-31,2025-04-01,1,当初配分の報道発表日を代用(交付決定日は未公表),2025-04-01,4000.0,千円,1,,4000.0,,未取得,2024-04-02,2025-04-01,gen-election-shugiin_20241027_smd_09_4;gen-tokko-2024-tokko_dec;gen-tokko-2024-tokko_march;gen-mlit-release-2025,https://www.mlit.go.jp/page/content/001879738.pdf
09,093441,市貝町,mlit_road,5,道路局箇所表 事業主体=当該市町の国費,2026-04-01,2027-03-31,2026-04-07,1,当初配分の報道発表日を代用(交付決定日は未公表),2026-04-07,3000.0,千円,1,,-1000.0,-0.25,減少,2025-04-02,2026-04-07,gen-election-sangiin_20250720_smd_09_1;gen-tokko-2025-tokko_dec;gen-election-shugiin_20260208_smd_09_4;gen-cabinet-2026-02-18;gen-position-motegi_toshimitsu-外務大臣-2026-02-18;gen-tokko-2025-tokko_march;gen-mlit-release-2026,https://www.mlit.go.jp/page/content/001994561.pdf
09,093441,市貝町,e_kokko,6,国庫支出金 計(決算、地方財政状況調査),2020-04-01,2021-03-31,2021-03-31,0,決算(年度末),,1921316.0,千円,,,,,未取得,,,,https://www.e-stat.go.jp/stat-search/file-download?statInfId=000032188698&fileKind=1
09,093441,市貝町,e_kokko,6,国庫支出金 計(決算、地方財政状況調査),2021-04-01,2022-03-31,2022-03-31,0,決算(年度末),,890033.0,千円,,,-1031283.0,-0.5367586591690279,減少,2021-04-01,2022-03-31,gen-election-shugiin_20211031_smd_09_4;gen-tokko-2021-tokko_dec;gen-tokko-2021-tokko_march;gen-mlit-release-2022,https://www.e-stat.go.jp/stat-search/file-download?statInfId=000040044921&fileKind=1
09,093441,市貝町,e_kokko,6,国庫支出金 計(決算、地方財政状況調査),2022-04-01,2023-03-31,2023-03-31,0,決算(年度末),,1042945.0,千円,,,152912.0,0.17180486566228442,増加,2022-04-01,2023-03-31,gen-election-sangiin_20220710_smd_09_1;gen-tokko-2022-tokko_dec;gen-tokko-2022-tokko_march;gen-mlit-release-2023,https://www.e-stat.go.jp/stat-search/file-download?statInfId=000040171702&fileKind=1
09,093441,市貝町,e_kokko,6,国庫支出金 計(決算、地方財政状況調査),2023-04-01,2024-03-31,2024-03-31,0,決算(年度末),,774885.0,千円,,,-268060.0,-0.25702218237778596,減少,2023-04-01,2024-03-31,gen-tokko-2023-tokko_dec;gen-tokko-2023-tokko_march,https://www.e-stat.go.jp/stat-search/file-download?statInfId=000040231591&fileKind=1
09,093441,市貝町,e_kokko,6,国庫支出金 計(決算、地方財政状況調査),2024-04-01,2025-03-31,2025-03-31,0,決算(年度末),,917842.0,千円,,,142957.0,0.1844880208030869,増加,2024-04-01,2025-03-31,gen-mlit-release-2024;gen-election-shugiin_20241027_smd_09_4;gen-tokko-2024-tokko_dec;gen-tokko-2024-tokko_march,https://www.e-stat.go.jp/stat-search/file-download?statInfId=000040375638&fileKind=1
09,093441,市貝町,e_kokko_futsuken,6,国庫支出金のうち普通建設事業費支出金(決算),2020-04-01,2021-03-31,2021-03-31,0,決算(年度末),,5269.0,千円,,,,,未取得,,,,https://www.e-stat.go.jp/stat-search/file-download?statInfId=000032188698&fileKind=1
09,093441,市貝町,e_kokko_futsuken,6,国庫支出金のうち普通建設事業費支出金(決算),2021-04-01,2022-03-31,2022-03-31,0,決算(年度末),,6399.0,千円,,,1130.0,0.21446194723856518,増加,2021-04-01,2022-03-31,gen-election-shugiin_20211031_smd_09_4;gen-tokko-2021-tokko_dec;gen-tokko-2021-tokko_march;gen-mlit-release-2022,https://www.e-stat.go.jp/stat-search/file-download?statInfId=000040044921&fileKind=1
09,093441,市貝町,e_kokko_futsuken,6,国庫支出金のうち普通建設事業費支出金(決算),2022-04-01,2023-03-31,2023-03-31,0,決算(年度末),,271316.0,千円,,,264917.0,41.399749960931395,増加,2022-04-01,2023-03-31,gen-election-sangiin_20220710_smd_09_1;gen-tokko-2022-tokko_dec;gen-tokko-2022-tokko_march;gen-mlit-release-2023,https://www.e-stat.go.jp/stat-search/file-download?statInfId=000040171702&fileKind=1
09,093441,市貝町,e_kokko_futsuken,6,国庫支出金のうち普通建設事業費支出金(決算),2023-04-01,2024-03-31,2024-03-31,0,決算(年度末),,36060.0,千円,,,-235256.0,-0.8670922466791491,減少,2023-04-01,2024-03-31,gen-tokko-2023-tokko_dec;gen-tokko-2023-tokko_march,https://www.e-stat.go.jp/stat-search/file-download?statInfId=000040231591&fileKind=1
09,093441,市貝町,e_kokko_futsuken,6,国庫支出金のうち普通建設事業費支出金(決算),2024-04-01,2025-03-31,2025-03-31,0,決算(年度末),,156667.0,千円,,,120607.0,3.3446200776483637,増加,2024-04-01,2025-03-31,gen-mlit-release-2024;gen-election-shugiin_20241027_smd_09_4;gen-tokko-2024-tokko_dec;gen-tokko-2024-tokko_march,https://www.e-stat.go.jp/stat-search/file-download?statInfId=000040375638&fileKind=1
09,093441,市貝町,e_kokko_saigai,6,国庫支出金のうち災害復旧事業費支出金(決算),2020-04-01,2021-03-31,2021-03-31,0,決算(年度末),,0.0,千円,,,,,未取得,,,,https://www.e-stat.go.jp/stat-search/file-download?statInfId=000032188698&fileKind=1
09,093441,市貝町,e_kokko_saigai,6,国庫支出金のうち災害復旧事業費支出金(決算),2021-04-01,2022-03-31,2022-03-31,0,決算(年度末),,0.0,千円,,,0.0,,未取得,2021-04-01,2022-03-31,gen-election-shugiin_20211031_smd_09_4;gen-tokko-2021-tokko_dec;gen-tokko-2021-tokko_march;gen-mlit-release-2022,https://www.e-stat.go.jp/stat-search/file-download?statInfId=000040044921&fileKind=1
09,093441,市貝町,e_kokko_saigai,6,国庫支出金のうち災害復旧事業費支出金(決算),2022-04-01,2023-03-31,2023-03-31,0,決算(年度末),,0.0,千円,,,0.0,,未取得,2022-04-01,2023-03-31,gen-election-sangiin_20220710_smd_09_1;gen-tokko-2022-tokko_dec;gen-tokko-2022-tokko_march;gen-mlit-release-2023,https://www.e-stat.go.jp/stat-search/file-download?statInfId=000040171702&fileKind=1
09,093441,市貝町,e_kokko_saigai,6,国庫支出金のうち災害復旧事業費支出金(決算),2023-04-01,2024-03-31,2024-03-31,0,決算(年度末),,0.0,千円,,,0.0,,未取得,2023-04-01,2024-03-31,gen-tokko-2023-tokko_dec;gen-tokko-2023-tokko_march,https://www.e-stat.go.jp/stat-search/file-download?statInfId=000040231591&fileKind=1
09,093441,市貝町,e_kokko_saigai,6,国庫支出金のうち災害復旧事業費支出金(決算),2024-04-01,2025-03-31,2025-03-31,0,決算(年度末),,0.0,千円,,,0.0,,未取得,2024-04-01,2025-03-31,gen-mlit-release-2024;gen-election-shugiin_20241027_smd_09_4;gen-tokko-2024-tokko_dec;gen-tokko-2024-tokko_march,https://www.e-stat.go.jp/stat-search/file-download?statInfId=000040375638&fileKind=1
09,093441,市貝町,e_kokko_shasoukou,6,国庫支出金のうち社会資本整備総合交付金(決算),2020-04-01,2021-03-31,2021-03-31,0,決算(年度末),,12930.0,千円,,,,,未取得,,,,https://www.e-stat.go.jp/stat-search/file-download?statInfId=000032188698&fileKind=1
09,093441,市貝町,e_kokko_shasoukou,6,国庫支出金のうち社会資本整備総合交付金(決算),2021-04-01,2022-03-31,2022-03-31,0,決算(年度末),,19117.0,千円,,,6187.0,0.47849961330239754,増加,2021-04-01,2022-03-31,gen-election-shugiin_20211031_smd_09_4;gen-tokko-2021-tokko_dec;gen-tokko-2021-tokko_march;gen-mlit-release-2022,https://www.e-stat.go.jp/stat-search/file-download?statInfId=000040044921&fileKind=1
09,093441,市貝町,e_kokko_shasoukou,6,国庫支出金のうち社会資本整備総合交付金(決算),2022-04-01,2023-03-31,2023-03-31,0,決算(年度末),,79408.0,千円,,,60291.0,3.1537898205785426,増加,2022-04-01,2023-03-31,gen-election-sangiin_20220710_smd_09_1;gen-tokko-2022-tokko_dec;gen-tokko-2022-tokko_march;gen-mlit-release-2023,https://www.e-stat.go.jp/stat-search/file-download?statInfId=000040171702&fileKind=1
09,093441,市貝町,e_kokko_shasoukou,6,国庫支出金のうち社会資本整備総合交付金(決算),2023-04-01,2024-03-31,2024-03-31,0,決算(年度末),,59807.0,千円,,,-19601.0,-0.24683910940963127,減少,2023-04-01,2024-03-31,gen-tokko-2023-tokko_dec;gen-tokko-2023-tokko_march,https://www.e-stat.go.jp/stat-search/file-download?statInfId=000040231591&fileKind=1
09,093441,市貝町,e_kokko_shasoukou,6,国庫支出金のうち社会資本整備総合交付金(決算),2024-04-01,2025-03-31,2025-03-31,0,決算(年度末),,29078.0,千円,,,-30729.0,-0.513802732121658,減少,2024-04-01,2025-03-31,gen-mlit-release-2024;gen-election-shugiin_20241027_smd_09_4;gen-tokko-2024-tokko_dec;gen-tokko-2024-tokko_march,https://www.e-stat.go.jp/stat-search/file-download?statInfId=000040375638&fileKind=1
09,093441,市貝町,e_pref,6,都道府県支出金 計(決算),2020-04-01,2021-03-31,2021-03-31,0,決算(年度末),,357155.0,千円,,,,,未取得,,,,https://www.e-stat.go.jp/stat-search/file-download?statInfId=000032188698&fileKind=1
09,093441,市貝町,e_pref,6,都道府県支出金 計(決算),2021-04-01,2022-03-31,2022-03-31,0,決算(年度末),,426823.0,千円,,,69668.0,0.19506376783189372,増加,2021-04-01,2022-03-31,gen-election-shugiin_20211031_smd_09_4;gen-tokko-2021-tokko_dec;gen-tokko-2021-tokko_march;gen-mlit-release-2022,https://www.e-stat.go.jp/stat-search/file-download?statInfId=000040044921&fileKind=1
09,093441,市貝町,e_pref,6,都道府県支出金 計(決算),2022-04-01,2023-03-31,2023-03-31,0,決算(年度末),,461335.0,千円,,,34512.0,0.08085787316990883,増加,2022-04-01,2023-03-31,gen-election-sangiin_20220710_smd_09_1;gen-tokko-2022-tokko_dec;gen-tokko-2022-tokko_march;gen-mlit-release-2023,https://www.e-stat.go.jp/stat-search/file-download?statInfId=000040171702&fileKind=1
09,093441,市貝町,e_pref,6,都道府県支出金 計(決算),2023-04-01,2024-03-31,2024-03-31,0,決算(年度末),,582044.0,千円,,,120709.0,0.26165151137459763,増加,2023-04-01,2024-03-31,gen-tokko-2023-tokko_dec;gen-tokko-2023-tokko_march,https://www.e-stat.go.jp/stat-search/file-download?statInfId=000040231591&fileKind=1
09,093441,市貝町,e_pref,6,都道府県支出金 計(決算),2024-04-01,2025-03-31,2025-03-31,0,決算(年度末),,512528.0,千円,,,-69516.0,-0.11943426957412154,減少,2024-04-01,2025-03-31,gen-mlit-release-2024;gen-election-shugiin_20241027_smd_09_4;gen-tokko-2024-tokko_dec;gen-tokko-2024-tokko_march,https://www.e-stat.go.jp/stat-search/file-download?statInfId=000040375638&fileKind=1
09,093441,市貝町,e_futsu,6,普通交付税(決算),2020-04-01,2021-03-31,2021-03-31,0,決算(年度末),,657718.0,千円,,,,,未取得,,,,https://www.e-stat.go.jp/stat-search/file-download?statInfId=000032188698&fileKind=1
09,093441,市貝町,e_futsu,6,普通交付税(決算),2021-04-01,2022-03-31,2022-03-31,0,決算(年度末),,1053840.0,千円,,,396122.0,0.6022672330694918,増加,2021-04-01,2022-03-31,gen-election-shugiin_20211031_smd_09_4;gen-tokko-2021-tokko_dec;gen-tokko-2021-tokko_march;gen-mlit-release-2022,https://www.e-stat.go.jp/stat-search/file-download?statInfId=000040044921&fileKind=1
09,093441,市貝町,e_futsu,6,普通交付税(決算),2022-04-01,2023-03-31,2023-03-31,0,決算(年度末),,1039060.0,千円,,,-14780.0,-0.01402489941547104,横ばい,2022-04-01,2023-03-31,gen-election-sangiin_20220710_smd_09_1;gen-tokko-2022-tokko_dec;gen-tokko-2022-tokko_march;gen-mlit-release-2023,https://www.e-stat.go.jp/stat-search/file-download?statInfId=000040171702&fileKind=1
09,093441,市貝町,e_futsu,6,普通交付税(決算),2023-04-01,2024-03-31,2024-03-31,0,決算(年度末),,1323541.0,千円,,,284481.0,0.2737868842992705,増加,2023-04-01,2024-03-31,gen-tokko-2023-tokko_dec;gen-tokko-2023-tokko_march,https://www.e-stat.go.jp/stat-search/file-download?statInfId=000040231591&fileKind=1
09,093441,市貝町,e_futsu,6,普通交付税(決算),2024-04-01,2025-03-31,2025-03-31,0,決算(年度末),,1440931.0,千円,,,117390.0,0.08869389010238443,増加,2024-04-01,2025-03-31,gen-mlit-release-2024;gen-election-shugiin_20241027_smd_09_4;gen-tokko-2024-tokko_dec;gen-tokko-2024-tokko_march,https://www.e-stat.go.jp/stat-search/file-download?statInfId=000040375638&fileKind=1
09,093441,市貝町,e_tokko,6,特別交付税(決算),2020-04-01,2021-03-31,2021-03-31,0,決算(年度末),,113118.0,千円,,,,,未取得,,,,https://www.e-stat.go.jp/stat-search/file-download?statInfId=000032188698&fileKind=1
09,093441,市貝町,e_tokko,6,特別交付税(決算),2021-04-01,2022-03-31,2022-03-31,0,決算(年度末),,128457.0,千円,,,15339.0,0.1356017609929454,増加,2021-04-01,2022-03-31,gen-election-shugiin_20211031_smd_09_4;gen-tokko-2021-tokko_dec;gen-tokko-2021-tokko_march;gen-mlit-release-2022,https://www.e-stat.go.jp/stat-search/file-download?statInfId=000040044921&fileKind=1
09,093441,市貝町,e_tokko,6,特別交付税(決算),2022-04-01,2023-03-31,2023-03-31,0,決算(年度末),,139226.0,千円,,,10769.0,0.08383350070451591,増加,2022-04-01,2023-03-31,gen-election-sangiin_20220710_smd_09_1;gen-tokko-2022-tokko_dec;gen-tokko-2022-tokko_march;gen-mlit-release-2023,https://www.e-stat.go.jp/stat-search/file-download?statInfId=000040171702&fileKind=1
09,093441,市貝町,e_tokko,6,特別交付税(決算),2023-04-01,2024-03-31,2024-03-31,0,決算(年度末),,137108.0,千円,,,-2118.0,-0.015212675793314466,横ばい,2023-04-01,2024-03-31,gen-tokko-2023-tokko_dec;gen-tokko-2023-tokko_march,https://www.e-stat.go.jp/stat-search/file-download?statInfId=000040231591&fileKind=1
09,093441,市貝町,e_tokko,6,特別交付税(決算),2024-04-01,2025-03-31,2025-03-31,0,決算(年度末),,148544.0,千円,,,11436.0,0.08340869971117659,増加,2024-04-01,2025-03-31,gen-mlit-release-2024;gen-election-shugiin_20241027_smd_09_4;gen-tokko-2024-tokko_dec;gen-tokko-2024-tokko_march,https://www.e-stat.go.jp/stat-search/file-download?statInfId=000040375638&fileKind=1
09,093441,市貝町,e_road_kokko,7,道路橋りょう費に充当した国庫支出金(決算),2020-04-01,2021-03-31,2021-03-31,0,決算(年度末),,12930.0,千円,,,,,未取得,,,,https://www.e-stat.go.jp/stat-search/file-download?statInfId=000032188710&fileKind=1
09,093441,市貝町,e_road_kokko,7,道路橋りょう費に充当した国庫支出金(決算),2021-04-01,2022-03-31,2022-03-31,0,決算(年度末),,19117.0,千円,,,6187.0,0.47849961330239754,増加,2021-04-01,2022-03-31,gen-election-shugiin_20211031_smd_09_4;gen-tokko-2021-tokko_dec;gen-tokko-2021-tokko_march;gen-mlit-release-2022,https://www.e-stat.go.jp/stat-search/file-download?statInfId=000040044933&fileKind=1
09,093441,市貝町,e_road_kokko,7,道路橋りょう費に充当した国庫支出金(決算),2022-04-01,2023-03-31,2023-03-31,0,決算(年度末),,79142.0,千円,,,60025.0,3.1398755034785792,増加,2022-04-01,2023-03-31,gen-election-sangiin_20220710_smd_09_1;gen-tokko-2022-tokko_dec;gen-tokko-2022-tokko_march;gen-mlit-release-2023,https://www.e-stat.go.jp/stat-search/file-download?statInfId=000040171714&fileKind=1
09,093441,市貝町,e_road_kokko,7,道路橋りょう費に充当した国庫支出金(決算),2023-04-01,2024-03-31,2024-03-31,0,決算(年度末),,59637.0,千円,,,-19505.0,-0.24645573778777388,減少,2023-04-01,2024-03-31,gen-tokko-2023-tokko_dec;gen-tokko-2023-tokko_march,https://www.e-stat.go.jp/stat-search/file-download?statInfId=000040231603&fileKind=1
09,093441,市貝町,e_road_kokko,7,道路橋りょう費に充当した国庫支出金(決算),2024-04-01,2025-03-31,2025-03-31,0,決算(年度末),,27130.0,千円,,,-32507.0,-0.5450810738300048,減少,2024-04-01,2025-03-31,gen-mlit-release-2024;gen-election-shugiin_20241027_smd_09_4;gen-tokko-2024-tokko_dec;gen-tokko-2024-tokko_march,https://www.e-stat.go.jp/stat-search/file-download?statInfId=000040375650&fileKind=1
09,093441,市貝町,e_hojo_road_kokko,8,補助事業費(道路・橋りょう)の国庫支出金(決算),2020-04-01,2021-03-31,2021-03-31,0,決算(年度末),,12930.0,千円,,,,,未取得,,,,https://www.e-stat.go.jp/stat-search/file-download?statInfId=000032188732&fileKind=1
09,093441,市貝町,e_hojo_road_kokko,8,補助事業費(道路・橋りょう)の国庫支出金(決算),2021-04-01,2022-03-31,2022-03-31,0,決算(年度末),,18617.0,千円,,,5687.0,0.43982985305491107,増加,2021-04-01,2022-03-31,gen-election-shugiin_20211031_smd_09_4;gen-tokko-2021-tokko_dec;gen-tokko-2021-tokko_march;gen-mlit-release-2022,https://www.e-stat.go.jp/stat-search/file-download?statInfId=000040044955&fileKind=1
09,093441,市貝町,e_hojo_road_kokko,8,補助事業費(道路・橋りょう)の国庫支出金(決算),2022-04-01,2023-03-31,2023-03-31,0,決算(年度末),,72581.0,千円,,,53964.0,2.8986410270183165,増加,2022-04-01,2023-03-31,gen-election-sangiin_20220710_smd_09_1;gen-tokko-2022-tokko_dec;gen-tokko-2022-tokko_march;gen-mlit-release-2023,https://www.e-stat.go.jp/stat-search/file-download?statInfId=000040171736&fileKind=1
09,093441,市貝町,e_hojo_road_kokko,8,補助事業費(道路・橋りょう)の国庫支出金(決算),2023-04-01,2024-03-31,2024-03-31,0,決算(年度末),,57199.0,千円,,,-15382.0,-0.21192874168170733,減少,2023-04-01,2024-03-31,gen-tokko-2023-tokko_dec;gen-tokko-2023-tokko_march,https://www.e-stat.go.jp/stat-search/file-download?statInfId=000040231625&fileKind=1
09,093441,市貝町,e_hojo_road_kokko,8,補助事業費(道路・橋りょう)の国庫支出金(決算),2024-04-01,2025-03-31,2025-03-31,0,決算(年度末),,27130.0,千円,,,-30069.0,-0.5256910085840661,減少,2024-04-01,2025-03-31,gen-mlit-release-2024;gen-election-shugiin_20241027_smd_09_4;gen-tokko-2024-tokko_dec;gen-tokko-2024-tokko_march,https://www.e-stat.go.jp/stat-search/file-download?statInfId=000040375672&fileKind=1
09,093441,市貝町,futsu_decided,9,普通交付税 当初決定額,2021-04-01,2022-03-31,2021-08-03,0,当初決定日(算定結果の報道資料の日付),2021-08-03,889195.0,千円,,,,,未取得,,,,https://www.soumu.go.jp/main_content/000761570.xlsx
09,093441,市貝町,futsu_decided,9,普通交付税 当初決定額,2022-04-01,2023-03-31,2022-07-26,0,当初決定日(算定結果の報道資料の日付),2022-07-26,1007177.0,千円,,,117982.0,0.13268405692789545,増加,2021-08-04,2022-07-26,gen-election-shugiin_20211031_smd_09_4;gen-tokko-2021-tokko_dec;gen-tokko-2021-tokko_march;gen-mlit-release-2022;gen-election-sangiin_20220710_smd_09_1,https://www.soumu.go.jp/main_content/000762090.xlsx
09,093441,市貝町,futsu_decided,9,普通交付税 当初決定額,2023-04-01,2024-03-31,2023-07-28,0,当初決定日(算定結果の報道資料の日付),2023-07-28,1283089.0,千円,,,275912.0,0.273945890344994,増加,2022-07-27,2023-07-28,gen-tokko-2022-tokko_dec;gen-tokko-2022-tokko_march;gen-mlit-release-2023,https://www.soumu.go.jp/main_content/000894237.xlsx
09,093441,市貝町,futsu_decided,9,普通交付税 当初決定額,2024-04-01,2025-03-31,2024-07-23,0,当初決定日(算定結果の報道資料の日付),2024-07-23,1351541.0,千円,,,68452.0,0.05334937794650254,増加,2023-07-29,2024-07-23,gen-tokko-2023-tokko_dec;gen-tokko-2023-tokko_march;gen-mlit-release-2024,https://www.soumu.go.jp/main_content/000958553.xlsx
09,093441,市貝町,futsu_decided,9,普通交付税 当初決定額,2025-04-01,2026-03-31,2025-07-29,0,当初決定日(算定結果の報道資料の日付),2025-07-29,1532507.0,千円,,,180966.0,0.13389604902847935,増加,2024-07-24,2025-07-29,gen-election-shugiin_20241027_smd_09_4;gen-tokko-2024-tokko_dec;gen-tokko-2024-tokko_march;gen-mlit-release-2025;gen-election-sangiin_20250720_smd_09_1,https://www.soumu.go.jp/main_content/001022466.xlsx
09,093441,市貝町,futsu_decided,9,普通交付税 当初決定額,2026-04-01,2027-03-31,2026-07-24,0,当初決定日(算定結果の報道資料の日付),2026-07-24,1497890.0,千円,,,-34617.0,-0.022588477573022504,横ばい,2025-07-30,2026-07-24,gen-tokko-2025-tokko_dec;gen-election-shugiin_20260208_smd_09_4;gen-cabinet-2026-02-18;gen-position-motegi_toshimitsu-外務大臣-2026-02-18;gen-tokko-2025-tokko_march;gen-mlit-release-2026,https://www.soumu.go.jp/main_content/001083404.xlsx
09,093441,市貝町,kofu_total,10,国交省 交付決定額 計(年度合計),2017-04-01,2018-03-31,2018-03-31,1,年度内で最後の交付決定日(交付決定がない年度は年度末)。値は年度合計(変更減額を含む),,70765.0,千円,,,,,未取得,,,,https://www.mlit.go.jp/common/001210869.xlsx
09,093441,市貝町,kofu_total,10,国交省 交付決定額 計(年度合計),2018-04-01,2019-03-31,2018-09-03,1,年度内で最後の交付決定日(交付決定がない年度は年度末)。値は年度合計(変更減額を含む),,83503.0,千円,,,12738.0,0.18000423938387622,増加,2018-04-01,2018-09-03,,https://www.mlit.go.jp/common/001260907.xlsx
09,093441,市貝町,kofu_total,10,国交省 交付決定額 計(年度合計),2019-04-01,2020-03-31,2020-03-31,1,年度内で最後の交付決定日(交付決定がない年度は年度末)。値は年度合計(変更減額を含む),,64794.0,千円,,,-18709.0,-0.22405183047315666,減少,2018-09-04,2020-03-31,,https://www.mlit.go.jp/common/001316172.xlsx
09,093441,市貝町,kofu_total,10,国交省 交付決定額 計(年度合計),2020-04-01,2021-03-31,2021-03-31,1,年度内で最後の交付決定日(交付決定がない年度は年度末)。値は年度合計(変更減額を含む),,54637.0,千円,,,-10157.0,-0.15675834182177362,減少,2020-04-01,2021-03-31,gen-tokko-2020-tokko_dec;gen-tokko-2020-tokko_march;gen-mlit-release-2021,https://www.mlit.go.jp/common/001371589.xlsx
09,093441,市貝町,kofu_total,10,国交省 交付決定額 計(年度合計),2021-04-01,2022-03-31,2022-02-10,1,年度内で最後の交付決定日(交付決定がない年度は年度末)。値は年度合計(変更減額を含む),,31800.0,千円,,,-22837.0,-0.41797682888884824,減少,2021-04-01,2022-02-10,gen-election-shugiin_20211031_smd_09_4;gen-tokko-2021-tokko_dec,https://www.mlit.go.jp/common/001579048.xlsx
09,093441,市貝町,kofu_total,10,国交省 交付決定額 計(年度合計),2022-04-01,2023-03-31,2023-03-07,1,年度内で最後の交付決定日(交付決定がない年度は年度末)。値は年度合計(変更減額を含む),,111985.0,千円,,,80185.0,2.5215408805031445,増加,2022-02-11,2023-03-07,gen-tokko-2021-tokko_march;gen-mlit-release-2022;gen-election-sangiin_20220710_smd_09_1;gen-tokko-2022-tokko_dec,https://www.mlit.go.jp/common/001426891.xlsx
09,093441,市貝町,kofu_total,10,国交省 交付決定額 計(年度合計),2023-04-01,2024-03-31,2024-03-08,1,年度内で最後の交付決定日(交付決定がない年度は年度末)。値は年度合計(変更減額を含む),,111365.0,千円,,,-620.0,-0.005536455775327053,横ばい,2023-03-08,2024-03-08,gen-tokko-2022-tokko_march;gen-mlit-release-2023;gen-tokko-2023-tokko_dec,https://www.mlit.go.jp/page/content/001749355.xlsx
09,093441,市貝町,kofu_total,10,国交省 交付決定額 計(年度合計),2024-04-01,2025-03-31,2025-03-11,1,年度内で最後の交付決定日(交付決定がない年度は年度末)。値は年度合計(変更減額を含む),,90058.0,千円,,,-21307.0,-0.19132582050015715,減少,2024-03-09,2025-03-11,gen-tokko-2023-tokko_march;gen-mlit-release-2024;gen-election-shugiin_20241027_smd_09_4;gen-tokko-2024-tokko_dec,https://www.mlit.go.jp/page/content/001889200.xlsx
09,093441,市貝町,kofu_total,10,国交省 交付決定額 計(年度合計),2025-04-01,2026-03-31,2025-12-22,1,年度内で最後の交付決定日(交付決定がない年度は年度末)。値は年度合計(変更減額を含む),,70643.0,千円,,,-19415.0,-0.21558329076817162,減少,2025-03-12,2025-12-22,gen-tokko-2024-tokko_march;gen-mlit-release-2025;gen-election-sangiin_20250720_smd_09_1;gen-tokko-2025-tokko_dec,https://www.mlit.go.jp/page/content/001968987.xlsx
09,093441,市貝町,kofu_shasoukou,10,国交省 交付決定額 社会資本整備総合交付金,2017-04-01,2018-03-31,2018-03-31,1,年度内で最後の交付決定日(交付決定がない年度は年度末)。値は年度合計(変更減額を含む),,70765.0,千円,,,,,未取得,,,,https://www.mlit.go.jp/common/001306061.xlsx
09,093441,市貝町,kofu_shasoukou,10,国交省 交付決定額 社会資本整備総合交付金,2018-04-01,2019-03-31,2018-09-03,1,年度内で最後の交付決定日(交付決定がない年度は年度末)。値は年度合計(変更減額を含む),,83503.0,千円,,,12738.0,0.18000423938387622,増加,2018-04-01,2018-09-03,,https://www.mlit.go.jp/common/001288716.xlsx
09,093441,市貝町,kofu_shasoukou,10,国交省 交付決定額 社会資本整備総合交付金,2019-04-01,2020-03-31,2020-03-31,1,年度内で最後の交付決定日(交付決定がない年度は年度末)。値は年度合計(変更減額を含む),,60840.0,千円,,,-22663.0,-0.27140342263152223,減少,2018-09-04,2020-03-31,,https://www.mlit.go.jp/common/001316186.xlsx
09,093441,市貝町,kofu_shasoukou,10,国交省 交付決定額 社会資本整備総合交付金,2020-04-01,2021-03-31,2021-03-31,1,年度内で最後の交付決定日(交付決定がない年度は年度末)。値は年度合計(変更減額を含む),,54637.0,千円,,,-6203.0,-0.10195595003287311,減少,2020-04-01,2021-03-31,gen-tokko-2020-tokko_dec;gen-tokko-2020-tokko_march;gen-mlit-release-2021,https://www.mlit.go.jp/common/001371606.xlsx
09,093441,市貝町,kofu_shasoukou,10,国交省 交付決定額 社会資本整備総合交付金,2021-04-01,2022-03-31,2022-03-31,1,年度内で最後の交付決定日(交付決定がない年度は年度末)。値は年度合計(変更減額を含む),,31300.0,千円,,,-23337.0,-0.4271281366107217,減少,2021-04-01,2022-03-31,gen-election-shugiin_20211031_smd_09_4;gen-tokko-2021-tokko_dec;gen-tokko-2021-tokko_march;gen-mlit-release-2022,https://www.mlit.go.jp/common/001579064.xlsx
09,093441,市貝町,kofu_shasoukou,10,国交省 交付決定額 社会資本整備総合交付金,2022-04-01,2023-03-31,2023-03-31,1,年度内で最後の交付決定日(交付決定がない年度は年度末)。値は年度合計(変更減額を含む),,93403.0,千円,,,62103.0,1.9841214057507988,増加,2022-04-01,2023-03-31,gen-election-sangiin_20220710_smd_09_1;gen-tokko-2022-tokko_dec;gen-tokko-2022-tokko_march;gen-mlit-release-2023,https://www.mlit.go.jp/common/001426909.xlsx
09,093441,市貝町,kofu_shasoukou,10,国交省 交付決定額 社会資本整備総合交付金,2023-04-01,2024-03-31,2023-08-03,1,年度内で最後の交付決定日(交付決定がない年度は年度末)。値は年度合計(変更減額を含む),,106315.0,千円,,,12912.0,0.13823967110264124,増加,2023-04-01,2023-08-03,,https://www.mlit.go.jp/page/content/001708175.xlsx
09,093441,市貝町,kofu_shasoukou,10,国交省 交付決定額 社会資本整備総合交付金,2024-04-01,2025-03-31,2025-03-11,1,年度内で最後の交付決定日(交付決定がない年度は年度末)。値は年度合計(変更減額を含む),,87170.0,千円,,,-19145.0,-0.1800780698866576,減少,2023-08-04,2025-03-11,gen-tokko-2023-tokko_dec;gen-tokko-2023-tokko_march;gen-mlit-release-2024;gen-election-shugiin_20241027_smd_09_4;gen-tokko-2024-tokko_dec,https://www.mlit.go.jp/page/content/001842591.xlsx
09,093441,市貝町,kofu_shasoukou,10,国交省 交付決定額 社会資本整備総合交付金,2025-04-01,2026-03-31,2025-06-26,1,年度内で最後の交付決定日(交付決定がない年度は年度末)。値は年度合計(変更減額を含む),,58940.0,千円,,,-28230.0,-0.32384994837673514,減少,2025-03-12,2025-06-26,gen-tokko-2024-tokko_march;gen-mlit-release-2025,https://www.mlit.go.jp/page/content/001969014.xlsx
09,093441,市貝町,kofu_bouan,10,国交省 交付決定額 防災・安全交付金,2017-04-01,2018-03-31,2018-03-31,1,年度内で最後の交付決定日(交付決定がない年度は年度末)。値は年度合計(変更減額を含む),,30765.0,千円,,,,,未取得,,,,https://www.mlit.go.jp/common/001306061.xlsx
09,093441,市貝町,kofu_bouan,10,国交省 交付決定額 防災・安全交付金,2018-04-01,2019-03-31,2018-09-03,1,年度内で最後の交付決定日(交付決定がない年度は年度末)。値は年度合計(変更減額を含む),,26573.0,千円,,,-4192.0,-0.1362587355761417,減少,2018-04-01,2018-09-03,,https://www.mlit.go.jp/common/001288716.xlsx
09,093441,市貝町,kofu_bouan,10,国交省 交付決定額 防災・安全交付金,2019-04-01,2020-03-31,2020-03-31,1,年度内で最後の交付決定日(交付決定がない年度は年度末)。値は年度合計(変更減額を含む),,10260.0,千円,,,-16313.0,-0.6138938019794529,減少,2018-09-04,2020-03-31,,https://www.mlit.go.jp/common/001316186.xlsx
09,093441,市貝町,kofu_bouan,10,国交省 交付決定額 防災・安全交付金,2020-04-01,2021-03-31,2021-03-31,1,年度内で最後の交付決定日(交付決定がない年度は年度末)。値は年度合計(変更減額を含む),,8087.0,千円,,,-2173.0,-0.21179337231968812,減少,2020-04-01,2021-03-31,gen-tokko-2020-tokko_dec;gen-tokko-2020-tokko_march;gen-mlit-release-2021,https://www.mlit.go.jp/common/001371606.xlsx
09,093441,市貝町,kofu_bouan,10,国交省 交付決定額 防災・安全交付金,2021-04-01,2022-03-31,2022-03-31,1,年度内で最後の交付決定日(交付決定がない年度は年度末)。値は年度合計(変更減額を含む),,6300.0,千円,,,-1787.0,-0.22097193025843948,減少,2021-04-01,2022-03-31,gen-election-shugiin_20211031_smd_09_4;gen-tokko-2021-tokko_dec;gen-tokko-2021-tokko_march;gen-mlit-release-2022,https://www.mlit.go.jp/common/001579064.xlsx
09,093441,市貝町,kofu_bouan,10,国交省 交付決定額 防災・安全交付金,2022-04-01,2023-03-31,2023-03-31,1,年度内で最後の交付決定日(交付決定がない年度は年度末)。値は年度合計(変更減額を含む),,12021.0,千円,,,5721.0,0.9080952380952381,増加,2022-04-01,2023-03-31,gen-election-sangiin_20220710_smd_09_1;gen-tokko-2022-tokko_dec;gen-tokko-2022-tokko_march;gen-mlit-release-2023,https://www.mlit.go.jp/common/001426909.xlsx
09,093441,市貝町,kofu_bouan,10,国交省 交付決定額 防災・安全交付金,2023-04-01,2024-03-31,2023-06-07,1,年度内で最後の交付決定日(交付決定がない年度は年度末)。値は年度合計(変更減額を含む),,2612.0,千円,,,-9409.0,-0.7827135845603527,減少,2023-04-01,2023-06-07,,https://www.mlit.go.jp/page/content/001708175.xlsx
09,093441,市貝町,kofu_bouan,10,国交省 交付決定額 防災・安全交付金,2024-04-01,2025-03-31,2025-01-28,1,年度内で最後の交付決定日(交付決定がない年度は年度末)。値は年度合計(変更減額を含む),,2190.0,千円,,,-422.0,-0.16156202143950996,減少,2023-06-08,2025-01-28,gen-tokko-2023-tokko_dec;gen-tokko-2023-tokko_march;gen-mlit-release-2024;gen-election-shugiin_20241027_smd_09_4;gen-tokko-2024-tokko_dec,https://www.mlit.go.jp/page/content/001842591.xlsx
09,093441,市貝町,kofu_bouan,10,国交省 交付決定額 防災・安全交付金,2025-04-01,2026-03-31,2025-12-22,1,年度内で最後の交付決定日(交付決定がない年度は年度末)。値は年度合計(変更減額を含む),,8753.0,千円,,,6563.0,2.9968036529680364,増加,2025-01-29,2025-12-22,gen-tokko-2024-tokko_march;gen-mlit-release-2025;gen-election-sangiin_20250720_smd_09_1;gen-tokko-2025-tokko_dec,https://www.mlit.go.jp/page/content/001969014.xlsx
09,093441,市貝町,kofu_road,10,国交省 交付決定額 道路関係の補助,2017-04-01,2018-03-31,2018-03-31,1,年度内で最後の交付決定日(交付決定がない年度は年度末)。値は年度合計(変更減額を含む),,0.0,千円,,,,,未取得,,,,https://www.mlit.go.jp/common/001234557.xlsx
09,093441,市貝町,kofu_road,10,国交省 交付決定額 道路関係の補助,2018-04-01,2019-03-31,2019-03-31,1,年度内で最後の交付決定日(交付決定がない年度は年度末)。値は年度合計(変更減額を含む),,0.0,千円,,,0.0,,未取得,2018-04-01,2019-03-31,,https://www.mlit.go.jp/common/001260897.xlsx
09,093441,市貝町,kofu_road,10,国交省 交付決定額 道路関係の補助,2019-04-01,2020-03-31,2020-03-31,1,年度内で最後の交付決定日(交付決定がない年度は年度末)。値は年度合計(変更減額を含む),,0.0,千円,,,0.0,,未取得,2019-04-01,2020-03-31,,https://www.mlit.go.jp/common/001316175.xlsx
09,093441,市貝町,kofu_road,10,国交省 交付決定額 道路関係の補助,2020-04-01,2021-03-31,2021-03-31,1,年度内で最後の交付決定日(交付決定がない年度は年度末)。値は年度合計(変更減額を含む),,0.0,千円,,,0.0,,未取得,2020-04-01,2021-03-31,gen-tokko-2020-tokko_dec;gen-tokko-2020-tokko_march;gen-mlit-release-2021,https://www.mlit.go.jp/common/001371629.xlsx
09,093441,市貝町,kofu_road,10,国交省 交付決定額 道路関係の補助,2021-04-01,2022-03-31,2022-03-31,1,年度内で最後の交付決定日(交付決定がない年度は年度末)。値は年度合計(変更減額を含む),,0.0,千円,,,0.0,,未取得,2021-04-01,2022-03-31,gen-election-shugiin_20211031_smd_09_4;gen-tokko-2021-tokko_dec;gen-tokko-2021-tokko_march;gen-mlit-release-2022,https://www.mlit.go.jp/common/001579051.xlsx
09,093441,市貝町,kofu_road,10,国交省 交付決定額 道路関係の補助,2022-04-01,2023-03-31,2022-06-17,1,年度内で最後の交付決定日(交付決定がない年度は年度末)。値は年度合計(変更減額を含む),,6561.0,千円,,,6561.0,,未取得,2022-04-01,2022-06-17,,https://www.mlit.go.jp/common/001426897.xlsx
09,093441,市貝町,kofu_road,10,国交省 交付決定額 道路関係の補助,2023-04-01,2024-03-31,2023-06-16,1,年度内で最後の交付決定日(交付決定がない年度は年度末)。値は年度合計(変更減額を含む),,2438.0,千円,,,-4123.0,-0.6284103033074226,減少,2022-06-18,2023-06-16,gen-election-sangiin_20220710_smd_09_1;gen-tokko-2022-tokko_dec;gen-tokko-2022-tokko_march;gen-mlit-release-2023,https://www.mlit.go.jp/page/content/001708164.xlsx
09,093441,市貝町,kofu_road,10,国交省 交付決定額 道路関係の補助,2024-04-01,2025-03-31,2025-03-31,1,年度内で最後の交付決定日(交付決定がない年度は年度末)。値は年度合計(変更減額を含む),,0.0,千円,,,-2438.0,-1.0,減少,2023-06-17,2025-03-31,gen-tokko-2023-tokko_dec;gen-tokko-2023-tokko_march;gen-mlit-release-2024;gen-election-shugiin_20241027_smd_09_4;gen-tokko-2024-tokko_dec;gen-tokko-2024-tokko_march,https://www.mlit.go.jp/page/content/001889202.xlsx
09,093441,市貝町,kofu_road,10,国交省 交付決定額 道路関係の補助,2025-04-01,2026-03-31,2025-05-16,1,年度内で最後の交付決定日(交付決定がない年度は年度末)。値は年度合計(変更減額を含む),,2200.0,千円,,,2200.0,,未取得,2025-04-01,2025-05-16,gen-mlit-release-2025,https://www.mlit.go.jp/page/content/001969000.xlsx
09,093459,芳賀町,card_kokko,1,国庫支出金(決算),2020-04-01,2021-03-31,2021-03-31,0,決算(年度末),,3306090.0,千円,,,,,未取得,,,,https://www.soumu.go.jp/main_content/000804135.xlsx
09,093459,芳賀町,card_kokko,1,国庫支出金(決算),2021-04-01,2022-03-31,2022-03-31,0,決算(年度末),,1998719.0,千円,,,-1307371.0,-0.39544325774555444,減少,2021-04-01,2022-03-31,gen-election-shugiin_20211031_smd_09_4;gen-tokko-2021-tokko_dec;gen-tokko-2021-tokko_march;gen-mlit-release-2022,https://www.soumu.go.jp/main_content/000873399.xlsx
09,093459,芳賀町,card_kokko,1,国庫支出金(決算),2022-04-01,2023-03-31,2023-03-31,0,決算(年度末),,3716247.0,千円,,,1717528.0,0.8593143908673505,増加,2022-04-01,2023-03-31,gen-election-sangiin_20220710_smd_09_1;gen-tokko-2022-tokko_dec;gen-tokko-2022-tokko_march;gen-mlit-release-2023,https://www.soumu.go.jp/main_content/000937050.xlsx
09,093459,芳賀町,card_kokko,1,国庫支出金(決算),2023-04-01,2024-03-31,2024-03-31,0,決算(年度末),,1220781.0,千円,,,-2495466.0,-0.6715016520699513,減少,2023-04-01,2024-03-31,gen-tokko-2023-tokko_dec;gen-tokko-2023-tokko_march,https://www.soumu.go.jp/main_content/000998938.xlsx
09,093459,芳賀町,card_kokko,1,国庫支出金(決算),2024-04-01,2025-03-31,2025-03-31,0,決算(年度末),,1177414.0,千円,,,-43367.0,-0.03552398014058213,横ばい,2024-04-01,2025-03-31,gen-mlit-release-2024;gen-election-shugiin_20241027_smd_09_4;gen-tokko-2024-tokko_dec;gen-tokko-2024-tokko_march,https://www.soumu.go.jp/main_content/001063963.xlsx
09,093459,芳賀町,card_pref,2,県支出金(決算),2020-04-01,2021-03-31,2021-03-31,0,決算(年度末),,905880.0,千円,,,,,未取得,,,,https://www.soumu.go.jp/main_content/000804135.xlsx
09,093459,芳賀町,card_pref,2,県支出金(決算),2021-04-01,2022-03-31,2022-03-31,0,決算(年度末),,903878.0,千円,,,-2002.0,-0.00221000574027465,横ばい,2021-04-01,2022-03-31,gen-election-shugiin_20211031_smd_09_4;gen-tokko-2021-tokko_dec;gen-tokko-2021-tokko_march;gen-mlit-release-2022,https://www.soumu.go.jp/main_content/000873399.xlsx
09,093459,芳賀町,card_pref,2,県支出金(決算),2022-04-01,2023-03-31,2023-03-31,0,決算(年度末),,955019.0,千円,,,51141.0,0.056579538389030376,増加,2022-04-01,2023-03-31,gen-election-sangiin_20220710_smd_09_1;gen-tokko-2022-tokko_dec;gen-tokko-2022-tokko_march;gen-mlit-release-2023,https://www.soumu.go.jp/main_content/000937050.xlsx
09,093459,芳賀町,card_pref,2,県支出金(決算),2023-04-01,2024-03-31,2024-03-31,0,決算(年度末),,706793.0,千円,,,-248226.0,-0.25991734195864163,減少,2023-04-01,2024-03-31,gen-tokko-2023-tokko_dec;gen-tokko-2023-tokko_march,https://www.soumu.go.jp/main_content/000998938.xlsx
09,093459,芳賀町,card_pref,2,県支出金(決算),2024-04-01,2025-03-31,2025-03-31,0,決算(年度末),,791247.0,千円,,,84454.0,0.11948901587876506,増加,2024-04-01,2025-03-31,gen-mlit-release-2024;gen-election-shugiin_20241027_smd_09_4;gen-tokko-2024-tokko_dec;gen-tokko-2024-tokko_march,https://www.soumu.go.jp/main_content/001063963.xlsx
09,093459,芳賀町,tokko_dec,3a,特別交付税 12月分,2020-04-01,2021-03-31,2020-12-08,0,交付決定日(報道発表),2020-12-08,,千円,,報道発表に町村の個別額なし(都道府県計のみ),,,未取得,,,,https://www.soumu.go.jp/main_content/000721607.pdf
09,093459,芳賀町,tokko_dec,3a,特別交付税 12月分,2021-04-01,2022-03-31,2021-12-03,0,交付決定日(報道発表),2021-12-03,,千円,,報道発表に町村の個別額なし(都道府県計のみ),,,未取得,2020-12-09,2021-12-03,gen-tokko-2020-tokko_march;gen-mlit-release-2021;gen-election-shugiin_20211031_smd_09_4;gen-tokko-2021-tokko_dec,https://www.soumu.go.jp/main_content/000780948.pdf
09,093459,芳賀町,tokko_dec,3a,特別交付税 12月分,2022-04-01,2023-03-31,2022-12-13,0,交付決定日(報道発表),2022-12-13,,千円,,報道発表に町村の個別額なし(都道府県計のみ),,,未取得,2021-12-04,2022-12-13,gen-tokko-2021-tokko_march;gen-mlit-release-2022;gen-election-sangiin_20220710_smd_09_1;gen-tokko-2022-tokko_dec,https://www.soumu.go.jp/main_content/000850537.pdf
09,093459,芳賀町,tokko_dec,3a,特別交付税 12月分,2023-04-01,2024-03-31,2023-12-12,0,交付決定日(報道発表),2023-12-12,,千円,,報道発表に町村の個別額なし(都道府県計のみ),,,未取得,2022-12-14,2023-12-12,gen-tokko-2022-tokko_march;gen-mlit-release-2023;gen-tokko-2023-tokko_dec,https://www.soumu.go.jp/main_content/000916643.pdf
09,093459,芳賀町,tokko_dec,3a,特別交付税 12月分,2024-04-01,2025-03-31,2024-12-20,0,交付決定日(報道発表),2024-12-20,,千円,,報道発表に町村の個別額なし(都道府県計のみ),,,未取得,2023-12-13,2024-12-20,gen-tokko-2023-tokko_march;gen-mlit-release-2024;gen-election-shugiin_20241027_smd_09_4;gen-tokko-2024-tokko_dec,https://www.soumu.go.jp/main_content/000983129.pdf
09,093459,芳賀町,tokko_dec,3a,特別交付税 12月分,2025-04-01,2026-03-31,2025-12-19,0,交付決定日(報道発表),2025-12-19,,千円,,報道発表に町村の個別額なし(都道府県計のみ),,,未取得,2024-12-21,2025-12-19,gen-tokko-2024-tokko_march;gen-mlit-release-2025;gen-election-sangiin_20250720_smd_09_1;gen-tokko-2025-tokko_dec,https://www.soumu.go.jp/main_content/001046667.pdf
09,093459,芳賀町,tokko_march,3b,特別交付税 3月分,2020-04-01,2021-03-31,2021-03-19,0,交付決定日(報道発表),2021-03-19,,千円,,報道発表に町村の個別額なし(都道府県計のみ),,,未取得,,,,https://www.soumu.go.jp/main_content/000738961.pdf
09,093459,芳賀町,tokko_march,3b,特別交付税 3月分,2021-04-01,2022-03-31,2022-03-18,0,交付決定日(報道発表),2022-03-18,,千円,,報道発表に町村の個別額なし(都道府県計のみ),,,未取得,2021-03-20,2022-03-18,gen-mlit-release-2021;gen-election-shugiin_20211031_smd_09_4;gen-tokko-2021-tokko_dec;gen-tokko-2021-tokko_march,https://www.soumu.go.jp/main_content/000799619.pdf
09,093459,芳賀町,tokko_march,3b,特別交付税 3月分,2022-04-01,2023-03-31,2023-03-22,0,交付決定日(報道発表),2023-03-22,,千円,,報道発表に町村の個別額なし(都道府県計のみ),,,未取得,2022-03-19,2023-03-22,gen-mlit-release-2022;gen-election-sangiin_20220710_smd_09_1;gen-tokko-2022-tokko_dec;gen-tokko-2022-tokko_march,https://www.soumu.go.jp/main_content/000869990.pdf
09,093459,芳賀町,tokko_march,3b,特別交付税 3月分,2023-04-01,2024-03-31,2024-03-22,0,交付決定日(報道発表),2024-03-22,,千円,,報道発表に町村の個別額なし(都道府県計のみ),,,未取得,2023-03-23,2024-03-22,gen-mlit-release-2023;gen-tokko-2023-tokko_dec;gen-tokko-2023-tokko_march,https://www.soumu.go.jp/main_content/000997045.pdf
09,093459,芳賀町,tokko_march,3b,特別交付税 3月分,2024-04-01,2025-03-31,2025-03-21,0,交付決定日(報道発表),2025-03-21,,千円,,報道発表に町村の個別額なし(都道府県計のみ),,,未取得,2024-03-23,2025-03-21,gen-mlit-release-2024;gen-election-shugiin_20241027_smd_09_4;gen-tokko-2024-tokko_dec;gen-tokko-2024-tokko_march,https://www.soumu.go.jp/main_content/000998441.pdf
09,093459,芳賀町,tokko_march,3b,特別交付税 3月分,2025-04-01,2026-03-31,2026-03-17,0,交付決定日(報道発表),2026-03-17,,千円,,報道発表に町村の個別額なし(都道府県計のみ),,,未取得,2025-03-22,2026-03-17,gen-mlit-release-2025;gen-election-sangiin_20250720_smd_09_1;gen-tokko-2025-tokko_dec;gen-election-shugiin_20260208_smd_09_4;gen-cabinet-2026-02-18;gen-position-motegi_toshimitsu-外務大臣-2026-02-18;gen-tokko-2025-tokko_march,https://www.soumu.go.jp/main_content/001061260.pdf
09,093459,芳賀町,mlit_sole_grants,4,社総交・防安交 単独策定主体の国費,2021-04-01,2022-03-31,2021-03-30,1,当初配分の報道発表日を代用(交付決定日は未公表),2021-03-30,0.0,千円,0,,,,未取得,,,,https://www.mlit.go.jp/common/001396522.pdf
09,093459,芳賀町,mlit_sole_grants,4,社総交・防安交 単独策定主体の国費,2022-04-01,2023-03-31,2022-03-25,1,当初配分の報道発表日を代用(交付決定日は未公表),2022-03-25,0.0,千円,0,,0.0,,未取得,2021-03-31,2022-03-25,gen-election-shugiin_20211031_smd_09_4;gen-tokko-2021-tokko_dec;gen-tokko-2021-tokko_march;gen-mlit-release-2022,https://www.mlit.go.jp/page/content/001472731.pdf
09,093459,芳賀町,mlit_sole_grants,4,社総交・防安交 単独策定主体の国費,2023-04-01,2024-03-31,2023-03-31,1,当初配分の報道発表日を代用(交付決定日は未公表),2023-03-31,0.0,千円,0,,0.0,,未取得,2022-03-26,2023-03-31,gen-election-sangiin_20220710_smd_09_1;gen-tokko-2022-tokko_dec;gen-tokko-2022-tokko_march;gen-mlit-release-2023,https://www.mlit.go.jp/page/content/001596924.pdf
09,093459,芳賀町,mlit_sole_grants,4,社総交・防安交 単独策定主体の国費,2024-04-01,2025-03-31,2024-04-01,1,当初配分の報道発表日を代用(交付決定日は未公表),2024-04-01,0.0,千円,0,,0.0,,未取得,2023-04-01,2024-04-01,gen-tokko-2023-tokko_dec;gen-tokko-2023-tokko_march;gen-mlit-release-2024,https://www.mlit.go.jp/page/content/001735005.pdf
09,093459,芳賀町,mlit_sole_grants,4,社総交・防安交 単独策定主体の国費,2025-04-01,2026-03-31,2025-04-01,1,当初配分の報道発表日を代用(交付決定日は未公表),2025-04-01,0.0,千円,0,,0.0,,未取得,2024-04-02,2025-04-01,gen-election-shugiin_20241027_smd_09_4;gen-tokko-2024-tokko_dec;gen-tokko-2024-tokko_march;gen-mlit-release-2025,https://www.mlit.go.jp/page/content/001879738.pdf
09,093459,芳賀町,mlit_sole_grants,4,社総交・防安交 単独策定主体の国費,2026-04-01,2027-03-31,2026-04-07,1,当初配分の報道発表日を代用(交付決定日は未公表),2026-04-07,0.0,千円,0,,0.0,,未取得,2025-04-02,2026-04-07,gen-election-sangiin_20250720_smd_09_1;gen-tokko-2025-tokko_dec;gen-election-shugiin_20260208_smd_09_4;gen-cabinet-2026-02-18;gen-position-motegi_toshimitsu-外務大臣-2026-02-18;gen-tokko-2025-tokko_march;gen-mlit-release-2026,https://www.mlit.go.jp/page/content/001994561.pdf
09,093459,芳賀町,mlit_road,5,道路局箇所表 事業主体=当該市町の国費,2021-04-01,2022-03-31,2021-03-30,1,当初配分の報道発表日を代用(交付決定日は未公表),2021-03-30,8000.0,千円,1,,,,未取得,,,,https://www.mlit.go.jp/common/001396522.pdf
09,093459,芳賀町,mlit_road,5,道路局箇所表 事業主体=当該市町の国費,2022-04-01,2023-03-31,2022-03-25,1,当初配分の報道発表日を代用(交付決定日は未公表),2022-03-25,29000.0,千円,1,,21000.0,2.625,増加,2021-03-31,2022-03-25,gen-election-shugiin_20211031_smd_09_4;gen-tokko-2021-tokko_dec;gen-tokko-2021-tokko_march;gen-mlit-release-2022,https://www.mlit.go.jp/page/content/001472731.pdf
09,093459,芳賀町,mlit_road,5,道路局箇所表 事業主体=当該市町の国費,2023-04-01,2024-03-31,2023-03-31,1,当初配分の報道発表日を代用(交付決定日は未公表),2023-03-31,70000.0,千円,1,,41000.0,1.4137931034482758,増加,2022-03-26,2023-03-31,gen-election-sangiin_20220710_smd_09_1;gen-tokko-2022-tokko_dec;gen-tokko-2022-tokko_march;gen-mlit-release-2023,https://www.mlit.go.jp/page/content/001596924.pdf
09,093459,芳賀町,mlit_road,5,道路局箇所表 事業主体=当該市町の国費,2024-04-01,2025-03-31,2024-04-01,1,当初配分の報道発表日を代用(交付決定日は未公表),2024-04-01,28000.0,千円,1,,-42000.0,-0.6,減少,2023-04-01,2024-04-01,gen-tokko-2023-tokko_dec;gen-tokko-2023-tokko_march;gen-mlit-release-2024,https://www.mlit.go.jp/page/content/001735005.pdf
09,093459,芳賀町,mlit_road,5,道路局箇所表 事業主体=当該市町の国費,2025-04-01,2026-03-31,2025-04-01,1,当初配分の報道発表日を代用(交付決定日は未公表),2025-04-01,42000.0,千円,1,,14000.0,0.5,増加,2024-04-02,2025-04-01,gen-election-shugiin_20241027_smd_09_4;gen-tokko-2024-tokko_dec;gen-tokko-2024-tokko_march;gen-mlit-release-2025,https://www.mlit.go.jp/page/content/001879738.pdf
09,093459,芳賀町,mlit_road,5,道路局箇所表 事業主体=当該市町の国費,2026-04-01,2027-03-31,2026-04-07,1,当初配分の報道発表日を代用(交付決定日は未公表),2026-04-07,17000.0,千円,1,,-25000.0,-0.5952380952380952,減少,2025-04-02,2026-04-07,gen-election-sangiin_20250720_smd_09_1;gen-tokko-2025-tokko_dec;gen-election-shugiin_20260208_smd_09_4;gen-cabinet-2026-02-18;gen-position-motegi_toshimitsu-外務大臣-2026-02-18;gen-tokko-2025-tokko_march;gen-mlit-release-2026,https://www.mlit.go.jp/page/content/001994561.pdf
09,093459,芳賀町,e_kokko,6,国庫支出金 計(決算、地方財政状況調査),2020-04-01,2021-03-31,2021-03-31,0,決算(年度末),,3306090.0,千円,,,,,未取得,,,,https://www.e-stat.go.jp/stat-search/file-download?statInfId=000032188698&fileKind=1
09,093459,芳賀町,e_kokko,6,国庫支出金 計(決算、地方財政状況調査),2021-04-01,2022-03-31,2022-03-31,0,決算(年度末),,1998719.0,千円,,,-1307371.0,-0.39544325774555444,減少,2021-04-01,2022-03-31,gen-election-shugiin_20211031_smd_09_4;gen-tokko-2021-tokko_dec;gen-tokko-2021-tokko_march;gen-mlit-release-2022,https://www.e-stat.go.jp/stat-search/file-download?statInfId=000040044921&fileKind=1
09,093459,芳賀町,e_kokko,6,国庫支出金 計(決算、地方財政状況調査),2022-04-01,2023-03-31,2023-03-31,0,決算(年度末),,3716247.0,千円,,,1717528.0,0.8593143908673505,増加,2022-04-01,2023-03-31,gen-election-sangiin_20220710_smd_09_1;gen-tokko-2022-tokko_dec;gen-tokko-2022-tokko_march;gen-mlit-release-2023,https://www.e-stat.go.jp/stat-search/file-download?statInfId=000040171702&fileKind=1
09,093459,芳賀町,e_kokko,6,国庫支出金 計(決算、地方財政状況調査),2023-04-01,2024-03-31,2024-03-31,0,決算(年度末),,1220781.0,千円,,,-2495466.0,-0.6715016520699513,減少,2023-04-01,2024-03-31,gen-tokko-2023-tokko_dec;gen-tokko-2023-tokko_march,https://www.e-stat.go.jp/stat-search/file-download?statInfId=000040231591&fileKind=1
09,093459,芳賀町,e_kokko,6,国庫支出金 計(決算、地方財政状況調査),2024-04-01,2025-03-31,2025-03-31,0,決算(年度末),,1177414.0,千円,,,-43367.0,-0.03552398014058213,横ばい,2024-04-01,2025-03-31,gen-mlit-release-2024;gen-election-shugiin_20241027_smd_09_4;gen-tokko-2024-tokko_dec;gen-tokko-2024-tokko_march,https://www.e-stat.go.jp/stat-search/file-download?statInfId=000040375638&fileKind=1
09,093459,芳賀町,e_kokko_futsuken,6,国庫支出金のうち普通建設事業費支出金(決算),2020-04-01,2021-03-31,2021-03-31,0,決算(年度末),,51386.0,千円,,,,,未取得,,,,https://www.e-stat.go.jp/stat-search/file-download?statInfId=000032188698&fileKind=1
09,093459,芳賀町,e_kokko_futsuken,6,国庫支出金のうち普通建設事業費支出金(決算),2021-04-01,2022-03-31,2022-03-31,0,決算(年度末),,92567.0,千円,,,41181.0,0.8014050519596777,増加,2021-04-01,2022-03-31,gen-election-shugiin_20211031_smd_09_4;gen-tokko-2021-tokko_dec;gen-tokko-2021-tokko_march;gen-mlit-release-2022,https://www.e-stat.go.jp/stat-search/file-download?statInfId=000040044921&fileKind=1
09,093459,芳賀町,e_kokko_futsuken,6,国庫支出金のうち普通建設事業費支出金(決算),2022-04-01,2023-03-31,2023-03-31,0,決算(年度末),,383967.0,千円,,,291400.0,3.147990104464874,増加,2022-04-01,2023-03-31,gen-election-sangiin_20220710_smd_09_1;gen-tokko-2022-tokko_dec;gen-tokko-2022-tokko_march;gen-mlit-release-2023,https://www.e-stat.go.jp/stat-search/file-download?statInfId=000040171702&fileKind=1
09,093459,芳賀町,e_kokko_futsuken,6,国庫支出金のうち普通建設事業費支出金(決算),2023-04-01,2024-03-31,2024-03-31,0,決算(年度末),,57875.0,千円,,,-326092.0,-0.8492709008847115,減少,2023-04-01,2024-03-31,gen-tokko-2023-tokko_dec;gen-tokko-2023-tokko_march,https://www.e-stat.go.jp/stat-search/file-download?statInfId=000040231591&fileKind=1
09,093459,芳賀町,e_kokko_futsuken,6,国庫支出金のうち普通建設事業費支出金(決算),2024-04-01,2025-03-31,2025-03-31,0,決算(年度末),,73630.0,千円,,,15755.0,0.27222462203023756,増加,2024-04-01,2025-03-31,gen-mlit-release-2024;gen-election-shugiin_20241027_smd_09_4;gen-tokko-2024-tokko_dec;gen-tokko-2024-tokko_march,https://www.e-stat.go.jp/stat-search/file-download?statInfId=000040375638&fileKind=1
09,093459,芳賀町,e_kokko_saigai,6,国庫支出金のうち災害復旧事業費支出金(決算),2020-04-01,2021-03-31,2021-03-31,0,決算(年度末),,0.0,千円,,,,,未取得,,,,https://www.e-stat.go.jp/stat-search/file-download?statInfId=000032188698&fileKind=1
09,093459,芳賀町,e_kokko_saigai,6,国庫支出金のうち災害復旧事業費支出金(決算),2021-04-01,2022-03-31,2022-03-31,0,決算(年度末),,0.0,千円,,,0.0,,未取得,2021-04-01,2022-03-31,gen-election-shugiin_20211031_smd_09_4;gen-tokko-2021-tokko_dec;gen-tokko-2021-tokko_march;gen-mlit-release-2022,https://www.e-stat.go.jp/stat-search/file-download?statInfId=000040044921&fileKind=1
09,093459,芳賀町,e_kokko_saigai,6,国庫支出金のうち災害復旧事業費支出金(決算),2022-04-01,2023-03-31,2023-03-31,0,決算(年度末),,0.0,千円,,,0.0,,未取得,2022-04-01,2023-03-31,gen-election-sangiin_20220710_smd_09_1;gen-tokko-2022-tokko_dec;gen-tokko-2022-tokko_march;gen-mlit-release-2023,https://www.e-stat.go.jp/stat-search/file-download?statInfId=000040171702&fileKind=1
09,093459,芳賀町,e_kokko_saigai,6,国庫支出金のうち災害復旧事業費支出金(決算),2023-04-01,2024-03-31,2024-03-31,0,決算(年度末),,0.0,千円,,,0.0,,未取得,2023-04-01,2024-03-31,gen-tokko-2023-tokko_dec;gen-tokko-2023-tokko_march,https://www.e-stat.go.jp/stat-search/file-download?statInfId=000040231591&fileKind=1
09,093459,芳賀町,e_kokko_saigai,6,国庫支出金のうち災害復旧事業費支出金(決算),2024-04-01,2025-03-31,2025-03-31,0,決算(年度末),,0.0,千円,,,0.0,,未取得,2024-04-01,2025-03-31,gen-mlit-release-2024;gen-election-shugiin_20241027_smd_09_4;gen-tokko-2024-tokko_dec;gen-tokko-2024-tokko_march,https://www.e-stat.go.jp/stat-search/file-download?statInfId=000040375638&fileKind=1
09,093459,芳賀町,e_kokko_shasoukou,6,国庫支出金のうち社会資本整備総合交付金(決算),2020-04-01,2021-03-31,2021-03-31,0,決算(年度末),,789095.0,千円,,,,,未取得,,,,https://www.e-stat.go.jp/stat-search/file-download?statInfId=000032188698&fileKind=1
09,093459,芳賀町,e_kokko_shasoukou,6,国庫支出金のうち社会資本整備総合交付金(決算),2021-04-01,2022-03-31,2022-03-31,0,決算(年度末),,668963.0,千円,,,-120132.0,-0.15224022456104777,減少,2021-04-01,2022-03-31,gen-election-shugiin_20211031_smd_09_4;gen-tokko-2021-tokko_dec;gen-tokko-2021-tokko_march;gen-mlit-release-2022,https://www.e-stat.go.jp/stat-search/file-download?statInfId=000040044921&fileKind=1
09,093459,芳賀町,e_kokko_shasoukou,6,国庫支出金のうち社会資本整備総合交付金(決算),2022-04-01,2023-03-31,2023-03-31,0,決算(年度末),,2339183.0,千円,,,1670220.0,2.4967300134686075,増加,2022-04-01,2023-03-31,gen-election-sangiin_20220710_smd_09_1;gen-tokko-2022-tokko_dec;gen-tokko-2022-tokko_march;gen-mlit-release-2023,https://www.e-stat.go.jp/stat-search/file-download?statInfId=000040171702&fileKind=1
09,093459,芳賀町,e_kokko_shasoukou,6,国庫支出金のうち社会資本整備総合交付金(決算),2023-04-01,2024-03-31,2024-03-31,0,決算(年度末),,182086.0,千円,,,-2157097.0,-0.9221582920190511,減少,2023-04-01,2024-03-31,gen-tokko-2023-tokko_dec;gen-tokko-2023-tokko_march,https://www.e-stat.go.jp/stat-search/file-download?statInfId=000040231591&fileKind=1
09,093459,芳賀町,e_kokko_shasoukou,6,国庫支出金のうち社会資本整備総合交付金(決算),2024-04-01,2025-03-31,2025-03-31,0,決算(年度末),,45762.0,千円,,,-136324.0,-0.7486791955449623,減少,2024-04-01,2025-03-31,gen-mlit-release-2024;gen-election-shugiin_20241027_smd_09_4;gen-tokko-2024-tokko_dec;gen-tokko-2024-tokko_march,https://www.e-stat.go.jp/stat-search/file-download?statInfId=000040375638&fileKind=1
09,093459,芳賀町,e_pref,6,都道府県支出金 計(決算),2020-04-01,2021-03-31,2021-03-31,0,決算(年度末),,905880.0,千円,,,,,未取得,,,,https://www.e-stat.go.jp/stat-search/file-download?statInfId=000032188698&fileKind=1
09,093459,芳賀町,e_pref,6,都道府県支出金 計(決算),2021-04-01,2022-03-31,2022-03-31,0,決算(年度末),,903878.0,千円,,,-2002.0,-0.00221000574027465,横ばい,2021-04-01,2022-03-31,gen-election-shugiin_20211031_smd_09_4;gen-tokko-2021-tokko_dec;gen-tokko-2021-tokko_march;gen-mlit-release-2022,https://www.e-stat.go.jp/stat-search/file-download?statInfId=000040044921&fileKind=1
09,093459,芳賀町,e_pref,6,都道府県支出金 計(決算),2022-04-01,2023-03-31,2023-03-31,0,決算(年度末),,955019.0,千円,,,51141.0,0.056579538389030376,増加,2022-04-01,2023-03-31,gen-election-sangiin_20220710_smd_09_1;gen-tokko-2022-tokko_dec;gen-tokko-2022-tokko_march;gen-mlit-release-2023,https://www.e-stat.go.jp/stat-search/file-download?statInfId=000040171702&fileKind=1
09,093459,芳賀町,e_pref,6,都道府県支出金 計(決算),2023-04-01,2024-03-31,2024-03-31,0,決算(年度末),,706793.0,千円,,,-248226.0,-0.25991734195864163,減少,2023-04-01,2024-03-31,gen-tokko-2023-tokko_dec;gen-tokko-2023-tokko_march,https://www.e-stat.go.jp/stat-search/file-download?statInfId=000040231591&fileKind=1
09,093459,芳賀町,e_pref,6,都道府県支出金 計(決算),2024-04-01,2025-03-31,2025-03-31,0,決算(年度末),,791247.0,千円,,,84454.0,0.11948901587876506,増加,2024-04-01,2025-03-31,gen-mlit-release-2024;gen-election-shugiin_20241027_smd_09_4;gen-tokko-2024-tokko_dec;gen-tokko-2024-tokko_march,https://www.e-stat.go.jp/stat-search/file-download?statInfId=000040375638&fileKind=1
09,093459,芳賀町,e_futsu,6,普通交付税(決算),2020-04-01,2021-03-31,2021-03-31,0,決算(年度末),,0.0,千円,,,,,未取得,,,,https://www.e-stat.go.jp/stat-search/file-download?statInfId=000032188698&fileKind=1
09,093459,芳賀町,e_futsu,6,普通交付税(決算),2021-04-01,2022-03-31,2022-03-31,0,決算(年度末),,75663.0,千円,,,75663.0,,未取得,2021-04-01,2022-03-31,gen-election-shugiin_20211031_smd_09_4;gen-tokko-2021-tokko_dec;gen-tokko-2021-tokko_march;gen-mlit-release-2022,https://www.e-stat.go.jp/stat-search/file-download?statInfId=000040044921&fileKind=1
09,093459,芳賀町,e_futsu,6,普通交付税(決算),2022-04-01,2023-03-31,2023-03-31,0,決算(年度末),,36520.0,千円,,,-39143.0,-0.5173334390653291,減少,2022-04-01,2023-03-31,gen-election-sangiin_20220710_smd_09_1;gen-tokko-2022-tokko_dec;gen-tokko-2022-tokko_march;gen-mlit-release-2023,https://www.e-stat.go.jp/stat-search/file-download?statInfId=000040171702&fileKind=1
09,093459,芳賀町,e_futsu,6,普通交付税(決算),2023-04-01,2024-03-31,2024-03-31,0,決算(年度末),,105986.0,千円,,,69466.0,1.9021358159912376,増加,2023-04-01,2024-03-31,gen-tokko-2023-tokko_dec;gen-tokko-2023-tokko_march,https://www.e-stat.go.jp/stat-search/file-download?statInfId=000040231591&fileKind=1
09,093459,芳賀町,e_futsu,6,普通交付税(決算),2024-04-01,2025-03-31,2025-03-31,0,決算(年度末),,175108.0,千円,,,69122.0,0.6521804766667295,増加,2024-04-01,2025-03-31,gen-mlit-release-2024;gen-election-shugiin_20241027_smd_09_4;gen-tokko-2024-tokko_dec;gen-tokko-2024-tokko_march,https://www.e-stat.go.jp/stat-search/file-download?statInfId=000040375638&fileKind=1
09,093459,芳賀町,e_tokko,6,特別交付税(決算),2020-04-01,2021-03-31,2021-03-31,0,決算(年度末),,14061.0,千円,,,,,未取得,,,,https://www.e-stat.go.jp/stat-search/file-download?statInfId=000032188698&fileKind=1
09,093459,芳賀町,e_tokko,6,特別交付税(決算),2021-04-01,2022-03-31,2022-03-31,0,決算(年度末),,74713.0,千円,,,60652.0,4.313491216840908,増加,2021-04-01,2022-03-31,gen-election-shugiin_20211031_smd_09_4;gen-tokko-2021-tokko_dec;gen-tokko-2021-tokko_march;gen-mlit-release-2022,https://www.e-stat.go.jp/stat-search/file-download?statInfId=000040044921&fileKind=1
09,093459,芳賀町,e_tokko,6,特別交付税(決算),2022-04-01,2023-03-31,2023-03-31,0,決算(年度末),,75920.0,千円,,,1207.0,0.01615515372157456,横ばい,2022-04-01,2023-03-31,gen-election-sangiin_20220710_smd_09_1;gen-tokko-2022-tokko_dec;gen-tokko-2022-tokko_march;gen-mlit-release-2023,https://www.e-stat.go.jp/stat-search/file-download?statInfId=000040171702&fileKind=1
09,093459,芳賀町,e_tokko,6,特別交付税(決算),2023-04-01,2024-03-31,2024-03-31,0,決算(年度末),,79032.0,千円,,,3112.0,0.040990516332982084,横ばい,2023-04-01,2024-03-31,gen-tokko-2023-tokko_dec;gen-tokko-2023-tokko_march,https://www.e-stat.go.jp/stat-search/file-download?statInfId=000040231591&fileKind=1
09,093459,芳賀町,e_tokko,6,特別交付税(決算),2024-04-01,2025-03-31,2025-03-31,0,決算(年度末),,89274.0,千円,,,10242.0,0.12959307622228972,増加,2024-04-01,2025-03-31,gen-mlit-release-2024;gen-election-shugiin_20241027_smd_09_4;gen-tokko-2024-tokko_dec;gen-tokko-2024-tokko_march,https://www.e-stat.go.jp/stat-search/file-download?statInfId=000040375638&fileKind=1
09,093459,芳賀町,e_road_kokko,7,道路橋りょう費に充当した国庫支出金(決算),2020-04-01,2021-03-31,2021-03-31,0,決算(年度末),,54835.0,千円,,,,,未取得,,,,https://www.e-stat.go.jp/stat-search/file-download?statInfId=000032188710&fileKind=1
09,093459,芳賀町,e_road_kokko,7,道路橋りょう費に充当した国庫支出金(決算),2021-04-01,2022-03-31,2022-03-31,0,決算(年度末),,54724.0,千円,,,-111.0,-0.002024254581927601,横ばい,2021-04-01,2022-03-31,gen-election-shugiin_20211031_smd_09_4;gen-tokko-2021-tokko_dec;gen-tokko-2021-tokko_march;gen-mlit-release-2022,https://www.e-stat.go.jp/stat-search/file-download?statInfId=000040044933&fileKind=1
09,093459,芳賀町,e_road_kokko,7,道路橋りょう費に充当した国庫支出金(決算),2022-04-01,2023-03-31,2023-03-31,0,決算(年度末),,122084.0,千円,,,67360.0,1.2309041736715152,増加,2022-04-01,2023-03-31,gen-election-sangiin_20220710_smd_09_1;gen-tokko-2022-tokko_dec;gen-tokko-2022-tokko_march;gen-mlit-release-2023,https://www.e-stat.go.jp/stat-search/file-download?statInfId=000040171714&fileKind=1
09,093459,芳賀町,e_road_kokko,7,道路橋りょう費に充当した国庫支出金(決算),2023-04-01,2024-03-31,2024-03-31,0,決算(年度末),,119032.0,千円,,,-3052.0,-0.02499918089184496,横ばい,2023-04-01,2024-03-31,gen-tokko-2023-tokko_dec;gen-tokko-2023-tokko_march,https://www.e-stat.go.jp/stat-search/file-download?statInfId=000040231603&fileKind=1
09,093459,芳賀町,e_road_kokko,7,道路橋りょう費に充当した国庫支出金(決算),2024-04-01,2025-03-31,2025-03-31,0,決算(年度末),,85735.0,千円,,,-33297.0,-0.27973150077290143,減少,2024-04-01,2025-03-31,gen-mlit-release-2024;gen-election-shugiin_20241027_smd_09_4;gen-tokko-2024-tokko_dec;gen-tokko-2024-tokko_march,https://www.e-stat.go.jp/stat-search/file-download?statInfId=000040375650&fileKind=1
09,093459,芳賀町,e_hojo_road_kokko,8,補助事業費(道路・橋りょう)の国庫支出金(決算),2020-04-01,2021-03-31,2021-03-31,0,決算(年度末),,54835.0,千円,,,,,未取得,,,,https://www.e-stat.go.jp/stat-search/file-download?statInfId=000032188732&fileKind=1
09,093459,芳賀町,e_hojo_road_kokko,8,補助事業費(道路・橋りょう)の国庫支出金(決算),2021-04-01,2022-03-31,2022-03-31,0,決算(年度末),,54724.0,千円,,,-111.0,-0.002024254581927601,横ばい,2021-04-01,2022-03-31,gen-election-shugiin_20211031_smd_09_4;gen-tokko-2021-tokko_dec;gen-tokko-2021-tokko_march;gen-mlit-release-2022,https://www.e-stat.go.jp/stat-search/file-download?statInfId=000040044955&fileKind=1
09,093459,芳賀町,e_hojo_road_kokko,8,補助事業費(道路・橋りょう)の国庫支出金(決算),2022-04-01,2023-03-31,2023-03-31,0,決算(年度末),,122084.0,千円,,,67360.0,1.2309041736715152,増加,2022-04-01,2023-03-31,gen-election-sangiin_20220710_smd_09_1;gen-tokko-2022-tokko_dec;gen-tokko-2022-tokko_march;gen-mlit-release-2023,https://www.e-stat.go.jp/stat-search/file-download?statInfId=000040171736&fileKind=1
09,093459,芳賀町,e_hojo_road_kokko,8,補助事業費(道路・橋りょう)の国庫支出金(決算),2023-04-01,2024-03-31,2024-03-31,0,決算(年度末),,119032.0,千円,,,-3052.0,-0.02499918089184496,横ばい,2023-04-01,2024-03-31,gen-tokko-2023-tokko_dec;gen-tokko-2023-tokko_march,https://www.e-stat.go.jp/stat-search/file-download?statInfId=000040231625&fileKind=1
09,093459,芳賀町,e_hojo_road_kokko,8,補助事業費(道路・橋りょう)の国庫支出金(決算),2024-04-01,2025-03-31,2025-03-31,0,決算(年度末),,85735.0,千円,,,-33297.0,-0.27973150077290143,減少,2024-04-01,2025-03-31,gen-mlit-release-2024;gen-election-shugiin_20241027_smd_09_4;gen-tokko-2024-tokko_dec;gen-tokko-2024-tokko_march,https://www.e-stat.go.jp/stat-search/file-download?statInfId=000040375672&fileKind=1
09,093459,芳賀町,futsu_decided,9,普通交付税 当初決定額,2021-04-01,2022-03-31,2021-08-03,0,当初決定日(算定結果の報道資料の日付),2021-08-03,15719.0,千円,,,,,未取得,,,,https://www.soumu.go.jp/main_content/000761570.xlsx
09,093459,芳賀町,futsu_decided,9,普通交付税 当初決定額,2022-04-01,2023-03-31,2022-07-26,0,当初決定日(算定結果の報道資料の日付),2022-07-26,3685.0,千円,,,-12034.0,-0.7655703289013296,減少,2021-08-04,2022-07-26,gen-election-shugiin_20211031_smd_09_4;gen-tokko-2021-tokko_dec;gen-tokko-2021-tokko_march;gen-mlit-release-2022;gen-election-sangiin_20220710_smd_09_1,https://www.soumu.go.jp/main_content/000762090.xlsx
09,093459,芳賀町,futsu_decided,9,普通交付税 当初決定額,2023-04-01,2024-03-31,2023-07-28,0,当初決定日(算定結果の報道資料の日付),2023-07-28,67397.0,千円,,,63712.0,17.28955223880597,増加,2022-07-27,2023-07-28,gen-tokko-2022-tokko_dec;gen-tokko-2022-tokko_march;gen-mlit-release-2023,https://www.soumu.go.jp/main_content/000894237.xlsx
09,093459,芳賀町,futsu_decided,9,普通交付税 当初決定額,2024-04-01,2025-03-31,2024-07-23,0,当初決定日(算定結果の報道資料の日付),2024-07-23,85798.0,千円,,,18401.0,0.27302402184073477,増加,2023-07-29,2024-07-23,gen-tokko-2023-tokko_dec;gen-tokko-2023-tokko_march;gen-mlit-release-2024,https://www.soumu.go.jp/main_content/000958553.xlsx
09,093459,芳賀町,futsu_decided,9,普通交付税 当初決定額,2025-04-01,2026-03-31,2025-07-29,0,当初決定日(算定結果の報道資料の日付),2025-07-29,0.0,千円,,,-85798.0,-1.0,減少,2024-07-24,2025-07-29,gen-election-shugiin_20241027_smd_09_4;gen-tokko-2024-tokko_dec;gen-tokko-2024-tokko_march;gen-mlit-release-2025;gen-election-sangiin_20250720_smd_09_1,https://www.soumu.go.jp/main_content/001022466.xlsx
09,093459,芳賀町,futsu_decided,9,普通交付税 当初決定額,2026-04-01,2027-03-31,2026-07-24,0,当初決定日(算定結果の報道資料の日付),2026-07-24,0.0,千円,,,0.0,,未取得,2025-07-30,2026-07-24,gen-tokko-2025-tokko_dec;gen-election-shugiin_20260208_smd_09_4;gen-cabinet-2026-02-18;gen-position-motegi_toshimitsu-外務大臣-2026-02-18;gen-tokko-2025-tokko_march;gen-mlit-release-2026,https://www.soumu.go.jp/main_content/001083404.xlsx
09,093459,芳賀町,kofu_total,10,国交省 交付決定額 計(年度合計),2017-04-01,2018-03-31,2018-03-31,1,年度内で最後の交付決定日(交付決定がない年度は年度末)。値は年度合計(変更減額を含む),,140034.0,千円,,,,,未取得,,,,https://www.mlit.go.jp/common/001210869.xlsx
09,093459,芳賀町,kofu_total,10,国交省 交付決定額 計(年度合計),2018-04-01,2019-03-31,2018-09-05,1,年度内で最後の交付決定日(交付決定がない年度は年度末)。値は年度合計(変更減額を含む),,289749.0,千円,,,149715.0,1.06913321050602,増加,2018-04-01,2018-09-05,,https://www.mlit.go.jp/common/001260907.xlsx
09,093459,芳賀町,kofu_total,10,国交省 交付決定額 計(年度合計),2019-04-01,2020-03-31,2020-03-31,1,年度内で最後の交付決定日(交付決定がない年度は年度末)。値は年度合計(変更減額を含む),,792330.0,千円,,,502581.0,1.7345392046219315,増加,2018-09-06,2020-03-31,,https://www.mlit.go.jp/common/001316172.xlsx
09,093459,芳賀町,kofu_total,10,国交省 交付決定額 計(年度合計),2020-04-01,2021-03-31,2021-03-31,1,年度内で最後の交付決定日(交付決定がない年度は年度末)。値は年度合計(変更減額を含む),,823022.0,千円,,,30692.0,0.038736385092070225,横ばい,2020-04-01,2021-03-31,gen-tokko-2020-tokko_dec;gen-tokko-2020-tokko_march;gen-mlit-release-2021,https://www.mlit.go.jp/common/001371589.xlsx
09,093459,芳賀町,kofu_total,10,国交省 交付決定額 計(年度合計),2021-04-01,2022-03-31,2022-03-23,1,年度内で最後の交付決定日(交付決定がない年度は年度末)。値は年度合計(変更減額を含む),,2004269.0,千円,,,1181247.0,1.4352556796780644,増加,2021-04-01,2022-03-23,gen-election-shugiin_20211031_smd_09_4;gen-tokko-2021-tokko_dec;gen-tokko-2021-tokko_march,https://www.mlit.go.jp/common/001579048.xlsx
09,093459,芳賀町,kofu_total,10,国交省 交付決定額 計(年度合計),2022-04-01,2023-03-31,2023-03-06,1,年度内で最後の交付決定日(交付決定がない年度は年度末)。値は年度合計(変更減額を含む),,609374.0,千円,,,-1394895.0,-0.6959619691767921,減少,2022-03-24,2023-03-06,gen-mlit-release-2022;gen-election-sangiin_20220710_smd_09_1;gen-tokko-2022-tokko_dec,https://www.mlit.go.jp/common/001426891.xlsx
09,093459,芳賀町,kofu_total,10,国交省 交付決定額 計(年度合計),2023-04-01,2024-03-31,2024-03-08,1,年度内で最後の交付決定日(交付決定がない年度は年度末)。値は年度合計(変更減額を含む),,398469.0,千円,,,-210905.0,-0.3461010807812608,減少,2023-03-07,2024-03-08,gen-tokko-2022-tokko_march;gen-mlit-release-2023;gen-tokko-2023-tokko_dec,https://www.mlit.go.jp/page/content/001749355.xlsx
09,093459,芳賀町,kofu_total,10,国交省 交付決定額 計(年度合計),2024-04-01,2025-03-31,2025-01-28,1,年度内で最後の交付決定日(交付決定がない年度は年度末)。値は年度合計(変更減額を含む),,301798.0,千円,,,-96671.0,-0.24260607475110987,減少,2024-03-09,2025-01-28,gen-tokko-2023-tokko_march;gen-mlit-release-2024;gen-election-shugiin_20241027_smd_09_4;gen-tokko-2024-tokko_dec,https://www.mlit.go.jp/page/content/001889200.xlsx
09,093459,芳賀町,kofu_total,10,国交省 交付決定額 計(年度合計),2025-04-01,2026-03-31,2026-03-26,1,年度内で最後の交付決定日(交付決定がない年度は年度末)。値は年度合計(変更減額を含む),,163862.0,千円,,,-137936.0,-0.4570474290750767,減少,2025-01-29,2026-03-26,gen-tokko-2024-tokko_march;gen-mlit-release-2025;gen-election-sangiin_20250720_smd_09_1;gen-tokko-2025-tokko_dec;gen-election-shugiin_20260208_smd_09_4;gen-cabinet-2026-02-18;gen-position-motegi_toshimitsu-外務大臣-2026-02-18;gen-tokko-2025-tokko_march,https://www.mlit.go.jp/page/content/001968987.xlsx
09,093459,芳賀町,kofu_shasoukou,10,国交省 交付決定額 社会資本整備総合交付金,2017-04-01,2018-03-31,2018-03-31,1,年度内で最後の交付決定日(交付決定がない年度は年度末)。値は年度合計(変更減額を含む),,139034.0,千円,,,,,未取得,,,,https://www.mlit.go.jp/common/001306061.xlsx
09,093459,芳賀町,kofu_shasoukou,10,国交省 交付決定額 社会資本整備総合交付金,2018-04-01,2019-03-31,2018-09-05,1,年度内で最後の交付決定日(交付決定がない年度は年度末)。値は年度合計(変更減額を含む),,289749.0,千円,,,150715.0,1.0840154206884647,増加,2018-04-01,2018-09-05,,https://www.mlit.go.jp/common/001288716.xlsx
09,093459,芳賀町,kofu_shasoukou,10,国交省 交付決定額 社会資本整備総合交付金,2019-04-01,2020-03-31,2020-03-31,1,年度内で最後の交付決定日(交付決定がない年度は年度末)。値は年度合計(変更減額を含む),,792330.0,千円,,,502581.0,1.7345392046219315,増加,2018-09-06,2020-03-31,,https://www.mlit.go.jp/common/001316186.xlsx
09,093459,芳賀町,kofu_shasoukou,10,国交省 交付決定額 社会資本整備総合交付金,2020-04-01,2021-03-31,2021-03-31,1,年度内で最後の交付決定日(交付決定がない年度は年度末)。値は年度合計(変更減額を含む),,792772.0,千円,,,442.0,0.0005578483712594499,横ばい,2020-04-01,2021-03-31,gen-tokko-2020-tokko_dec;gen-tokko-2020-tokko_march;gen-mlit-release-2021,https://www.mlit.go.jp/common/001371606.xlsx
09,093459,芳賀町,kofu_shasoukou,10,国交省 交付決定額 社会資本整備総合交付金,2021-04-01,2022-03-31,2022-03-31,1,年度内で最後の交付決定日(交付決定がない年度は年度末)。値は年度合計(変更減額を含む),,1975814.0,千円,,,1183042.0,1.4922852976643979,増加,2021-04-01,2022-03-31,gen-election-shugiin_20211031_smd_09_4;gen-tokko-2021-tokko_dec;gen-tokko-2021-tokko_march;gen-mlit-release-2022,https://www.mlit.go.jp/common/001579064.xlsx
09,093459,芳賀町,kofu_shasoukou,10,国交省 交付決定額 社会資本整備総合交付金,2022-04-01,2023-03-31,2023-03-31,1,年度内で最後の交付決定日(交付決定がない年度は年度末)。値は年度合計(変更減額を含む),,539926.0,千円,,,-1435888.0,-0.7267323746061117,減少,2022-04-01,2023-03-31,gen-election-sangiin_20220710_smd_09_1;gen-tokko-2022-tokko_dec;gen-tokko-2022-tokko_march;gen-mlit-release-2023,https://www.mlit.go.jp/common/001426909.xlsx
09,093459,芳賀町,kofu_shasoukou,10,国交省 交付決定額 社会資本整備総合交付金,2023-04-01,2024-03-31,2023-06-09,1,年度内で最後の交付決定日(交付決定がない年度は年度末)。値は年度合計(変更減額を含む),,94600.0,千円,,,-445326.0,-0.8247908046658246,減少,2023-04-01,2023-06-09,,https://www.mlit.go.jp/page/content/001708175.xlsx
09,093459,芳賀町,kofu_shasoukou,10,国交省 交付決定額 社会資本整備総合交付金,2024-04-01,2025-03-31,2024-06-17,1,年度内で最後の交付決定日(交付決定がない年度は年度末)。値は年度合計(変更減額を含む),,192400.0,千円,,,97800.0,1.0338266384778012,増加,2023-06-10,2024-06-17,gen-tokko-2023-tokko_dec;gen-tokko-2023-tokko_march;gen-mlit-release-2024,https://www.mlit.go.jp/page/content/001842591.xlsx
09,093459,芳賀町,kofu_shasoukou,10,国交省 交付決定額 社会資本整備総合交付金,2025-04-01,2026-03-31,2026-03-26,1,年度内で最後の交付決定日(交付決定がない年度は年度末)。値は年度合計(変更減額を含む),,41684.0,千円,,,-150716.0,-0.7833471933471934,減少,2024-06-18,2026-03-26,gen-election-shugiin_20241027_smd_09_4;gen-tokko-2024-tokko_dec;gen-tokko-2024-tokko_march;gen-mlit-release-2025;gen-election-sangiin_20250720_smd_09_1;gen-tokko-2025-tokko_dec;gen-election-shugiin_20260208_smd_09_4;gen-cabinet-2026-02-18;gen-position-motegi_toshimitsu-外務大臣-2026-02-18;gen-tokko-2025-tokko_march,https://www.mlit.go.jp/page/content/001969014.xlsx
09,093459,芳賀町,kofu_bouan,10,国交省 交付決定額 防災・安全交付金,2017-04-01,2018-03-31,2018-03-31,1,年度内で最後の交付決定日(交付決定がない年度は年度末)。値は年度合計(変更減額を含む),,16950.0,千円,,,,,未取得,,,,https://www.mlit.go.jp/common/001306061.xlsx
09,093459,芳賀町,kofu_bouan,10,国交省 交付決定額 防災・安全交付金,2018-04-01,2019-03-31,2018-09-03,1,年度内で最後の交付決定日(交付決定がない年度は年度末)。値は年度合計(変更減額を含む),,15405.0,千円,,,-1545.0,-0.09115044247787611,減少,2018-04-01,2018-09-03,,https://www.mlit.go.jp/common/001288716.xlsx
09,093459,芳賀町,kofu_bouan,10,国交省 交付決定額 防災・安全交付金,2019-04-01,2020-03-31,2020-03-31,1,年度内で最後の交付決定日(交付決定がない年度は年度末)。値は年度合計(変更減額を含む),,11295.0,千円,,,-4110.0,-0.2667964946445959,減少,2018-09-04,2020-03-31,,https://www.mlit.go.jp/common/001316186.xlsx
09,093459,芳賀町,kofu_bouan,10,国交省 交付決定額 防災・安全交付金,2020-04-01,2021-03-31,2021-03-31,1,年度内で最後の交付決定日(交付決定がない年度は年度末)。値は年度合計(変更減額を含む),,510.0,千円,,,-10785.0,-0.9548472775564409,減少,2020-04-01,2021-03-31,gen-tokko-2020-tokko_dec;gen-tokko-2020-tokko_march;gen-mlit-release-2021,https://www.mlit.go.jp/common/001371606.xlsx
09,093459,芳賀町,kofu_bouan,10,国交省 交付決定額 防災・安全交付金,2021-04-01,2022-03-31,2022-03-31,1,年度内で最後の交付決定日(交付決定がない年度は年度末)。値は年度合計(変更減額を含む),,1064.0,千円,,,554.0,1.0862745098039215,増加,2021-04-01,2022-03-31,gen-election-shugiin_20211031_smd_09_4;gen-tokko-2021-tokko_dec;gen-tokko-2021-tokko_march;gen-mlit-release-2022,https://www.mlit.go.jp/common/001579064.xlsx
09,093459,芳賀町,kofu_bouan,10,国交省 交付決定額 防災・安全交付金,2022-04-01,2023-03-31,2023-03-31,1,年度内で最後の交付決定日(交付決定がない年度は年度末)。値は年度合計(変更減額を含む),,11729.0,千円,,,10665.0,10.023496240601503,増加,2022-04-01,2023-03-31,gen-election-sangiin_20220710_smd_09_1;gen-tokko-2022-tokko_dec;gen-tokko-2022-tokko_march;gen-mlit-release-2023,https://www.mlit.go.jp/common/001426909.xlsx
09,093459,芳賀町,kofu_bouan,10,国交省 交付決定額 防災・安全交付金,2023-04-01,2024-03-31,2023-08-18,1,年度内で最後の交付決定日(交付決定がない年度は年度末)。値は年度合計(変更減額を含む),,102642.0,千円,,,90913.0,7.751129678574474,増加,2023-04-01,2023-08-18,,https://www.mlit.go.jp/page/content/001708175.xlsx
09,093459,芳賀町,kofu_bouan,10,国交省 交付決定額 防災・安全交付金,2024-04-01,2025-03-31,2025-01-28,1,年度内で最後の交付決定日(交付決定がない年度は年度末)。値は年度合計(変更減額を含む),,42768.0,千円,,,-59874.0,-0.5833284620330859,減少,2023-08-19,2025-01-28,gen-tokko-2023-tokko_dec;gen-tokko-2023-tokko_march;gen-mlit-release-2024;gen-election-shugiin_20241027_smd_09_4;gen-tokko-2024-tokko_dec,https://www.mlit.go.jp/page/content/001842591.xlsx
09,093459,芳賀町,kofu_bouan,10,国交省 交付決定額 防災・安全交付金,2025-04-01,2026-03-31,2026-01-26,1,年度内で最後の交付決定日(交付決定がない年度は年度末)。値は年度合計(変更減額を含む),,33178.0,千円,,,-9590.0,-0.22423307145529367,減少,2025-01-29,2026-01-26,gen-tokko-2024-tokko_march;gen-mlit-release-2025;gen-election-sangiin_20250720_smd_09_1;gen-tokko-2025-tokko_dec,https://www.mlit.go.jp/page/content/001969014.xlsx
09,093459,芳賀町,kofu_road,10,国交省 交付決定額 道路関係の補助,2017-04-01,2018-03-31,2018-03-31,1,年度内で最後の交付決定日(交付決定がない年度は年度末)。値は年度合計(変更減額を含む),,0.0,千円,,,,,未取得,,,,https://www.mlit.go.jp/common/001234557.xlsx
09,093459,芳賀町,kofu_road,10,国交省 交付決定額 道路関係の補助,2018-04-01,2019-03-31,2019-03-31,1,年度内で最後の交付決定日(交付決定がない年度は年度末)。値は年度合計(変更減額を含む),,0.0,千円,,,0.0,,未取得,2018-04-01,2019-03-31,,https://www.mlit.go.jp/common/001260897.xlsx
09,093459,芳賀町,kofu_road,10,国交省 交付決定額 道路関係の補助,2019-04-01,2020-03-31,2020-03-31,1,年度内で最後の交付決定日(交付決定がない年度は年度末)。値は年度合計(変更減額を含む),,0.0,千円,,,0.0,,未取得,2019-04-01,2020-03-31,,https://www.mlit.go.jp/common/001316175.xlsx
09,093459,芳賀町,kofu_road,10,国交省 交付決定額 道路関係の補助,2020-04-01,2021-03-31,2021-03-31,1,年度内で最後の交付決定日(交付決定がない年度は年度末)。値は年度合計(変更減額を含む),,8250.0,千円,,,8250.0,,未取得,2020-04-01,2021-03-31,gen-tokko-2020-tokko_dec;gen-tokko-2020-tokko_march;gen-mlit-release-2021,https://www.mlit.go.jp/common/001371629.xlsx
09,093459,芳賀町,kofu_road,10,国交省 交付決定額 道路関係の補助,2021-04-01,2022-03-31,2021-06-18,1,年度内で最後の交付決定日(交付決定がない年度は年度末)。値は年度合計(変更減額を含む),,4455.0,千円,,,-3795.0,-0.46,減少,2021-04-01,2021-06-18,,https://www.mlit.go.jp/common/001579051.xlsx
09,093459,芳賀町,kofu_road,10,国交省 交付決定額 道路関係の補助,2022-04-01,2023-03-31,2022-06-17,1,年度内で最後の交付決定日(交付決定がない年度は年度末)。値は年度合計(変更減額を含む),,16018.999999999998,千円,,,11563.999999999998,2.595735129068462,増加,2021-06-19,2022-06-17,gen-election-shugiin_20211031_smd_09_4;gen-tokko-2021-tokko_dec;gen-tokko-2021-tokko_march;gen-mlit-release-2022,https://www.mlit.go.jp/common/001426897.xlsx
09,093459,芳賀町,kofu_road,10,国交省 交付決定額 道路関係の補助,2023-04-01,2024-03-31,2023-06-16,1,年度内で最後の交付決定日(交付決定がない年度は年度末)。値は年度合計(変更減額を含む),,38731.99999999999,千円,,,22712.999999999993,1.4178787689618575,増加,2022-06-18,2023-06-16,gen-election-sangiin_20220710_smd_09_1;gen-tokko-2022-tokko_dec;gen-tokko-2022-tokko_march;gen-mlit-release-2023,https://www.mlit.go.jp/page/content/001708164.xlsx
09,093459,芳賀町,kofu_road,10,国交省 交付決定額 道路関係の補助,2024-04-01,2025-03-31,2024-06-14,1,年度内で最後の交付決定日(交付決定がない年度は年度末)。値は年度合計(変更減額を含む),,15399.999999999998,千円,,,-23331.999999999993,-0.6023959516678714,減少,2023-06-17,2024-06-14,gen-tokko-2023-tokko_dec;gen-tokko-2023-tokko_march;gen-mlit-release-2024,https://www.mlit.go.jp/page/content/001889202.xlsx
09,093459,芳賀町,kofu_road,10,国交省 交付決定額 道路関係の補助,2025-04-01,2026-03-31,2025-05-16,1,年度内で最後の交付決定日(交付決定がない年度は年度末)。値は年度合計(変更減額を含む),,23100.0,千円,,,7700.000000000002,0.5000000000000002,増加,2024-06-15,2025-05-16,gen-election-shugiin_20241027_smd_09_4;gen-tokko-2024-tokko_dec;gen-tokko-2024-tokko_march;gen-mlit-release-2025,https://www.mlit.go.jp/page/content/001969000.xlsx
09,093611,壬生町,card_kokko,1,国庫支出金(決算),2020-04-01,2021-03-31,2021-03-31,0,決算(年度末),,6526572.0,千円,,,,,未取得,,,,https://www.soumu.go.jp/main_content/000804135.xlsx
09,093611,壬生町,card_kokko,1,国庫支出金(決算),2021-04-01,2022-03-31,2022-03-31,0,決算(年度末),,3180310.0,千円,,,-3346262.0,-0.5127135654061581,減少,2021-04-01,2022-03-31,gen-election-shugiin_20211031_smd_09_4;gen-tokko-2021-tokko_dec;gen-tokko-2021-tokko_march;gen-mlit-release-2022,https://www.soumu.go.jp/main_content/000873399.xlsx
09,093611,壬生町,card_kokko,1,国庫支出金(決算),2022-04-01,2023-03-31,2023-03-31,0,決算(年度末),,2895861.0,千円,,,-284449.0,-0.08944065201191079,減少,2022-04-01,2023-03-31,gen-election-sangiin_20220710_smd_09_1;gen-tokko-2022-tokko_dec;gen-tokko-2022-tokko_march;gen-mlit-release-2023,https://www.soumu.go.jp/main_content/000937050.xlsx
09,093611,壬生町,card_kokko,1,国庫支出金(決算),2023-04-01,2024-03-31,2024-03-31,0,決算(年度末),,2787670.0,千円,,,-108191.0,-0.037360563922094324,横ばい,2023-04-01,2024-03-31,gen-tokko-2023-tokko_dec;gen-tokko-2023-tokko_march,https://www.soumu.go.jp/main_content/000998938.xlsx
09,093611,壬生町,card_kokko,1,国庫支出金(決算),2024-04-01,2025-03-31,2025-03-31,0,決算(年度末),,2962922.0,千円,,,175252.0,0.06286683861432665,増加,2024-04-01,2025-03-31,gen-mlit-release-2024;gen-election-shugiin_20241027_smd_09_4;gen-tokko-2024-tokko_dec;gen-tokko-2024-tokko_march,https://www.soumu.go.jp/main_content/001063963.xlsx
09,093611,壬生町,card_pref,2,県支出金(決算),2020-04-01,2021-03-31,2021-03-31,0,決算(年度末),,1138057.0,千円,,,,,未取得,,,,https://www.soumu.go.jp/main_content/000804135.xlsx
09,093611,壬生町,card_pref,2,県支出金(決算),2021-04-01,2022-03-31,2022-03-31,0,決算(年度末),,1267407.0,千円,,,129350.0,0.11365863045524081,増加,2021-04-01,2022-03-31,gen-election-shugiin_20211031_smd_09_4;gen-tokko-2021-tokko_dec;gen-tokko-2021-tokko_march;gen-mlit-release-2022,https://www.soumu.go.jp/main_content/000873399.xlsx
09,093611,壬生町,card_pref,2,県支出金(決算),2022-04-01,2023-03-31,2023-03-31,0,決算(年度末),,1518778.0,千円,,,251371.0,0.19833486796269864,増加,2022-04-01,2023-03-31,gen-election-sangiin_20220710_smd_09_1;gen-tokko-2022-tokko_dec;gen-tokko-2022-tokko_march;gen-mlit-release-2023,https://www.soumu.go.jp/main_content/000937050.xlsx
09,093611,壬生町,card_pref,2,県支出金(決算),2023-04-01,2024-03-31,2024-03-31,0,決算(年度末),,1269599.0,千円,,,-249179.0,-0.164065452620462,減少,2023-04-01,2024-03-31,gen-tokko-2023-tokko_dec;gen-tokko-2023-tokko_march,https://www.soumu.go.jp/main_content/000998938.xlsx
09,093611,壬生町,card_pref,2,県支出金(決算),2024-04-01,2025-03-31,2025-03-31,0,決算(年度末),,1426629.0,千円,,,157030.0,0.12368472249899377,増加,2024-04-01,2025-03-31,gen-mlit-release-2024;gen-election-shugiin_20241027_smd_09_4;gen-tokko-2024-tokko_dec;gen-tokko-2024-tokko_march,https://www.soumu.go.jp/main_content/001063963.xlsx
09,093611,壬生町,tokko_dec,3a,特別交付税 12月分,2020-04-01,2021-03-31,2020-12-08,0,交付決定日(報道発表),2020-12-08,,千円,,報道発表に町村の個別額なし(都道府県計のみ),,,未取得,,,,https://www.soumu.go.jp/main_content/000721607.pdf
09,093611,壬生町,tokko_dec,3a,特別交付税 12月分,2021-04-01,2022-03-31,2021-12-03,0,交付決定日(報道発表),2021-12-03,,千円,,報道発表に町村の個別額なし(都道府県計のみ),,,未取得,2020-12-09,2021-12-03,gen-tokko-2020-tokko_march;gen-mlit-release-2021;gen-election-shugiin_20211031_smd_09_4;gen-tokko-2021-tokko_dec,https://www.soumu.go.jp/main_content/000780948.pdf
09,093611,壬生町,tokko_dec,3a,特別交付税 12月分,2022-04-01,2023-03-31,2022-12-13,0,交付決定日(報道発表),2022-12-13,,千円,,報道発表に町村の個別額なし(都道府県計のみ),,,未取得,2021-12-04,2022-12-13,gen-tokko-2021-tokko_march;gen-mlit-release-2022;gen-election-sangiin_20220710_smd_09_1;gen-tokko-2022-tokko_dec,https://www.soumu.go.jp/main_content/000850537.pdf
09,093611,壬生町,tokko_dec,3a,特別交付税 12月分,2023-04-01,2024-03-31,2023-12-12,0,交付決定日(報道発表),2023-12-12,,千円,,報道発表に町村の個別額なし(都道府県計のみ),,,未取得,2022-12-14,2023-12-12,gen-tokko-2022-tokko_march;gen-mlit-release-2023;gen-tokko-2023-tokko_dec,https://www.soumu.go.jp/main_content/000916643.pdf
09,093611,壬生町,tokko_dec,3a,特別交付税 12月分,2024-04-01,2025-03-31,2024-12-20,0,交付決定日(報道発表),2024-12-20,,千円,,報道発表に町村の個別額なし(都道府県計のみ),,,未取得,2023-12-13,2024-12-20,gen-tokko-2023-tokko_march;gen-mlit-release-2024;gen-election-shugiin_20241027_smd_09_4;gen-tokko-2024-tokko_dec,https://www.soumu.go.jp/main_content/000983129.pdf
09,093611,壬生町,tokko_dec,3a,特別交付税 12月分,2025-04-01,2026-03-31,2025-12-19,0,交付決定日(報道発表),2025-12-19,,千円,,報道発表に町村の個別額なし(都道府県計のみ),,,未取得,2024-12-21,2025-12-19,gen-tokko-2024-tokko_march;gen-mlit-release-2025;gen-election-sangiin_20250720_smd_09_1;gen-tokko-2025-tokko_dec,https://www.soumu.go.jp/main_content/001046667.pdf
09,093611,壬生町,tokko_march,3b,特別交付税 3月分,2020-04-01,2021-03-31,2021-03-19,0,交付決定日(報道発表),2021-03-19,,千円,,報道発表に町村の個別額なし(都道府県計のみ),,,未取得,,,,https://www.soumu.go.jp/main_content/000738961.pdf
09,093611,壬生町,tokko_march,3b,特別交付税 3月分,2021-04-01,2022-03-31,2022-03-18,0,交付決定日(報道発表),2022-03-18,,千円,,報道発表に町村の個別額なし(都道府県計のみ),,,未取得,2021-03-20,2022-03-18,gen-mlit-release-2021;gen-election-shugiin_20211031_smd_09_4;gen-tokko-2021-tokko_dec;gen-tokko-2021-tokko_march,https://www.soumu.go.jp/main_content/000799619.pdf
09,093611,壬生町,tokko_march,3b,特別交付税 3月分,2022-04-01,2023-03-31,2023-03-22,0,交付決定日(報道発表),2023-03-22,,千円,,報道発表に町村の個別額なし(都道府県計のみ),,,未取得,2022-03-19,2023-03-22,gen-mlit-release-2022;gen-election-sangiin_20220710_smd_09_1;gen-tokko-2022-tokko_dec;gen-tokko-2022-tokko_march,https://www.soumu.go.jp/main_content/000869990.pdf
09,093611,壬生町,tokko_march,3b,特別交付税 3月分,2023-04-01,2024-03-31,2024-03-22,0,交付決定日(報道発表),2024-03-22,,千円,,報道発表に町村の個別額なし(都道府県計のみ),,,未取得,2023-03-23,2024-03-22,gen-mlit-release-2023;gen-tokko-2023-tokko_dec;gen-tokko-2023-tokko_march,https://www.soumu.go.jp/main_content/000997045.pdf
09,093611,壬生町,tokko_march,3b,特別交付税 3月分,2024-04-01,2025-03-31,2025-03-21,0,交付決定日(報道発表),2025-03-21,,千円,,報道発表に町村の個別額なし(都道府県計のみ),,,未取得,2024-03-23,2025-03-21,gen-mlit-release-2024;gen-election-shugiin_20241027_smd_09_4;gen-tokko-2024-tokko_dec;gen-tokko-2024-tokko_march,https://www.soumu.go.jp/main_content/000998441.pdf
09,093611,壬生町,tokko_march,3b,特別交付税 3月分,2025-04-01,2026-03-31,2026-03-17,0,交付決定日(報道発表),2026-03-17,,千円,,報道発表に町村の個別額なし(都道府県計のみ),,,未取得,2025-03-22,2026-03-17,gen-mlit-release-2025;gen-election-sangiin_20250720_smd_09_1;gen-tokko-2025-tokko_dec;gen-election-shugiin_20260208_smd_09_4;gen-cabinet-2026-02-18;gen-position-motegi_toshimitsu-外務大臣-2026-02-18;gen-tokko-2025-tokko_march,https://www.soumu.go.jp/main_content/001061260.pdf
09,093611,壬生町,mlit_sole_grants,4,社総交・防安交 単独策定主体の国費,2021-04-01,2022-03-31,2021-03-30,1,当初配分の報道発表日を代用(交付決定日は未公表),2021-03-30,5000.0,千円,1,,,,未取得,,,,https://www.mlit.go.jp/common/001396522.pdf
09,093611,壬生町,mlit_sole_grants,4,社総交・防安交 単独策定主体の国費,2022-04-01,2023-03-31,2022-03-25,1,当初配分の報道発表日を代用(交付決定日は未公表),2022-03-25,77410.0,千円,2,,72410.0,14.482,増加,2021-03-31,2022-03-25,gen-election-shugiin_20211031_smd_09_4;gen-tokko-2021-tokko_dec;gen-tokko-2021-tokko_march;gen-mlit-release-2022,https://www.mlit.go.jp/page/content/001472731.pdf
09,093611,壬生町,mlit_sole_grants,4,社総交・防安交 単独策定主体の国費,2023-04-01,2024-03-31,2023-03-31,1,当初配分の報道発表日を代用(交付決定日は未公表),2023-03-31,114375.0,千円,2,,36965.0,0.47752228394264307,増加,2022-03-26,2023-03-31,gen-election-sangiin_20220710_smd_09_1;gen-tokko-2022-tokko_dec;gen-tokko-2022-tokko_march;gen-mlit-release-2023,https://www.mlit.go.jp/page/content/001596924.pdf
09,093611,壬生町,mlit_sole_grants,4,社総交・防安交 単独策定主体の国費,2024-04-01,2025-03-31,2024-04-01,1,当初配分の報道発表日を代用(交付決定日は未公表),2024-04-01,84952.0,千円,1,,-29423.0,-0.2572502732240437,減少,2023-04-01,2024-04-01,gen-tokko-2023-tokko_dec;gen-tokko-2023-tokko_march;gen-mlit-release-2024,https://www.mlit.go.jp/page/content/001735005.pdf
09,093611,壬生町,mlit_sole_grants,4,社総交・防安交 単独策定主体の国費,2025-04-01,2026-03-31,2025-04-01,1,当初配分の報道発表日を代用(交付決定日は未公表),2025-04-01,95124.0,千円,2,,10172.0,0.11973820510405876,増加,2024-04-02,2025-04-01,gen-election-shugiin_20241027_smd_09_4;gen-tokko-2024-tokko_dec;gen-tokko-2024-tokko_march;gen-mlit-release-2025,https://www.mlit.go.jp/page/content/001879738.pdf
09,093611,壬生町,mlit_sole_grants,4,社総交・防安交 単独策定主体の国費,2026-04-01,2027-03-31,2026-04-07,1,当初配分の報道発表日を代用(交付決定日は未公表),2026-04-07,43253.0,千円,2,,-51871.0,-0.5452987679239729,減少,2025-04-02,2026-04-07,gen-election-sangiin_20250720_smd_09_1;gen-tokko-2025-tokko_dec;gen-election-shugiin_20260208_smd_09_4;gen-cabinet-2026-02-18;gen-position-motegi_toshimitsu-外務大臣-2026-02-18;gen-tokko-2025-tokko_march;gen-mlit-release-2026,https://www.mlit.go.jp/page/content/001994561.pdf
09,093611,壬生町,mlit_road,5,道路局箇所表 事業主体=当該市町の国費,2021-04-01,2022-03-31,2021-03-30,1,当初配分の報道発表日を代用(交付決定日は未公表),2021-03-30,8000.0,千円,1,,,,未取得,,,,https://www.mlit.go.jp/common/001396522.pdf
09,093611,壬生町,mlit_road,5,道路局箇所表 事業主体=当該市町の国費,2022-04-01,2023-03-31,2022-03-25,1,当初配分の報道発表日を代用(交付決定日は未公表),2022-03-25,18000.0,千円,1,,10000.0,1.25,増加,2021-03-31,2022-03-25,gen-election-shugiin_20211031_smd_09_4;gen-tokko-2021-tokko_dec;gen-tokko-2021-tokko_march;gen-mlit-release-2022,https://www.mlit.go.jp/page/content/001472731.pdf
09,093611,壬生町,mlit_road,5,道路局箇所表 事業主体=当該市町の国費,2023-04-01,2024-03-31,2023-03-31,1,当初配分の報道発表日を代用(交付決定日は未公表),2023-03-31,7000.0,千円,1,,-11000.0,-0.6111111111111112,減少,2022-03-26,2023-03-31,gen-election-sangiin_20220710_smd_09_1;gen-tokko-2022-tokko_dec;gen-tokko-2022-tokko_march;gen-mlit-release-2023,https://www.mlit.go.jp/page/content/001596924.pdf
09,093611,壬生町,mlit_road,5,道路局箇所表 事業主体=当該市町の国費,2024-04-01,2025-03-31,2024-04-01,1,当初配分の報道発表日を代用(交付決定日は未公表),2024-04-01,44000.0,千円,2,,37000.0,5.285714285714286,増加,2023-04-01,2024-04-01,gen-tokko-2023-tokko_dec;gen-tokko-2023-tokko_march;gen-mlit-release-2024,https://www.mlit.go.jp/page/content/001735005.pdf
09,093611,壬生町,mlit_road,5,道路局箇所表 事業主体=当該市町の国費,2025-04-01,2026-03-31,2025-04-01,1,当初配分の報道発表日を代用(交付決定日は未公表),2025-04-01,154000.0,千円,2,,110000.0,2.5,増加,2024-04-02,2025-04-01,gen-election-shugiin_20241027_smd_09_4;gen-tokko-2024-tokko_dec;gen-tokko-2024-tokko_march;gen-mlit-release-2025,https://www.mlit.go.jp/page/content/001879738.pdf
09,093611,壬生町,mlit_road,5,道路局箇所表 事業主体=当該市町の国費,2026-04-01,2027-03-31,2026-04-07,1,当初配分の報道発表日を代用(交付決定日は未公表),2026-04-07,96000.0,千円,1,,-58000.0,-0.37662337662337664,減少,2025-04-02,2026-04-07,gen-election-sangiin_20250720_smd_09_1;gen-tokko-2025-tokko_dec;gen-election-shugiin_20260208_smd_09_4;gen-cabinet-2026-02-18;gen-position-motegi_toshimitsu-外務大臣-2026-02-18;gen-tokko-2025-tokko_march;gen-mlit-release-2026,https://www.mlit.go.jp/page/content/001994561.pdf
09,093611,壬生町,e_kokko,6,国庫支出金 計(決算、地方財政状況調査),2020-04-01,2021-03-31,2021-03-31,0,決算(年度末),,6526572.0,千円,,,,,未取得,,,,https://www.e-stat.go.jp/stat-search/file-download?statInfId=000032188698&fileKind=1
09,093611,壬生町,e_kokko,6,国庫支出金 計(決算、地方財政状況調査),2021-04-01,2022-03-31,2022-03-31,0,決算(年度末),,3180310.0,千円,,,-3346262.0,-0.5127135654061581,減少,2021-04-01,2022-03-31,gen-election-shugiin_20211031_smd_09_4;gen-tokko-2021-tokko_dec;gen-tokko-2021-tokko_march;gen-mlit-release-2022,https://www.e-stat.go.jp/stat-search/file-download?statInfId=000040044921&fileKind=1
09,093611,壬生町,e_kokko,6,国庫支出金 計(決算、地方財政状況調査),2022-04-01,2023-03-31,2023-03-31,0,決算(年度末),,2895861.0,千円,,,-284449.0,-0.08944065201191079,減少,2022-04-01,2023-03-31,gen-election-sangiin_20220710_smd_09_1;gen-tokko-2022-tokko_dec;gen-tokko-2022-tokko_march;gen-mlit-release-2023,https://www.e-stat.go.jp/stat-search/file-download?statInfId=000040171702&fileKind=1
09,093611,壬生町,e_kokko,6,国庫支出金 計(決算、地方財政状況調査),2023-04-01,2024-03-31,2024-03-31,0,決算(年度末),,2787670.0,千円,,,-108191.0,-0.037360563922094324,横ばい,2023-04-01,2024-03-31,gen-tokko-2023-tokko_dec;gen-tokko-2023-tokko_march,https://www.e-stat.go.jp/stat-search/file-download?statInfId=000040231591&fileKind=1
09,093611,壬生町,e_kokko,6,国庫支出金 計(決算、地方財政状況調査),2024-04-01,2025-03-31,2025-03-31,0,決算(年度末),,2962922.0,千円,,,175252.0,0.06286683861432665,増加,2024-04-01,2025-03-31,gen-mlit-release-2024;gen-election-shugiin_20241027_smd_09_4;gen-tokko-2024-tokko_dec;gen-tokko-2024-tokko_march,https://www.e-stat.go.jp/stat-search/file-download?statInfId=000040375638&fileKind=1
09,093611,壬生町,e_kokko_futsuken,6,国庫支出金のうち普通建設事業費支出金(決算),2020-04-01,2021-03-31,2021-03-31,0,決算(年度末),,141845.0,千円,,,,,未取得,,,,https://www.e-stat.go.jp/stat-search/file-download?statInfId=000032188698&fileKind=1
09,093611,壬生町,e_kokko_futsuken,6,国庫支出金のうち普通建設事業費支出金(決算),2021-04-01,2022-03-31,2022-03-31,0,決算(年度末),,5294.0,千円,,,-136551.0,-0.9626775705876133,減少,2021-04-01,2022-03-31,gen-election-shugiin_20211031_smd_09_4;gen-tokko-2021-tokko_dec;gen-tokko-2021-tokko_march;gen-mlit-release-2022,https://www.e-stat.go.jp/stat-search/file-download?statInfId=000040044921&fileKind=1
09,093611,壬生町,e_kokko_futsuken,6,国庫支出金のうち普通建設事業費支出金(決算),2022-04-01,2023-03-31,2023-03-31,0,決算(年度末),,44992.0,千円,,,39698.0,7.4986777483944085,増加,2022-04-01,2023-03-31,gen-election-sangiin_20220710_smd_09_1;gen-tokko-2022-tokko_dec;gen-tokko-2022-tokko_march;gen-mlit-release-2023,https://www.e-stat.go.jp/stat-search/file-download?statInfId=000040171702&fileKind=1
09,093611,壬生町,e_kokko_futsuken,6,国庫支出金のうち普通建設事業費支出金(決算),2023-04-01,2024-03-31,2024-03-31,0,決算(年度末),,78649.0,千円,,,33657.0,0.7480663229018493,増加,2023-04-01,2024-03-31,gen-tokko-2023-tokko_dec;gen-tokko-2023-tokko_march,https://www.e-stat.go.jp/stat-search/file-download?statInfId=000040231591&fileKind=1
09,093611,壬生町,e_kokko_futsuken,6,国庫支出金のうち普通建設事業費支出金(決算),2024-04-01,2025-03-31,2025-03-31,0,決算(年度末),,44743.0,千円,,,-33906.0,-0.43110529059492175,減少,2024-04-01,2025-03-31,gen-mlit-release-2024;gen-election-shugiin_20241027_smd_09_4;gen-tokko-2024-tokko_dec;gen-tokko-2024-tokko_march,https://www.e-stat.go.jp/stat-search/file-download?statInfId=000040375638&fileKind=1
09,093611,壬生町,e_kokko_saigai,6,国庫支出金のうち災害復旧事業費支出金(決算),2020-04-01,2021-03-31,2021-03-31,0,決算(年度末),,151328.0,千円,,,,,未取得,,,,https://www.e-stat.go.jp/stat-search/file-download?statInfId=000032188698&fileKind=1
09,093611,壬生町,e_kokko_saigai,6,国庫支出金のうち災害復旧事業費支出金(決算),2021-04-01,2022-03-31,2022-03-31,0,決算(年度末),,7228.0,千円,,,-144100.0,-0.9522362021569042,減少,2021-04-01,2022-03-31,gen-election-shugiin_20211031_smd_09_4;gen-tokko-2021-tokko_dec;gen-tokko-2021-tokko_march;gen-mlit-release-2022,https://www.e-stat.go.jp/stat-search/file-download?statInfId=000040044921&fileKind=1
09,093611,壬生町,e_kokko_saigai,6,国庫支出金のうち災害復旧事業費支出金(決算),2022-04-01,2023-03-31,2023-03-31,0,決算(年度末),,0.0,千円,,,-7228.0,-1.0,減少,2022-04-01,2023-03-31,gen-election-sangiin_20220710_smd_09_1;gen-tokko-2022-tokko_dec;gen-tokko-2022-tokko_march;gen-mlit-release-2023,https://www.e-stat.go.jp/stat-search/file-download?statInfId=000040171702&fileKind=1
09,093611,壬生町,e_kokko_saigai,6,国庫支出金のうち災害復旧事業費支出金(決算),2023-04-01,2024-03-31,2024-03-31,0,決算(年度末),,0.0,千円,,,0.0,,未取得,2023-04-01,2024-03-31,gen-tokko-2023-tokko_dec;gen-tokko-2023-tokko_march,https://www.e-stat.go.jp/stat-search/file-download?statInfId=000040231591&fileKind=1
09,093611,壬生町,e_kokko_saigai,6,国庫支出金のうち災害復旧事業費支出金(決算),2024-04-01,2025-03-31,2025-03-31,0,決算(年度末),,0.0,千円,,,0.0,,未取得,2024-04-01,2025-03-31,gen-mlit-release-2024;gen-election-shugiin_20241027_smd_09_4;gen-tokko-2024-tokko_dec;gen-tokko-2024-tokko_march,https://www.e-stat.go.jp/stat-search/file-download?statInfId=000040375638&fileKind=1
09,093611,壬生町,e_kokko_shasoukou,6,国庫支出金のうち社会資本整備総合交付金(決算),2020-04-01,2021-03-31,2021-03-31,0,決算(年度末),,88881.0,千円,,,,,未取得,,,,https://www.e-stat.go.jp/stat-search/file-download?statInfId=000032188698&fileKind=1
09,093611,壬生町,e_kokko_shasoukou,6,国庫支出金のうち社会資本整備総合交付金(決算),2021-04-01,2022-03-31,2022-03-31,0,決算(年度末),,143945.0,千円,,,55064.0,0.6195249828422272,増加,2021-04-01,2022-03-31,gen-election-shugiin_20211031_smd_09_4;gen-tokko-2021-tokko_dec;gen-tokko-2021-tokko_march;gen-mlit-release-2022,https://www.e-stat.go.jp/stat-search/file-download?statInfId=000040044921&fileKind=1
09,093611,壬生町,e_kokko_shasoukou,6,国庫支出金のうち社会資本整備総合交付金(決算),2022-04-01,2023-03-31,2023-03-31,0,決算(年度末),,296165.0,千円,,,152220.0,1.057487234707701,増加,2022-04-01,2023-03-31,gen-election-sangiin_20220710_smd_09_1;gen-tokko-2022-tokko_dec;gen-tokko-2022-tokko_march;gen-mlit-release-2023,https://www.e-stat.go.jp/stat-search/file-download?statInfId=000040171702&fileKind=1
09,093611,壬生町,e_kokko_shasoukou,6,国庫支出金のうち社会資本整備総合交付金(決算),2023-04-01,2024-03-31,2024-03-31,0,決算(年度末),,267568.0,千円,,,-28597.0,-0.09655766211402428,減少,2023-04-01,2024-03-31,gen-tokko-2023-tokko_dec;gen-tokko-2023-tokko_march,https://www.e-stat.go.jp/stat-search/file-download?statInfId=000040231591&fileKind=1
09,093611,壬生町,e_kokko_shasoukou,6,国庫支出金のうち社会資本整備総合交付金(決算),2024-04-01,2025-03-31,2025-03-31,0,決算(年度末),,208263.0,千円,,,-59305.0,-0.22164459128146863,減少,2024-04-01,2025-03-31,gen-mlit-release-2024;gen-election-shugiin_20241027_smd_09_4;gen-tokko-2024-tokko_dec;gen-tokko-2024-tokko_march,https://www.e-stat.go.jp/stat-search/file-download?statInfId=000040375638&fileKind=1
09,093611,壬生町,e_pref,6,都道府県支出金 計(決算),2020-04-01,2021-03-31,2021-03-31,0,決算(年度末),,1138057.0,千円,,,,,未取得,,,,https://www.e-stat.go.jp/stat-search/file-download?statInfId=000032188698&fileKind=1
09,093611,壬生町,e_pref,6,都道府県支出金 計(決算),2021-04-01,2022-03-31,2022-03-31,0,決算(年度末),,1267407.0,千円,,,129350.0,0.11365863045524081,増加,2021-04-01,2022-03-31,gen-election-shugiin_20211031_smd_09_4;gen-tokko-2021-tokko_dec;gen-tokko-2021-tokko_march;gen-mlit-release-2022,https://www.e-stat.go.jp/stat-search/file-download?statInfId=000040044921&fileKind=1
09,093611,壬生町,e_pref,6,都道府県支出金 計(決算),2022-04-01,2023-03-31,2023-03-31,0,決算(年度末),,1518778.0,千円,,,251371.0,0.19833486796269864,増加,2022-04-01,2023-03-31,gen-election-sangiin_20220710_smd_09_1;gen-tokko-2022-tokko_dec;gen-tokko-2022-tokko_march;gen-mlit-release-2023,https://www.e-stat.go.jp/stat-search/file-download?statInfId=000040171702&fileKind=1
09,093611,壬生町,e_pref,6,都道府県支出金 計(決算),2023-04-01,2024-03-31,2024-03-31,0,決算(年度末),,1269599.0,千円,,,-249179.0,-0.164065452620462,減少,2023-04-01,2024-03-31,gen-tokko-2023-tokko_dec;gen-tokko-2023-tokko_march,https://www.e-stat.go.jp/stat-search/file-download?statInfId=000040231591&fileKind=1
09,093611,壬生町,e_pref,6,都道府県支出金 計(決算),2024-04-01,2025-03-31,2025-03-31,0,決算(年度末),,1426629.0,千円,,,157030.0,0.12368472249899377,増加,2024-04-01,2025-03-31,gen-mlit-release-2024;gen-election-shugiin_20241027_smd_09_4;gen-tokko-2024-tokko_dec;gen-tokko-2024-tokko_march,https://www.e-stat.go.jp/stat-search/file-download?statInfId=000040375638&fileKind=1
09,093611,壬生町,e_futsu,6,普通交付税(決算),2020-04-01,2021-03-31,2021-03-31,0,決算(年度末),,1059861.0,千円,,,,,未取得,,,,https://www.e-stat.go.jp/stat-search/file-download?statInfId=000032188698&fileKind=1
09,093611,壬生町,e_futsu,6,普通交付税(決算),2021-04-01,2022-03-31,2022-03-31,0,決算(年度末),,1510459.0,千円,,,450598.0,0.4251482033964831,増加,2021-04-01,2022-03-31,gen-election-shugiin_20211031_smd_09_4;gen-tokko-2021-tokko_dec;gen-tokko-2021-tokko_march;gen-mlit-release-2022,https://www.e-stat.go.jp/stat-search/file-download?statInfId=000040044921&fileKind=1
09,093611,壬生町,e_futsu,6,普通交付税(決算),2022-04-01,2023-03-31,2023-03-31,0,決算(年度末),,1326945.0,千円,,,-183514.0,-0.12149551891180098,減少,2022-04-01,2023-03-31,gen-election-sangiin_20220710_smd_09_1;gen-tokko-2022-tokko_dec;gen-tokko-2022-tokko_march;gen-mlit-release-2023,https://www.e-stat.go.jp/stat-search/file-download?statInfId=000040171702&fileKind=1
09,093611,壬生町,e_futsu,6,普通交付税(決算),2023-04-01,2024-03-31,2024-03-31,0,決算(年度末),,1308402.0,千円,,,-18543.0,-0.01397420390445723,横ばい,2023-04-01,2024-03-31,gen-tokko-2023-tokko_dec;gen-tokko-2023-tokko_march,https://www.e-stat.go.jp/stat-search/file-download?statInfId=000040231591&fileKind=1
09,093611,壬生町,e_futsu,6,普通交付税(決算),2024-04-01,2025-03-31,2025-03-31,0,決算(年度末),,1587854.0,千円,,,279452.0,0.2135826756608443,増加,2024-04-01,2025-03-31,gen-mlit-release-2024;gen-election-shugiin_20241027_smd_09_4;gen-tokko-2024-tokko_dec;gen-tokko-2024-tokko_march,https://www.e-stat.go.jp/stat-search/file-download?statInfId=000040375638&fileKind=1
09,093611,壬生町,e_tokko,6,特別交付税(決算),2020-04-01,2021-03-31,2021-03-31,0,決算(年度末),,155913.0,千円,,,,,未取得,,,,https://www.e-stat.go.jp/stat-search/file-download?statInfId=000032188698&fileKind=1
09,093611,壬生町,e_tokko,6,特別交付税(決算),2021-04-01,2022-03-31,2022-03-31,0,決算(年度末),,156857.0,千円,,,944.0,0.006054658687857972,横ばい,2021-04-01,2022-03-31,gen-election-shugiin_20211031_smd_09_4;gen-tokko-2021-tokko_dec;gen-tokko-2021-tokko_march;gen-mlit-release-2022,https://www.e-stat.go.jp/stat-search/file-download?statInfId=000040044921&fileKind=1
09,093611,壬生町,e_tokko,6,特別交付税(決算),2022-04-01,2023-03-31,2023-03-31,0,決算(年度末),,167654.0,千円,,,10797.0,0.06883339602312935,増加,2022-04-01,2023-03-31,gen-election-sangiin_20220710_smd_09_1;gen-tokko-2022-tokko_dec;gen-tokko-2022-tokko_march;gen-mlit-release-2023,https://www.e-stat.go.jp/stat-search/file-download?statInfId=000040171702&fileKind=1
09,093611,壬生町,e_tokko,6,特別交付税(決算),2023-04-01,2024-03-31,2024-03-31,0,決算(年度末),,151794.0,千円,,,-15860.0,-0.09459959201689193,減少,2023-04-01,2024-03-31,gen-tokko-2023-tokko_dec;gen-tokko-2023-tokko_march,https://www.e-stat.go.jp/stat-search/file-download?statInfId=000040231591&fileKind=1
09,093611,壬生町,e_tokko,6,特別交付税(決算),2024-04-01,2025-03-31,2025-03-31,0,決算(年度末),,142247.0,千円,,,-9547.0,-0.06289444905595741,減少,2024-04-01,2025-03-31,gen-mlit-release-2024;gen-election-shugiin_20241027_smd_09_4;gen-tokko-2024-tokko_dec;gen-tokko-2024-tokko_march,https://www.e-stat.go.jp/stat-search/file-download?statInfId=000040375638&fileKind=1
09,093611,壬生町,e_road_kokko,7,道路橋りょう費に充当した国庫支出金(決算),2020-04-01,2021-03-31,2021-03-31,0,決算(年度末),,83295.0,千円,,,,,未取得,,,,https://www.e-stat.go.jp/stat-search/file-download?statInfId=000032188710&fileKind=1
09,093611,壬生町,e_road_kokko,7,道路橋りょう費に充当した国庫支出金(決算),2021-04-01,2022-03-31,2022-03-31,0,決算(年度末),,133385.0,千円,,,50090.0,0.6013566240470617,増加,2021-04-01,2022-03-31,gen-election-shugiin_20211031_smd_09_4;gen-tokko-2021-tokko_dec;gen-tokko-2021-tokko_march;gen-mlit-release-2022,https://www.e-stat.go.jp/stat-search/file-download?statInfId=000040044933&fileKind=1
09,093611,壬生町,e_road_kokko,7,道路橋りょう費に充当した国庫支出金(決算),2022-04-01,2023-03-31,2023-03-31,0,決算(年度末),,137894.0,千円,,,4509.0,0.033804400794692054,横ばい,2022-04-01,2023-03-31,gen-election-sangiin_20220710_smd_09_1;gen-tokko-2022-tokko_dec;gen-tokko-2022-tokko_march;gen-mlit-release-2023,https://www.e-stat.go.jp/stat-search/file-download?statInfId=000040171714&fileKind=1
09,093611,壬生町,e_road_kokko,7,道路橋りょう費に充当した国庫支出金(決算),2023-04-01,2024-03-31,2024-03-31,0,決算(年度末),,189063.0,千円,,,51169.0,0.3710748836062483,増加,2023-04-01,2024-03-31,gen-tokko-2023-tokko_dec;gen-tokko-2023-tokko_march,https://www.e-stat.go.jp/stat-search/file-download?statInfId=000040231603&fileKind=1
09,093611,壬生町,e_road_kokko,7,道路橋りょう費に充当した国庫支出金(決算),2024-04-01,2025-03-31,2025-03-31,0,決算(年度末),,122160.0,千円,,,-66903.0,-0.3538661715935958,減少,2024-04-01,2025-03-31,gen-mlit-release-2024;gen-election-shugiin_20241027_smd_09_4;gen-tokko-2024-tokko_dec;gen-tokko-2024-tokko_march,https://www.e-stat.go.jp/stat-search/file-download?statInfId=000040375650&fileKind=1
09,093611,壬生町,e_hojo_road_kokko,8,補助事業費(道路・橋りょう)の国庫支出金(決算),2020-04-01,2021-03-31,2021-03-31,0,決算(年度末),,83295.0,千円,,,,,未取得,,,,https://www.e-stat.go.jp/stat-search/file-download?statInfId=000032188732&fileKind=1
09,093611,壬生町,e_hojo_road_kokko,8,補助事業費(道路・橋りょう)の国庫支出金(決算),2021-04-01,2022-03-31,2022-03-31,0,決算(年度末),,133374.0,千円,,,50079.0,0.6012245632991176,増加,2021-04-01,2022-03-31,gen-election-shugiin_20211031_smd_09_4;gen-tokko-2021-tokko_dec;gen-tokko-2021-tokko_march;gen-mlit-release-2022,https://www.e-stat.go.jp/stat-search/file-download?statInfId=000040044955&fileKind=1
09,093611,壬生町,e_hojo_road_kokko,8,補助事業費(道路・橋りょう)の国庫支出金(決算),2022-04-01,2023-03-31,2023-03-31,0,決算(年度末),,137894.0,千円,,,4520.0,0.03388966365258596,横ばい,2022-04-01,2023-03-31,gen-election-sangiin_20220710_smd_09_1;gen-tokko-2022-tokko_dec;gen-tokko-2022-tokko_march;gen-mlit-release-2023,https://www.e-stat.go.jp/stat-search/file-download?statInfId=000040171736&fileKind=1
09,093611,壬生町,e_hojo_road_kokko,8,補助事業費(道路・橋りょう)の国庫支出金(決算),2023-04-01,2024-03-31,2024-03-31,0,決算(年度末),,155238.0,千円,,,17344.0,0.12577777133160253,増加,2023-04-01,2024-03-31,gen-tokko-2023-tokko_dec;gen-tokko-2023-tokko_march,https://www.e-stat.go.jp/stat-search/file-download?statInfId=000040231625&fileKind=1
09,093611,壬生町,e_hojo_road_kokko,8,補助事業費(道路・橋りょう)の国庫支出金(決算),2024-04-01,2025-03-31,2025-03-31,0,決算(年度末),,122160.0,千円,,,-33078.0,-0.2130792718277741,減少,2024-04-01,2025-03-31,gen-mlit-release-2024;gen-election-shugiin_20241027_smd_09_4;gen-tokko-2024-tokko_dec;gen-tokko-2024-tokko_march,https://www.e-stat.go.jp/stat-search/file-download?statInfId=000040375672&fileKind=1
09,093611,壬生町,futsu_decided,9,普通交付税 当初決定額,2021-04-01,2022-03-31,2021-08-03,0,当初決定日(算定結果の報道資料の日付),2021-08-03,1260633.0,千円,,,,,未取得,,,,https://www.soumu.go.jp/main_content/000761570.xlsx
09,093611,壬生町,futsu_decided,9,普通交付税 当初決定額,2022-04-01,2023-03-31,2022-07-26,0,当初決定日(算定結果の報道資料の日付),2022-07-26,1240977.0,千円,,,-19656.0,-0.015592166792397152,横ばい,2021-08-04,2022-07-26,gen-election-shugiin_20211031_smd_09_4;gen-tokko-2021-tokko_dec;gen-tokko-2021-tokko_march;gen-mlit-release-2022;gen-election-sangiin_20220710_smd_09_1,https://www.soumu.go.jp/main_content/000762090.xlsx
09,093611,壬生町,futsu_decided,9,普通交付税 当初決定額,2023-04-01,2024-03-31,2023-07-28,0,当初決定日(算定結果の報道資料の日付),2023-07-28,1215227.0,千円,,,-25750.0,-0.02074978021349308,横ばい,2022-07-27,2023-07-28,gen-tokko-2022-tokko_dec;gen-tokko-2022-tokko_march;gen-mlit-release-2023,https://www.soumu.go.jp/main_content/000894237.xlsx
09,093611,壬生町,futsu_decided,9,普通交付税 当初決定額,2024-04-01,2025-03-31,2024-07-23,0,当初決定日(算定結果の報道資料の日付),2024-07-23,1400856.0,千円,,,185629.0,0.15275253100860992,増加,2023-07-29,2024-07-23,gen-tokko-2023-tokko_dec;gen-tokko-2023-tokko_march;gen-mlit-release-2024,https://www.soumu.go.jp/main_content/000958553.xlsx
09,093611,壬生町,futsu_decided,9,普通交付税 当初決定額,2025-04-01,2026-03-31,2025-07-29,0,当初決定日(算定結果の報道資料の日付),2025-07-29,2050007.0,千円,,,649151.0,0.46339595218923285,増加,2024-07-24,2025-07-29,gen-election-shugiin_20241027_smd_09_4;gen-tokko-2024-tokko_dec;gen-tokko-2024-tokko_march;gen-mlit-release-2025;gen-election-sangiin_20250720_smd_09_1,https://www.soumu.go.jp/main_content/001022466.xlsx
09,093611,壬生町,futsu_decided,9,普通交付税 当初決定額,2026-04-01,2027-03-31,2026-07-24,0,当初決定日(算定結果の報道資料の日付),2026-07-24,1809609.0,千円,,,-240398.0,-0.11726691664955291,減少,2025-07-30,2026-07-24,gen-tokko-2025-tokko_dec;gen-election-shugiin_20260208_smd_09_4;gen-cabinet-2026-02-18;gen-position-motegi_toshimitsu-外務大臣-2026-02-18;gen-tokko-2025-tokko_march;gen-mlit-release-2026,https://www.soumu.go.jp/main_content/001083404.xlsx
09,093611,壬生町,kofu_total,10,国交省 交付決定額 計(年度合計),2017-04-01,2018-03-31,2018-03-31,1,年度内で最後の交付決定日(交付決定がない年度は年度末)。値は年度合計(変更減額を含む),,297025.0,千円,,,,,未取得,,,,https://www.mlit.go.jp/common/001210869.xlsx
09,093611,壬生町,kofu_total,10,国交省 交付決定額 計(年度合計),2018-04-01,2019-03-31,2018-09-03,1,年度内で最後の交付決定日(交付決定がない年度は年度末)。値は年度合計(変更減額を含む),,258431.0,千円,,,-38594.0,-0.12993519064051848,減少,2018-04-01,2018-09-03,,https://www.mlit.go.jp/common/001260907.xlsx
09,093611,壬生町,kofu_total,10,国交省 交付決定額 計(年度合計),2019-04-01,2020-03-31,2020-02-18,1,年度内で最後の交付決定日(交付決定がない年度は年度末)。値は年度合計(変更減額を含む),,462708.0,千円,,,204277.0,0.7904508360065162,増加,2018-09-04,2020-02-18,,https://www.mlit.go.jp/common/001316172.xlsx
09,093611,壬生町,kofu_total,10,国交省 交付決定額 計(年度合計),2020-04-01,2021-03-31,2021-03-31,1,年度内で最後の交付決定日(交付決定がない年度は年度末)。値は年度合計(変更減額を含む),,407226.0,千円,,,-55482.0,-0.11990715526854949,減少,2020-02-19,2021-03-31,gen-tokko-2020-tokko_dec;gen-tokko-2020-tokko_march;gen-mlit-release-2021,https://www.mlit.go.jp/common/001371589.xlsx
09,093611,壬生町,kofu_total,10,国交省 交付決定額 計(年度合計),2021-04-01,2022-03-31,2021-07-15,1,年度内で最後の交付決定日(交付決定がない年度は年度末)。値は年度合計(変更減額を含む),,305449.0,千円,,,-101777.0,-0.24992755865293473,減少,2021-04-01,2021-07-15,,https://www.mlit.go.jp/common/001579048.xlsx
09,093611,壬生町,kofu_total,10,国交省 交付決定額 計(年度合計),2022-04-01,2023-03-31,2023-02-01,1,年度内で最後の交付決定日(交付決定がない年度は年度末)。値は年度合計(変更減額を含む),,635824.0,千円,,,330375.0,1.0816044576999762,増加,2021-07-16,2023-02-01,gen-election-shugiin_20211031_smd_09_4;gen-tokko-2021-tokko_dec;gen-tokko-2021-tokko_march;gen-mlit-release-2022;gen-election-sangiin_20220710_smd_09_1;gen-tokko-2022-tokko_dec,https://www.mlit.go.jp/common/001426891.xlsx
09,093611,壬生町,kofu_total,10,国交省 交付決定額 計(年度合計),2023-04-01,2024-03-31,2024-03-08,1,年度内で最後の交付決定日(交付決定がない年度は年度末)。値は年度合計(変更減額を含む),,675485.0,千円,,,39661.0,0.06237732454264073,増加,2023-02-02,2024-03-08,gen-tokko-2022-tokko_march;gen-mlit-release-2023;gen-tokko-2023-tokko_dec,https://www.mlit.go.jp/page/content/001749355.xlsx
09,093611,壬生町,kofu_total,10,国交省 交付決定額 計(年度合計),2024-04-01,2025-03-31,2025-03-11,1,年度内で最後の交付決定日(交付決定がない年度は年度末)。値は年度合計(変更減額を含む),,855345.0,千円,,,179860.0,0.2662679408128974,増加,2024-03-09,2025-03-11,gen-tokko-2023-tokko_march;gen-mlit-release-2024;gen-election-shugiin_20241027_smd_09_4;gen-tokko-2024-tokko_dec,https://www.mlit.go.jp/page/content/001889200.xlsx
09,093611,壬生町,kofu_total,10,国交省 交付決定額 計(年度合計),2025-04-01,2026-03-31,2026-03-26,1,年度内で最後の交付決定日(交付決定がない年度は年度末)。値は年度合計(変更減額を含む),,1110386.0,千円,,,255041.0,0.2981732517288346,増加,2025-03-12,2026-03-26,gen-tokko-2024-tokko_march;gen-mlit-release-2025;gen-election-sangiin_20250720_smd_09_1;gen-tokko-2025-tokko_dec;gen-election-shugiin_20260208_smd_09_4;gen-cabinet-2026-02-18;gen-position-motegi_toshimitsu-外務大臣-2026-02-18;gen-tokko-2025-tokko_march,https://www.mlit.go.jp/page/content/001968987.xlsx
09,093611,壬生町,kofu_shasoukou,10,国交省 交付決定額 社会資本整備総合交付金,2017-04-01,2018-03-31,2018-03-31,1,年度内で最後の交付決定日(交付決定がない年度は年度末)。値は年度合計(変更減額を含む),,297025.0,千円,,,,,未取得,,,,https://www.mlit.go.jp/common/001306061.xlsx
09,093611,壬生町,kofu_shasoukou,10,国交省 交付決定額 社会資本整備総合交付金,2018-04-01,2019-03-31,2018-09-03,1,年度内で最後の交付決定日(交付決定がない年度は年度末)。値は年度合計(変更減額を含む),,258431.0,千円,,,-38594.0,-0.12993519064051848,減少,2018-04-01,2018-09-03,,https://www.mlit.go.jp/common/001288716.xlsx
09,093611,壬生町,kofu_shasoukou,10,国交省 交付決定額 社会資本整備総合交付金,2019-04-01,2020-03-31,2020-03-31,1,年度内で最後の交付決定日(交付決定がない年度は年度末)。値は年度合計(変更減額を含む),,397524.0,千円,,,139093.0,0.5382210338542976,増加,2018-09-04,2020-03-31,,https://www.mlit.go.jp/common/001316186.xlsx
09,093611,壬生町,kofu_shasoukou,10,国交省 交付決定額 社会資本整備総合交付金,2020-04-01,2021-03-31,2021-03-31,1,年度内で最後の交付決定日(交付決定がない年度は年度末)。値は年度合計(変更減額を含む),,403131.0,千円,,,5607.0,0.01410480876626317,横ばい,2020-04-01,2021-03-31,gen-tokko-2020-tokko_dec;gen-tokko-2020-tokko_march;gen-mlit-release-2021,https://www.mlit.go.jp/common/001371606.xlsx
09,093611,壬生町,kofu_shasoukou,10,国交省 交付決定額 社会資本整備総合交付金,2021-04-01,2022-03-31,2022-03-31,1,年度内で最後の交付決定日(交付決定がない年度は年度末)。値は年度合計(変更減額を含む),,300155.0,千円,,,-102976.0,-0.2554405391795719,減少,2021-04-01,2022-03-31,gen-election-shugiin_20211031_smd_09_4;gen-tokko-2021-tokko_dec;gen-tokko-2021-tokko_march;gen-mlit-release-2022,https://www.mlit.go.jp/common/001579064.xlsx
09,093611,壬生町,kofu_shasoukou,10,国交省 交付決定額 社会資本整備総合交付金,2022-04-01,2023-03-31,2023-03-31,1,年度内で最後の交付決定日(交付決定がない年度は年度末)。値は年度合計(変更減額を含む),,225606.0,千円,,,-74549.0,-0.24836834302277158,減少,2022-04-01,2023-03-31,gen-election-sangiin_20220710_smd_09_1;gen-tokko-2022-tokko_dec;gen-tokko-2022-tokko_march;gen-mlit-release-2023,https://www.mlit.go.jp/common/001426909.xlsx
09,093611,壬生町,kofu_shasoukou,10,国交省 交付決定額 社会資本整備総合交付金,2023-04-01,2024-03-31,2023-06-20,1,年度内で最後の交付決定日(交付決定がない年度は年度末)。値は年度合計(変更減額を含む),,134826.0,千円,,,-90780.0,-0.4023829153479961,減少,2023-04-01,2023-06-20,,https://www.mlit.go.jp/page/content/001708175.xlsx
09,093611,壬生町,kofu_shasoukou,10,国交省 交付決定額 社会資本整備総合交付金,2024-04-01,2025-03-31,2025-02-18,1,年度内で最後の交付決定日(交付決定がない年度は年度末)。値は年度合計(変更減額を含む),,124005.0,千円,,,-10821.0,-0.08025900048951982,減少,2023-06-21,2025-02-18,gen-tokko-2023-tokko_dec;gen-tokko-2023-tokko_march;gen-mlit-release-2024;gen-election-shugiin_20241027_smd_09_4;gen-tokko-2024-tokko_dec,https://www.mlit.go.jp/page/content/001842591.xlsx
09,093611,壬生町,kofu_shasoukou,10,国交省 交付決定額 社会資本整備総合交付金,2025-04-01,2026-03-31,2026-03-26,1,年度内で最後の交付決定日(交付決定がない年度は年度末)。値は年度合計(変更減額を含む),,224964.0,千円,,,100959.0,0.8141526551348736,増加,2025-02-19,2026-03-26,gen-tokko-2024-tokko_march;gen-mlit-release-2025;gen-election-sangiin_20250720_smd_09_1;gen-tokko-2025-tokko_dec;gen-election-shugiin_20260208_smd_09_4;gen-cabinet-2026-02-18;gen-position-motegi_toshimitsu-外務大臣-2026-02-18;gen-tokko-2025-tokko_march,https://www.mlit.go.jp/page/content/001969014.xlsx
09,093611,壬生町,kofu_bouan,10,国交省 交付決定額 防災・安全交付金,2017-04-01,2018-03-31,2018-03-31,1,年度内で最後の交付決定日(交付決定がない年度は年度末)。値は年度合計(変更減額を含む),,249025.0,千円,,,,,未取得,,,,https://www.mlit.go.jp/common/001306061.xlsx
09,093611,壬生町,kofu_bouan,10,国交省 交付決定額 防災・安全交付金,2018-04-01,2019-03-31,2018-09-03,1,年度内で最後の交付決定日(交付決定がない年度は年度末)。値は年度合計(変更減額を含む),,220976.0,千円,,,-28049.0,-0.11263527758257202,減少,2018-04-01,2018-09-03,,https://www.mlit.go.jp/common/001288716.xlsx
09,093611,壬生町,kofu_bouan,10,国交省 交付決定額 防災・安全交付金,2019-04-01,2020-03-31,2020-03-31,1,年度内で最後の交付決定日(交付決定がない年度は年度末)。値は年度合計(変更減額を含む),,366899.0,千円,,,145923.0,0.6603567808268771,増加,2018-09-04,2020-03-31,,https://www.mlit.go.jp/common/001316186.xlsx
09,093611,壬生町,kofu_bouan,10,国交省 交付決定額 防災・安全交付金,2020-04-01,2021-03-31,2021-03-31,1,年度内で最後の交付決定日(交付決定がない年度は年度末)。値は年度合計(変更減額を含む),,339320.0,千円,,,-27579.0,-0.0751678254778563,減少,2020-04-01,2021-03-31,gen-tokko-2020-tokko_dec;gen-tokko-2020-tokko_march;gen-mlit-release-2021,https://www.mlit.go.jp/common/001371606.xlsx
09,093611,壬生町,kofu_bouan,10,国交省 交付決定額 防災・安全交付金,2021-04-01,2022-03-31,2022-03-31,1,年度内で最後の交付決定日(交付決定がない年度は年度末)。値は年度合計(変更減額を含む),,215245.0,千円,,,-124075.0,-0.3656577861605564,減少,2021-04-01,2022-03-31,gen-election-shugiin_20211031_smd_09_4;gen-tokko-2021-tokko_dec;gen-tokko-2021-tokko_march;gen-mlit-release-2022,https://www.mlit.go.jp/common/001579064.xlsx
09,093611,壬生町,kofu_bouan,10,国交省 交付決定額 防災・安全交付金,2022-04-01,2023-03-31,2023-03-31,1,年度内で最後の交付決定日(交付決定がない年度は年度末)。値は年度合計(変更減額を含む),,399846.0,千円,,,184601.0,0.857632000743339,増加,2022-04-01,2023-03-31,gen-election-sangiin_20220710_smd_09_1;gen-tokko-2022-tokko_dec;gen-tokko-2022-tokko_march;gen-mlit-release-2023,https://www.mlit.go.jp/common/001426909.xlsx
09,093611,壬生町,kofu_bouan,10,国交省 交付決定額 防災・安全交付金,2023-04-01,2024-03-31,2023-08-18,1,年度内で最後の交付決定日(交付決定がない年度は年度末)。値は年度合計(変更減額を含む),,536056.0,千円,,,136210.0,0.3406561526187582,増加,2023-04-01,2023-08-18,,https://www.mlit.go.jp/page/content/001708175.xlsx
09,093611,壬生町,kofu_bouan,10,国交省 交付決定額 防災・安全交付金,2024-04-01,2025-03-31,2025-03-11,1,年度内で最後の交付決定日(交付決定がない年度は年度末)。値は年度合計(変更減額を含む),,708337.0,千円,,,172281.0,0.32138619845687766,増加,2023-08-19,2025-03-11,gen-tokko-2023-tokko_dec;gen-tokko-2023-tokko_march;gen-mlit-release-2024;gen-election-shugiin_20241027_smd_09_4;gen-tokko-2024-tokko_dec,https://www.mlit.go.jp/page/content/001842591.xlsx
09,093611,壬生町,kofu_bouan,10,国交省 交付決定額 防災・安全交付金,2025-04-01,2026-03-31,2026-03-09,1,年度内で最後の交付決定日(交付決定がない年度は年度末)。値は年度合計(変更減額を含む),,802372.0,千円,,,94035.0,0.1327546069173289,増加,2025-03-12,2026-03-09,gen-tokko-2024-tokko_march;gen-mlit-release-2025;gen-election-sangiin_20250720_smd_09_1;gen-tokko-2025-tokko_dec;gen-election-shugiin_20260208_smd_09_4;gen-cabinet-2026-02-18;gen-position-motegi_toshimitsu-外務大臣-2026-02-18,https://www.mlit.go.jp/page/content/001969014.xlsx
09,093611,壬生町,kofu_road,10,国交省 交付決定額 道路関係の補助,2017-04-01,2018-03-31,2018-03-31,1,年度内で最後の交付決定日(交付決定がない年度は年度末)。値は年度合計(変更減額を含む),,0.0,千円,,,,,未取得,,,,https://www.mlit.go.jp/common/001234557.xlsx
09,093611,壬生町,kofu_road,10,国交省 交付決定額 道路関係の補助,2018-04-01,2019-03-31,2019-03-31,1,年度内で最後の交付決定日(交付決定がない年度は年度末)。値は年度合計(変更減額を含む),,0.0,千円,,,0.0,,未取得,2018-04-01,2019-03-31,,https://www.mlit.go.jp/common/001260897.xlsx
09,093611,壬生町,kofu_road,10,国交省 交付決定額 道路関係の補助,2019-04-01,2020-03-31,2020-03-31,1,年度内で最後の交付決定日(交付決定がない年度は年度末)。値は年度合計(変更減額を含む),,0.0,千円,,,0.0,,未取得,2019-04-01,2020-03-31,,https://www.mlit.go.jp/common/001316175.xlsx
09,093611,壬生町,kofu_road,10,国交省 交付決定額 道路関係の補助,2020-04-01,2021-03-31,2021-03-31,1,年度内で最後の交付決定日(交付決定がない年度は年度末)。値は年度合計(変更減額を含む),,4095.0,千円,,,4095.0,,未取得,2020-04-01,2021-03-31,gen-tokko-2020-tokko_dec;gen-tokko-2020-tokko_march;gen-mlit-release-2021,https://www.mlit.go.jp/common/001371629.xlsx
09,093611,壬生町,kofu_road,10,国交省 交付決定額 道路関係の補助,2021-04-01,2022-03-31,2021-04-28,1,年度内で最後の交付決定日(交付決定がない年度は年度末)。値は年度合計(変更減額を含む),,4294.0,千円,,,199.0,0.0485958485958486,横ばい,2021-04-01,2021-04-28,,https://www.mlit.go.jp/common/001579051.xlsx
09,093611,壬生町,kofu_road,10,国交省 交付決定額 道路関係の補助,2022-04-01,2023-03-31,2022-06-17,1,年度内で最後の交付決定日(交付決定がない年度は年度末)。値は年度合計(変更減額を含む),,9909.0,千円,,,5615.0,1.307638565440149,増加,2021-04-29,2022-06-17,gen-election-shugiin_20211031_smd_09_4;gen-tokko-2021-tokko_dec;gen-tokko-2021-tokko_march;gen-mlit-release-2022,https://www.mlit.go.jp/common/001426897.xlsx
09,093611,壬生町,kofu_road,10,国交省 交付決定額 道路関係の補助,2023-04-01,2024-03-31,2023-06-16,1,年度内で最後の交付決定日(交付決定がない年度は年度末)。値は年度合計(変更減額を含む),,3658.0,千円,,,-6251.0,-0.6308406499142194,減少,2022-06-18,2023-06-16,gen-election-sangiin_20220710_smd_09_1;gen-tokko-2022-tokko_dec;gen-tokko-2022-tokko_march;gen-mlit-release-2023,https://www.mlit.go.jp/page/content/001708164.xlsx
09,093611,壬生町,kofu_road,10,国交省 交付決定額 道路関係の補助,2024-04-01,2025-03-31,2025-01-10,1,年度内で最後の交付決定日(交付決定がない年度は年度末)。値は年度合計(変更減額を含む),,22003.0,千円,,,18345.0,5.0150355385456535,増加,2023-06-17,2025-01-10,gen-tokko-2023-tokko_dec;gen-tokko-2023-tokko_march;gen-mlit-release-2024;gen-election-shugiin_20241027_smd_09_4;gen-tokko-2024-tokko_dec,https://www.mlit.go.jp/page/content/001889202.xlsx
09,093611,壬生町,kofu_road,10,国交省 交付決定額 道路関係の補助,2025-04-01,2026-03-31,2025-10-03,1,年度内で最後の交付決定日(交付決定がない年度は年度末)。値は年度合計(変更減額を含む),,67050.0,千円,,,45047.0,2.0473117302186066,増加,2025-01-11,2025-10-03,gen-tokko-2024-tokko_march;gen-mlit-release-2025;gen-election-sangiin_20250720_smd_09_1,https://www.mlit.go.jp/page/content/001969000.xlsx
09,093645,野木町,card_kokko,1,国庫支出金(決算),2020-04-01,2021-03-31,2021-03-31,0,決算(年度末),,4014274.0,千円,,,,,未取得,,,,https://www.soumu.go.jp/main_content/000804135.xlsx
09,093645,野木町,card_kokko,1,国庫支出金(決算),2021-04-01,2022-03-31,2022-03-31,0,決算(年度末),,1990008.0,千円,,,-2024266.0,-0.5042670231279679,減少,2021-04-01,2022-03-31,gen-election-shugiin_20211031_smd_09_4;gen-tokko-2021-tokko_dec;gen-tokko-2021-tokko_march;gen-mlit-release-2022,https://www.soumu.go.jp/main_content/000873399.xlsx
09,093645,野木町,card_kokko,1,国庫支出金(決算),2022-04-01,2023-03-31,2023-03-31,0,決算(年度末),,1660650.0,千円,,,-329358.0,-0.16550586731309622,減少,2022-04-01,2023-03-31,gen-election-sangiin_20220710_smd_09_1;gen-tokko-2022-tokko_dec;gen-tokko-2022-tokko_march;gen-mlit-release-2023,https://www.soumu.go.jp/main_content/000937050.xlsx
09,093645,野木町,card_kokko,1,国庫支出金(決算),2023-04-01,2024-03-31,2024-03-31,0,決算(年度末),,1568165.0,千円,,,-92485.0,-0.05569204829434258,減少,2023-04-01,2024-03-31,gen-tokko-2023-tokko_dec;gen-tokko-2023-tokko_march,https://www.soumu.go.jp/main_content/000998938.xlsx
09,093645,野木町,card_kokko,1,国庫支出金(決算),2024-04-01,2025-03-31,2025-03-31,0,決算(年度末),,1609205.0,千円,,,41040.0,0.0261707154540498,横ばい,2024-04-01,2025-03-31,gen-mlit-release-2024;gen-election-shugiin_20241027_smd_09_4;gen-tokko-2024-tokko_dec;gen-tokko-2024-tokko_march,https://www.soumu.go.jp/main_content/001063963.xlsx
09,093645,野木町,card_pref,2,県支出金(決算),2020-04-01,2021-03-31,2021-03-31,0,決算(年度末),,665940.0,千円,,,,,未取得,,,,https://www.soumu.go.jp/main_content/000804135.xlsx
09,093645,野木町,card_pref,2,県支出金(決算),2021-04-01,2022-03-31,2022-03-31,0,決算(年度末),,679269.0,千円,,,13329.0,0.020015316695197766,横ばい,2021-04-01,2022-03-31,gen-election-shugiin_20211031_smd_09_4;gen-tokko-2021-tokko_dec;gen-tokko-2021-tokko_march;gen-mlit-release-2022,https://www.soumu.go.jp/main_content/000873399.xlsx
09,093645,野木町,card_pref,2,県支出金(決算),2022-04-01,2023-03-31,2023-03-31,0,決算(年度末),,710387.0,千円,,,31118.0,0.04581101154329139,横ばい,2022-04-01,2023-03-31,gen-election-sangiin_20220710_smd_09_1;gen-tokko-2022-tokko_dec;gen-tokko-2022-tokko_march;gen-mlit-release-2023,https://www.soumu.go.jp/main_content/000937050.xlsx
09,093645,野木町,card_pref,2,県支出金(決算),2023-04-01,2024-03-31,2024-03-31,0,決算(年度末),,771812.0,千円,,,61425.0,0.08646695392792943,増加,2023-04-01,2024-03-31,gen-tokko-2023-tokko_dec;gen-tokko-2023-tokko_march,https://www.soumu.go.jp/main_content/000998938.xlsx
09,093645,野木町,card_pref,2,県支出金(決算),2024-04-01,2025-03-31,2025-03-31,0,決算(年度末),,812234.0,千円,,,40422.0,0.05237285763890688,増加,2024-04-01,2025-03-31,gen-mlit-release-2024;gen-election-shugiin_20241027_smd_09_4;gen-tokko-2024-tokko_dec;gen-tokko-2024-tokko_march,https://www.soumu.go.jp/main_content/001063963.xlsx
09,093645,野木町,tokko_dec,3a,特別交付税 12月分,2020-04-01,2021-03-31,2020-12-08,0,交付決定日(報道発表),2020-12-08,,千円,,報道発表に町村の個別額なし(都道府県計のみ),,,未取得,,,,https://www.soumu.go.jp/main_content/000721607.pdf
09,093645,野木町,tokko_dec,3a,特別交付税 12月分,2021-04-01,2022-03-31,2021-12-03,0,交付決定日(報道発表),2021-12-03,,千円,,報道発表に町村の個別額なし(都道府県計のみ),,,未取得,2020-12-09,2021-12-03,gen-tokko-2020-tokko_march;gen-mlit-release-2021;gen-election-shugiin_20211031_smd_09_4;gen-tokko-2021-tokko_dec,https://www.soumu.go.jp/main_content/000780948.pdf
09,093645,野木町,tokko_dec,3a,特別交付税 12月分,2022-04-01,2023-03-31,2022-12-13,0,交付決定日(報道発表),2022-12-13,,千円,,報道発表に町村の個別額なし(都道府県計のみ),,,未取得,2021-12-04,2022-12-13,gen-tokko-2021-tokko_march;gen-mlit-release-2022;gen-election-sangiin_20220710_smd_09_1;gen-tokko-2022-tokko_dec,https://www.soumu.go.jp/main_content/000850537.pdf
09,093645,野木町,tokko_dec,3a,特別交付税 12月分,2023-04-01,2024-03-31,2023-12-12,0,交付決定日(報道発表),2023-12-12,,千円,,報道発表に町村の個別額なし(都道府県計のみ),,,未取得,2022-12-14,2023-12-12,gen-tokko-2022-tokko_march;gen-mlit-release-2023;gen-tokko-2023-tokko_dec,https://www.soumu.go.jp/main_content/000916643.pdf
09,093645,野木町,tokko_dec,3a,特別交付税 12月分,2024-04-01,2025-03-31,2024-12-20,0,交付決定日(報道発表),2024-12-20,,千円,,報道発表に町村の個別額なし(都道府県計のみ),,,未取得,2023-12-13,2024-12-20,gen-tokko-2023-tokko_march;gen-mlit-release-2024;gen-election-shugiin_20241027_smd_09_4;gen-tokko-2024-tokko_dec,https://www.soumu.go.jp/main_content/000983129.pdf
09,093645,野木町,tokko_dec,3a,特別交付税 12月分,2025-04-01,2026-03-31,2025-12-19,0,交付決定日(報道発表),2025-12-19,,千円,,報道発表に町村の個別額なし(都道府県計のみ),,,未取得,2024-12-21,2025-12-19,gen-tokko-2024-tokko_march;gen-mlit-release-2025;gen-election-sangiin_20250720_smd_09_1;gen-tokko-2025-tokko_dec,https://www.soumu.go.jp/main_content/001046667.pdf
09,093645,野木町,tokko_march,3b,特別交付税 3月分,2020-04-01,2021-03-31,2021-03-19,0,交付決定日(報道発表),2021-03-19,,千円,,報道発表に町村の個別額なし(都道府県計のみ),,,未取得,,,,https://www.soumu.go.jp/main_content/000738961.pdf
09,093645,野木町,tokko_march,3b,特別交付税 3月分,2021-04-01,2022-03-31,2022-03-18,0,交付決定日(報道発表),2022-03-18,,千円,,報道発表に町村の個別額なし(都道府県計のみ),,,未取得,2021-03-20,2022-03-18,gen-mlit-release-2021;gen-election-shugiin_20211031_smd_09_4;gen-tokko-2021-tokko_dec;gen-tokko-2021-tokko_march,https://www.soumu.go.jp/main_content/000799619.pdf
09,093645,野木町,tokko_march,3b,特別交付税 3月分,2022-04-01,2023-03-31,2023-03-22,0,交付決定日(報道発表),2023-03-22,,千円,,報道発表に町村の個別額なし(都道府県計のみ),,,未取得,2022-03-19,2023-03-22,gen-mlit-release-2022;gen-election-sangiin_20220710_smd_09_1;gen-tokko-2022-tokko_dec;gen-tokko-2022-tokko_march,https://www.soumu.go.jp/main_content/000869990.pdf
09,093645,野木町,tokko_march,3b,特別交付税 3月分,2023-04-01,2024-03-31,2024-03-22,0,交付決定日(報道発表),2024-03-22,,千円,,報道発表に町村の個別額なし(都道府県計のみ),,,未取得,2023-03-23,2024-03-22,gen-mlit-release-2023;gen-tokko-2023-tokko_dec;gen-tokko-2023-tokko_march,https://www.soumu.go.jp/main_content/000997045.pdf
09,093645,野木町,tokko_march,3b,特別交付税 3月分,2024-04-01,2025-03-31,2025-03-21,0,交付決定日(報道発表),2025-03-21,,千円,,報道発表に町村の個別額なし(都道府県計のみ),,,未取得,2024-03-23,2025-03-21,gen-mlit-release-2024;gen-election-shugiin_20241027_smd_09_4;gen-tokko-2024-tokko_dec;gen-tokko-2024-tokko_march,https://www.soumu.go.jp/main_content/000998441.pdf
09,093645,野木町,tokko_march,3b,特別交付税 3月分,2025-04-01,2026-03-31,2026-03-17,0,交付決定日(報道発表),2026-03-17,,千円,,報道発表に町村の個別額なし(都道府県計のみ),,,未取得,2025-03-22,2026-03-17,gen-mlit-release-2025;gen-election-sangiin_20250720_smd_09_1;gen-tokko-2025-tokko_dec;gen-election-shugiin_20260208_smd_09_4;gen-cabinet-2026-02-18;gen-position-motegi_toshimitsu-外務大臣-2026-02-18;gen-tokko-2025-tokko_march,https://www.soumu.go.jp/main_content/001061260.pdf
09,093645,野木町,mlit_sole_grants,4,社総交・防安交 単独策定主体の国費,2021-04-01,2022-03-31,2021-03-30,1,当初配分の報道発表日を代用(交付決定日は未公表),2021-03-30,0.0,千円,0,,,,未取得,,,,https://www.mlit.go.jp/common/001396522.pdf
09,093645,野木町,mlit_sole_grants,4,社総交・防安交 単独策定主体の国費,2022-04-01,2023-03-31,2022-03-25,1,当初配分の報道発表日を代用(交付決定日は未公表),2022-03-25,0.0,千円,0,,0.0,,未取得,2021-03-31,2022-03-25,gen-election-shugiin_20211031_smd_09_4;gen-tokko-2021-tokko_dec;gen-tokko-2021-tokko_march;gen-mlit-release-2022,https://www.mlit.go.jp/page/content/001472731.pdf
09,093645,野木町,mlit_sole_grants,4,社総交・防安交 単独策定主体の国費,2023-04-01,2024-03-31,2023-03-31,1,当初配分の報道発表日を代用(交付決定日は未公表),2023-03-31,0.0,千円,0,,0.0,,未取得,2022-03-26,2023-03-31,gen-election-sangiin_20220710_smd_09_1;gen-tokko-2022-tokko_dec;gen-tokko-2022-tokko_march;gen-mlit-release-2023,https://www.mlit.go.jp/page/content/001596924.pdf
09,093645,野木町,mlit_sole_grants,4,社総交・防安交 単独策定主体の国費,2024-04-01,2025-03-31,2024-04-01,1,当初配分の報道発表日を代用(交付決定日は未公表),2024-04-01,0.0,千円,0,,0.0,,未取得,2023-04-01,2024-04-01,gen-tokko-2023-tokko_dec;gen-tokko-2023-tokko_march;gen-mlit-release-2024,https://www.mlit.go.jp/page/content/001735005.pdf
09,093645,野木町,mlit_sole_grants,4,社総交・防安交 単独策定主体の国費,2025-04-01,2026-03-31,2025-04-01,1,当初配分の報道発表日を代用(交付決定日は未公表),2025-04-01,0.0,千円,0,,0.0,,未取得,2024-04-02,2025-04-01,gen-election-shugiin_20241027_smd_09_4;gen-tokko-2024-tokko_dec;gen-tokko-2024-tokko_march;gen-mlit-release-2025,https://www.mlit.go.jp/page/content/001879738.pdf
09,093645,野木町,mlit_sole_grants,4,社総交・防安交 単独策定主体の国費,2026-04-01,2027-03-31,2026-04-07,1,当初配分の報道発表日を代用(交付決定日は未公表),2026-04-07,0.0,千円,0,,0.0,,未取得,2025-04-02,2026-04-07,gen-election-sangiin_20250720_smd_09_1;gen-tokko-2025-tokko_dec;gen-election-shugiin_20260208_smd_09_4;gen-cabinet-2026-02-18;gen-position-motegi_toshimitsu-外務大臣-2026-02-18;gen-tokko-2025-tokko_march;gen-mlit-release-2026,https://www.mlit.go.jp/page/content/001994561.pdf
09,093645,野木町,mlit_road,5,道路局箇所表 事業主体=当該市町の国費,2021-04-01,2022-03-31,2021-03-30,1,当初配分の報道発表日を代用(交付決定日は未公表),2021-03-30,4000.0,千円,1,,,,未取得,,,,https://www.mlit.go.jp/common/001396522.pdf
09,093645,野木町,mlit_road,5,道路局箇所表 事業主体=当該市町の国費,2022-04-01,2023-03-31,2022-03-25,1,当初配分の報道発表日を代用(交付決定日は未公表),2022-03-25,24000.0,千円,1,,20000.0,5.0,増加,2021-03-31,2022-03-25,gen-election-shugiin_20211031_smd_09_4;gen-tokko-2021-tokko_dec;gen-tokko-2021-tokko_march;gen-mlit-release-2022,https://www.mlit.go.jp/page/content/001472731.pdf
09,093645,野木町,mlit_road,5,道路局箇所表 事業主体=当該市町の国費,2023-04-01,2024-03-31,2023-03-31,1,当初配分の報道発表日を代用(交付決定日は未公表),2023-03-31,12000.0,千円,1,,-12000.0,-0.5,減少,2022-03-26,2023-03-31,gen-election-sangiin_20220710_smd_09_1;gen-tokko-2022-tokko_dec;gen-tokko-2022-tokko_march;gen-mlit-release-2023,https://www.mlit.go.jp/page/content/001596924.pdf
09,093645,野木町,mlit_road,5,道路局箇所表 事業主体=当該市町の国費,2024-04-01,2025-03-31,2024-04-01,1,当初配分の報道発表日を代用(交付決定日は未公表),2024-04-01,0.0,千円,0,,-12000.0,-1.0,減少,2023-04-01,2024-04-01,gen-tokko-2023-tokko_dec;gen-tokko-2023-tokko_march;gen-mlit-release-2024,https://www.mlit.go.jp/page/content/001735005.pdf
09,093645,野木町,mlit_road,5,道路局箇所表 事業主体=当該市町の国費,2025-04-01,2026-03-31,2025-04-01,1,当初配分の報道発表日を代用(交付決定日は未公表),2025-04-01,62000.0,千円,1,,62000.0,,未取得,2024-04-02,2025-04-01,gen-election-shugiin_20241027_smd_09_4;gen-tokko-2024-tokko_dec;gen-tokko-2024-tokko_march;gen-mlit-release-2025,https://www.mlit.go.jp/page/content/001879738.pdf
09,093645,野木町,mlit_road,5,道路局箇所表 事業主体=当該市町の国費,2026-04-01,2027-03-31,2026-04-07,1,当初配分の報道発表日を代用(交付決定日は未公表),2026-04-07,0.0,千円,0,,-62000.0,-1.0,減少,2025-04-02,2026-04-07,gen-election-sangiin_20250720_smd_09_1;gen-tokko-2025-tokko_dec;gen-election-shugiin_20260208_smd_09_4;gen-cabinet-2026-02-18;gen-position-motegi_toshimitsu-外務大臣-2026-02-18;gen-tokko-2025-tokko_march;gen-mlit-release-2026,https://www.mlit.go.jp/page/content/001994561.pdf
09,093645,野木町,e_kokko,6,国庫支出金 計(決算、地方財政状況調査),2020-04-01,2021-03-31,2021-03-31,0,決算(年度末),,4014274.0,千円,,,,,未取得,,,,https://www.e-stat.go.jp/stat-search/file-download?statInfId=000032188698&fileKind=1
09,093645,野木町,e_kokko,6,国庫支出金 計(決算、地方財政状況調査),2021-04-01,2022-03-31,2022-03-31,0,決算(年度末),,1990008.0,千円,,,-2024266.0,-0.5042670231279679,減少,2021-04-01,2022-03-31,gen-election-shugiin_20211031_smd_09_4;gen-tokko-2021-tokko_dec;gen-tokko-2021-tokko_march;gen-mlit-release-2022,https://www.e-stat.go.jp/stat-search/file-download?statInfId=000040044921&fileKind=1
09,093645,野木町,e_kokko,6,国庫支出金 計(決算、地方財政状況調査),2022-04-01,2023-03-31,2023-03-31,0,決算(年度末),,1660650.0,千円,,,-329358.0,-0.16550586731309622,減少,2022-04-01,2023-03-31,gen-election-sangiin_20220710_smd_09_1;gen-tokko-2022-tokko_dec;gen-tokko-2022-tokko_march;gen-mlit-release-2023,https://www.e-stat.go.jp/stat-search/file-download?statInfId=000040171702&fileKind=1
09,093645,野木町,e_kokko,6,国庫支出金 計(決算、地方財政状況調査),2023-04-01,2024-03-31,2024-03-31,0,決算(年度末),,1568165.0,千円,,,-92485.0,-0.05569204829434258,減少,2023-04-01,2024-03-31,gen-tokko-2023-tokko_dec;gen-tokko-2023-tokko_march,https://www.e-stat.go.jp/stat-search/file-download?statInfId=000040231591&fileKind=1
09,093645,野木町,e_kokko,6,国庫支出金 計(決算、地方財政状況調査),2024-04-01,2025-03-31,2025-03-31,0,決算(年度末),,1609205.0,千円,,,41040.0,0.0261707154540498,横ばい,2024-04-01,2025-03-31,gen-mlit-release-2024;gen-election-shugiin_20241027_smd_09_4;gen-tokko-2024-tokko_dec;gen-tokko-2024-tokko_march,https://www.e-stat.go.jp/stat-search/file-download?statInfId=000040375638&fileKind=1
09,093645,野木町,e_kokko_futsuken,6,国庫支出金のうち普通建設事業費支出金(決算),2020-04-01,2021-03-31,2021-03-31,0,決算(年度末),,118749.0,千円,,,,,未取得,,,,https://www.e-stat.go.jp/stat-search/file-download?statInfId=000032188698&fileKind=1
09,093645,野木町,e_kokko_futsuken,6,国庫支出金のうち普通建設事業費支出金(決算),2021-04-01,2022-03-31,2022-03-31,0,決算(年度末),,4612.0,千円,,,-114137.0,-0.961161778204448,減少,2021-04-01,2022-03-31,gen-election-shugiin_20211031_smd_09_4;gen-tokko-2021-tokko_dec;gen-tokko-2021-tokko_march;gen-mlit-release-2022,https://www.e-stat.go.jp/stat-search/file-download?statInfId=000040044921&fileKind=1
09,093645,野木町,e_kokko_futsuken,6,国庫支出金のうち普通建設事業費支出金(決算),2022-04-01,2023-03-31,2023-03-31,0,決算(年度末),,2371.0,千円,,,-2241.0,-0.48590633130962707,減少,2022-04-01,2023-03-31,gen-election-sangiin_20220710_smd_09_1;gen-tokko-2022-tokko_dec;gen-tokko-2022-tokko_march;gen-mlit-release-2023,https://www.e-stat.go.jp/stat-search/file-download?statInfId=000040171702&fileKind=1
09,093645,野木町,e_kokko_futsuken,6,国庫支出金のうち普通建設事業費支出金(決算),2023-04-01,2024-03-31,2024-03-31,0,決算(年度末),,1851.0,千円,,,-520.0,-0.2193167439898777,減少,2023-04-01,2024-03-31,gen-tokko-2023-tokko_dec;gen-tokko-2023-tokko_march,https://www.e-stat.go.jp/stat-search/file-download?statInfId=000040231591&fileKind=1
09,093645,野木町,e_kokko_futsuken,6,国庫支出金のうち普通建設事業費支出金(決算),2024-04-01,2025-03-31,2025-03-31,0,決算(年度末),,35283.0,千円,,,33432.0,18.06158833063209,増加,2024-04-01,2025-03-31,gen-mlit-release-2024;gen-election-shugiin_20241027_smd_09_4;gen-tokko-2024-tokko_dec;gen-tokko-2024-tokko_march,https://www.e-stat.go.jp/stat-search/file-download?statInfId=000040375638&fileKind=1
09,093645,野木町,e_kokko_saigai,6,国庫支出金のうち災害復旧事業費支出金(決算),2020-04-01,2021-03-31,2021-03-31,0,決算(年度末),,0.0,千円,,,,,未取得,,,,https://www.e-stat.go.jp/stat-search/file-download?statInfId=000032188698&fileKind=1
09,093645,野木町,e_kokko_saigai,6,国庫支出金のうち災害復旧事業費支出金(決算),2021-04-01,2022-03-31,2022-03-31,0,決算(年度末),,0.0,千円,,,0.0,,未取得,2021-04-01,2022-03-31,gen-election-shugiin_20211031_smd_09_4;gen-tokko-2021-tokko_dec;gen-tokko-2021-tokko_march;gen-mlit-release-2022,https://www.e-stat.go.jp/stat-search/file-download?statInfId=000040044921&fileKind=1
09,093645,野木町,e_kokko_saigai,6,国庫支出金のうち災害復旧事業費支出金(決算),2022-04-01,2023-03-31,2023-03-31,0,決算(年度末),,0.0,千円,,,0.0,,未取得,2022-04-01,2023-03-31,gen-election-sangiin_20220710_smd_09_1;gen-tokko-2022-tokko_dec;gen-tokko-2022-tokko_march;gen-mlit-release-2023,https://www.e-stat.go.jp/stat-search/file-download?statInfId=000040171702&fileKind=1
09,093645,野木町,e_kokko_saigai,6,国庫支出金のうち災害復旧事業費支出金(決算),2023-04-01,2024-03-31,2024-03-31,0,決算(年度末),,13369.0,千円,,,13369.0,,未取得,2023-04-01,2024-03-31,gen-tokko-2023-tokko_dec;gen-tokko-2023-tokko_march,https://www.e-stat.go.jp/stat-search/file-download?statInfId=000040231591&fileKind=1
09,093645,野木町,e_kokko_saigai,6,国庫支出金のうち災害復旧事業費支出金(決算),2024-04-01,2025-03-31,2025-03-31,0,決算(年度末),,0.0,千円,,,-13369.0,-1.0,減少,2024-04-01,2025-03-31,gen-mlit-release-2024;gen-election-shugiin_20241027_smd_09_4;gen-tokko-2024-tokko_dec;gen-tokko-2024-tokko_march,https://www.e-stat.go.jp/stat-search/file-download?statInfId=000040375638&fileKind=1
09,093645,野木町,e_kokko_shasoukou,6,国庫支出金のうち社会資本整備総合交付金(決算),2020-04-01,2021-03-31,2021-03-31,0,決算(年度末),,72842.0,千円,,,,,未取得,,,,https://www.e-stat.go.jp/stat-search/file-download?statInfId=000032188698&fileKind=1
09,093645,野木町,e_kokko_shasoukou,6,国庫支出金のうち社会資本整備総合交付金(決算),2021-04-01,2022-03-31,2022-03-31,0,決算(年度末),,63504.0,千円,,,-9338.0,-0.12819527195848548,減少,2021-04-01,2022-03-31,gen-election-shugiin_20211031_smd_09_4;gen-tokko-2021-tokko_dec;gen-tokko-2021-tokko_march;gen-mlit-release-2022,https://www.e-stat.go.jp/stat-search/file-download?statInfId=000040044921&fileKind=1
09,093645,野木町,e_kokko_shasoukou,6,国庫支出金のうち社会資本整備総合交付金(決算),2022-04-01,2023-03-31,2023-03-31,0,決算(年度末),,22868.0,千円,,,-40636.0,-0.639896699420509,減少,2022-04-01,2023-03-31,gen-election-sangiin_20220710_smd_09_1;gen-tokko-2022-tokko_dec;gen-tokko-2022-tokko_march;gen-mlit-release-2023,https://www.e-stat.go.jp/stat-search/file-download?statInfId=000040171702&fileKind=1
09,093645,野木町,e_kokko_shasoukou,6,国庫支出金のうち社会資本整備総合交付金(決算),2023-04-01,2024-03-31,2024-03-31,0,決算(年度末),,23014.0,千円,,,146.0,0.006384467377995452,横ばい,2023-04-01,2024-03-31,gen-tokko-2023-tokko_dec;gen-tokko-2023-tokko_march,https://www.e-stat.go.jp/stat-search/file-download?statInfId=000040231591&fileKind=1
09,093645,野木町,e_kokko_shasoukou,6,国庫支出金のうち社会資本整備総合交付金(決算),2024-04-01,2025-03-31,2025-03-31,0,決算(年度末),,13281.0,千円,,,-9733.0,-0.42291648561745027,減少,2024-04-01,2025-03-31,gen-mlit-release-2024;gen-election-shugiin_20241027_smd_09_4;gen-tokko-2024-tokko_dec;gen-tokko-2024-tokko_march,https://www.e-stat.go.jp/stat-search/file-download?statInfId=000040375638&fileKind=1
09,093645,野木町,e_pref,6,都道府県支出金 計(決算),2020-04-01,2021-03-31,2021-03-31,0,決算(年度末),,665940.0,千円,,,,,未取得,,,,https://www.e-stat.go.jp/stat-search/file-download?statInfId=000032188698&fileKind=1
09,093645,野木町,e_pref,6,都道府県支出金 計(決算),2021-04-01,2022-03-31,2022-03-31,0,決算(年度末),,679269.0,千円,,,13329.0,0.020015316695197766,横ばい,2021-04-01,2022-03-31,gen-election-shugiin_20211031_smd_09_4;gen-tokko-2021-tokko_dec;gen-tokko-2021-tokko_march;gen-mlit-release-2022,https://www.e-stat.go.jp/stat-search/file-download?statInfId=000040044921&fileKind=1
09,093645,野木町,e_pref,6,都道府県支出金 計(決算),2022-04-01,2023-03-31,2023-03-31,0,決算(年度末),,710387.0,千円,,,31118.0,0.04581101154329139,横ばい,2022-04-01,2023-03-31,gen-election-sangiin_20220710_smd_09_1;gen-tokko-2022-tokko_dec;gen-tokko-2022-tokko_march;gen-mlit-release-2023,https://www.e-stat.go.jp/stat-search/file-download?statInfId=000040171702&fileKind=1
09,093645,野木町,e_pref,6,都道府県支出金 計(決算),2023-04-01,2024-03-31,2024-03-31,0,決算(年度末),,771812.0,千円,,,61425.0,0.08646695392792943,増加,2023-04-01,2024-03-31,gen-tokko-2023-tokko_dec;gen-tokko-2023-tokko_march,https://www.e-stat.go.jp/stat-search/file-download?statInfId=000040231591&fileKind=1
09,093645,野木町,e_pref,6,都道府県支出金 計(決算),2024-04-01,2025-03-31,2025-03-31,0,決算(年度末),,812234.0,千円,,,40422.0,0.05237285763890688,増加,2024-04-01,2025-03-31,gen-mlit-release-2024;gen-election-shugiin_20241027_smd_09_4;gen-tokko-2024-tokko_dec;gen-tokko-2024-tokko_march,https://www.e-stat.go.jp/stat-search/file-download?statInfId=000040375638&fileKind=1
09,093645,野木町,e_futsu,6,普通交付税(決算),2020-04-01,2021-03-31,2021-03-31,0,決算(年度末),,730640.0,千円,,,,,未取得,,,,https://www.e-stat.go.jp/stat-search/file-download?statInfId=000032188698&fileKind=1
09,093645,野木町,e_futsu,6,普通交付税(決算),2021-04-01,2022-03-31,2022-03-31,0,決算(年度末),,1112086.0,千円,,,381446.0,0.5220710609876272,増加,2021-04-01,2022-03-31,gen-election-shugiin_20211031_smd_09_4;gen-tokko-2021-tokko_dec;gen-tokko-2021-tokko_march;gen-mlit-release-2022,https://www.e-stat.go.jp/stat-search/file-download?statInfId=000040044921&fileKind=1
09,093645,野木町,e_futsu,6,普通交付税(決算),2022-04-01,2023-03-31,2023-03-31,0,決算(年度末),,1186033.0,千円,,,73947.0,0.06649395820107437,増加,2022-04-01,2023-03-31,gen-election-sangiin_20220710_smd_09_1;gen-tokko-2022-tokko_dec;gen-tokko-2022-tokko_march;gen-mlit-release-2023,https://www.e-stat.go.jp/stat-search/file-download?statInfId=000040171702&fileKind=1
09,093645,野木町,e_futsu,6,普通交付税(決算),2023-04-01,2024-03-31,2024-03-31,0,決算(年度末),,1276500.0,千円,,,90467.0,0.07627696699838875,増加,2023-04-01,2024-03-31,gen-tokko-2023-tokko_dec;gen-tokko-2023-tokko_march,https://www.e-stat.go.jp/stat-search/file-download?statInfId=000040231591&fileKind=1
09,093645,野木町,e_futsu,6,普通交付税(決算),2024-04-01,2025-03-31,2025-03-31,0,決算(年度末),,1308094.0,千円,,,31594.0,0.024750489620054838,横ばい,2024-04-01,2025-03-31,gen-mlit-release-2024;gen-election-shugiin_20241027_smd_09_4;gen-tokko-2024-tokko_dec;gen-tokko-2024-tokko_march,https://www.e-stat.go.jp/stat-search/file-download?statInfId=000040375638&fileKind=1
09,093645,野木町,e_tokko,6,特別交付税(決算),2020-04-01,2021-03-31,2021-03-31,0,決算(年度末),,121175.0,千円,,,,,未取得,,,,https://www.e-stat.go.jp/stat-search/file-download?statInfId=000032188698&fileKind=1
09,093645,野木町,e_tokko,6,特別交付税(決算),2021-04-01,2022-03-31,2022-03-31,0,決算(年度末),,132101.0,千円,,,10926.0,0.09016711367856406,増加,2021-04-01,2022-03-31,gen-election-shugiin_20211031_smd_09_4;gen-tokko-2021-tokko_dec;gen-tokko-2021-tokko_march;gen-mlit-release-2022,https://www.e-stat.go.jp/stat-search/file-download?statInfId=000040044921&fileKind=1
09,093645,野木町,e_tokko,6,特別交付税(決算),2022-04-01,2023-03-31,2023-03-31,0,決算(年度末),,145565.0,千円,,,13464.0,0.10192201421639503,増加,2022-04-01,2023-03-31,gen-election-sangiin_20220710_smd_09_1;gen-tokko-2022-tokko_dec;gen-tokko-2022-tokko_march;gen-mlit-release-2023,https://www.e-stat.go.jp/stat-search/file-download?statInfId=000040171702&fileKind=1
09,093645,野木町,e_tokko,6,特別交付税(決算),2023-04-01,2024-03-31,2024-03-31,0,決算(年度末),,162645.0,千円,,,17080.0,0.11733589805241644,増加,2023-04-01,2024-03-31,gen-tokko-2023-tokko_dec;gen-tokko-2023-tokko_march,https://www.e-stat.go.jp/stat-search/file-download?statInfId=000040231591&fileKind=1
09,093645,野木町,e_tokko,6,特別交付税(決算),2024-04-01,2025-03-31,2025-03-31,0,決算(年度末),,148129.0,千円,,,-14516.0,-0.08924959267115497,減少,2024-04-01,2025-03-31,gen-mlit-release-2024;gen-election-shugiin_20241027_smd_09_4;gen-tokko-2024-tokko_dec;gen-tokko-2024-tokko_march,https://www.e-stat.go.jp/stat-search/file-download?statInfId=000040375638&fileKind=1
09,093645,野木町,e_road_kokko,7,道路橋りょう費に充当した国庫支出金(決算),2020-04-01,2021-03-31,2021-03-31,0,決算(年度末),,73392.0,千円,,,,,未取得,,,,https://www.e-stat.go.jp/stat-search/file-download?statInfId=000032188710&fileKind=1
09,093645,野木町,e_road_kokko,7,道路橋りょう費に充当した国庫支出金(決算),2021-04-01,2022-03-31,2022-03-31,0,決算(年度末),,65142.0,千円,,,-8250.0,-0.11241007194244604,減少,2021-04-01,2022-03-31,gen-election-shugiin_20211031_smd_09_4;gen-tokko-2021-tokko_dec;gen-tokko-2021-tokko_march;gen-mlit-release-2022,https://www.e-stat.go.jp/stat-search/file-download?statInfId=000040044933&fileKind=1
09,093645,野木町,e_road_kokko,7,道路橋りょう費に充当した国庫支出金(決算),2022-04-01,2023-03-31,2023-03-31,0,決算(年度末),,23762.0,千円,,,-41380.0,-0.6352276565042523,減少,2022-04-01,2023-03-31,gen-election-sangiin_20220710_smd_09_1;gen-tokko-2022-tokko_dec;gen-tokko-2022-tokko_march;gen-mlit-release-2023,https://www.e-stat.go.jp/stat-search/file-download?statInfId=000040171714&fileKind=1
09,093645,野木町,e_road_kokko,7,道路橋りょう費に充当した国庫支出金(決算),2023-04-01,2024-03-31,2024-03-31,0,決算(年度末),,38704.0,千円,,,14942.0,0.628819122969447,増加,2023-04-01,2024-03-31,gen-tokko-2023-tokko_dec;gen-tokko-2023-tokko_march,https://www.e-stat.go.jp/stat-search/file-download?statInfId=000040231603&fileKind=1
09,093645,野木町,e_road_kokko,7,道路橋りょう費に充当した国庫支出金(決算),2024-04-01,2025-03-31,2025-03-31,0,決算(年度末),,9509.0,千円,,,-29195.0,-0.7543147995039272,減少,2024-04-01,2025-03-31,gen-mlit-release-2024;gen-election-shugiin_20241027_smd_09_4;gen-tokko-2024-tokko_dec;gen-tokko-2024-tokko_march,https://www.e-stat.go.jp/stat-search/file-download?statInfId=000040375650&fileKind=1
09,093645,野木町,e_hojo_road_kokko,8,補助事業費(道路・橋りょう)の国庫支出金(決算),2020-04-01,2021-03-31,2021-03-31,0,決算(年度末),,72842.0,千円,,,,,未取得,,,,https://www.e-stat.go.jp/stat-search/file-download?statInfId=000032188732&fileKind=1
09,093645,野木町,e_hojo_road_kokko,8,補助事業費(道路・橋りょう)の国庫支出金(決算),2021-04-01,2022-03-31,2022-03-31,0,決算(年度末),,65142.0,千円,,,-7700.0,-0.10570824524312897,減少,2021-04-01,2022-03-31,gen-election-shugiin_20211031_smd_09_4;gen-tokko-2021-tokko_dec;gen-tokko-2021-tokko_march;gen-mlit-release-2022,https://www.e-stat.go.jp/stat-search/file-download?statInfId=000040044955&fileKind=1
09,093645,野木町,e_hojo_road_kokko,8,補助事業費(道路・橋りょう)の国庫支出金(決算),2022-04-01,2023-03-31,2023-03-31,0,決算(年度末),,21250.0,千円,,,-43892.0,-0.6737895674065887,減少,2022-04-01,2023-03-31,gen-election-sangiin_20220710_smd_09_1;gen-tokko-2022-tokko_dec;gen-tokko-2022-tokko_march;gen-mlit-release-2023,https://www.e-stat.go.jp/stat-search/file-download?statInfId=000040171736&fileKind=1
09,093645,野木町,e_hojo_road_kokko,8,補助事業費(道路・橋りょう)の国庫支出金(決算),2023-04-01,2024-03-31,2024-03-31,0,決算(年度末),,37062.0,千円,,,15812.0,0.7440941176470588,増加,2023-04-01,2024-03-31,gen-tokko-2023-tokko_dec;gen-tokko-2023-tokko_march,https://www.e-stat.go.jp/stat-search/file-download?statInfId=000040231625&fileKind=1
09,093645,野木町,e_hojo_road_kokko,8,補助事業費(道路・橋りょう)の国庫支出金(決算),2024-04-01,2025-03-31,2025-03-31,0,決算(年度末),,9500.0,千円,,,-27562.0,-0.7436727645566887,減少,2024-04-01,2025-03-31,gen-mlit-release-2024;gen-election-shugiin_20241027_smd_09_4;gen-tokko-2024-tokko_dec;gen-tokko-2024-tokko_march,https://www.e-stat.go.jp/stat-search/file-download?statInfId=000040375672&fileKind=1
09,093645,野木町,futsu_decided,9,普通交付税 当初決定額,2021-04-01,2022-03-31,2021-08-03,0,当初決定日(算定結果の報道資料の日付),2021-08-03,901212.0,千円,,,,,未取得,,,,https://www.soumu.go.jp/main_content/000761570.xlsx
09,093645,野木町,futsu_decided,9,普通交付税 当初決定額,2022-04-01,2023-03-31,2022-07-26,0,当初決定日(算定結果の報道資料の日付),2022-07-26,1133660.0,千円,,,232448.0,0.2579282122297528,増加,2021-08-04,2022-07-26,gen-election-shugiin_20211031_smd_09_4;gen-tokko-2021-tokko_dec;gen-tokko-2021-tokko_march;gen-mlit-release-2022;gen-election-sangiin_20220710_smd_09_1,https://www.soumu.go.jp/main_content/000762090.xlsx
09,093645,野木町,futsu_decided,9,普通交付税 当初決定額,2023-04-01,2024-03-31,2023-07-28,0,当初決定日(算定結果の報道資料の日付),2023-07-28,1210723.0,千円,,,77063.0,0.06797717128592347,増加,2022-07-27,2023-07-28,gen-tokko-2022-tokko_dec;gen-tokko-2022-tokko_march;gen-mlit-release-2023,https://www.soumu.go.jp/main_content/000894237.xlsx
09,093645,野木町,futsu_decided,9,普通交付税 当初決定額,2024-04-01,2025-03-31,2024-07-23,0,当初決定日(算定結果の報道資料の日付),2024-07-23,1170450.0,千円,,,-40273.0,-0.03326359538887095,横ばい,2023-07-29,2024-07-23,gen-tokko-2023-tokko_dec;gen-tokko-2023-tokko_march;gen-mlit-release-2024,https://www.soumu.go.jp/main_content/000958553.xlsx
09,093645,野木町,futsu_decided,9,普通交付税 当初決定額,2025-04-01,2026-03-31,2025-07-29,0,当初決定日(算定結果の報道資料の日付),2025-07-29,1364953.0,千円,,,194503.0,0.16617796573967278,増加,2024-07-24,2025-07-29,gen-election-shugiin_20241027_smd_09_4;gen-tokko-2024-tokko_dec;gen-tokko-2024-tokko_march;gen-mlit-release-2025;gen-election-sangiin_20250720_smd_09_1,https://www.soumu.go.jp/main_content/001022466.xlsx
09,093645,野木町,futsu_decided,9,普通交付税 当初決定額,2026-04-01,2027-03-31,2026-07-24,0,当初決定日(算定結果の報道資料の日付),2026-07-24,1447837.0,千円,,,82884.0,0.060722969948415806,増加,2025-07-30,2026-07-24,gen-tokko-2025-tokko_dec;gen-election-shugiin_20260208_smd_09_4;gen-cabinet-2026-02-18;gen-position-motegi_toshimitsu-外務大臣-2026-02-18;gen-tokko-2025-tokko_march;gen-mlit-release-2026,https://www.soumu.go.jp/main_content/001083404.xlsx
09,093645,野木町,kofu_total,10,国交省 交付決定額 計(年度合計),2017-04-01,2018-03-31,2018-03-31,1,年度内で最後の交付決定日(交付決定がない年度は年度末)。値は年度合計(変更減額を含む),,60359.0,千円,,,,,未取得,,,,https://www.mlit.go.jp/common/001210869.xlsx
09,093645,野木町,kofu_total,10,国交省 交付決定額 計(年度合計),2018-04-01,2019-03-31,2018-09-03,1,年度内で最後の交付決定日(交付決定がない年度は年度末)。値は年度合計(変更減額を含む),,86120.0,千円,,,25761.0,0.4267963352606902,増加,2018-04-01,2018-09-03,,https://www.mlit.go.jp/common/001260907.xlsx
09,093645,野木町,kofu_total,10,国交省 交付決定額 計(年度合計),2019-04-01,2020-03-31,2020-03-31,1,年度内で最後の交付決定日(交付決定がない年度は年度末)。値は年度合計(変更減額を含む),,103565.0,千円,,,17445.0,0.20256618671620993,増加,2018-09-04,2020-03-31,,https://www.mlit.go.jp/common/001316172.xlsx
09,093645,野木町,kofu_total,10,国交省 交付決定額 計(年度合計),2020-04-01,2021-03-31,2021-03-31,1,年度内で最後の交付決定日(交付決定がない年度は年度末)。値は年度合計(変更減額を含む),,124398.0,千円,,,20833.0,0.20115869260850675,増加,2020-04-01,2021-03-31,gen-tokko-2020-tokko_dec;gen-tokko-2020-tokko_march;gen-mlit-release-2021,https://www.mlit.go.jp/common/001371589.xlsx
09,093645,野木町,kofu_total,10,国交省 交付決定額 計(年度合計),2021-04-01,2022-03-31,2021-04-28,1,年度内で最後の交付決定日(交付決定がない年度は年度末)。値は年度合計(変更減額を含む),,58962.0,千円,,,-65436.0,-0.5260213186707182,減少,2021-04-01,2021-04-28,,https://www.mlit.go.jp/common/001579048.xlsx
09,093645,野木町,kofu_total,10,国交省 交付決定額 計(年度合計),2022-04-01,2023-03-31,2022-06-17,1,年度内で最後の交付決定日(交付決定がない年度は年度末)。値は年度合計(変更減額を含む),,122380.0,千円,,,63418.0,1.0755740985719615,増加,2021-04-29,2022-06-17,gen-election-shugiin_20211031_smd_09_4;gen-tokko-2021-tokko_dec;gen-tokko-2021-tokko_march;gen-mlit-release-2022,https://www.mlit.go.jp/common/001426891.xlsx
09,093645,野木町,kofu_total,10,国交省 交付決定額 計(年度合計),2023-04-01,2024-03-31,2023-09-29,1,年度内で最後の交付決定日(交付決定がない年度は年度末)。値は年度合計(変更減額を含む),,192194.0,千円,,,69814.0,0.5704690308873999,増加,2022-06-18,2023-09-29,gen-election-sangiin_20220710_smd_09_1;gen-tokko-2022-tokko_dec;gen-tokko-2022-tokko_march;gen-mlit-release-2023,https://www.mlit.go.jp/page/content/001749355.xlsx
09,093645,野木町,kofu_total,10,国交省 交付決定額 計(年度合計),2024-04-01,2025-03-31,2025-03-11,1,年度内で最後の交付決定日(交付決定がない年度は年度末)。値は年度合計(変更減額を含む),,71235.0,千円,,,-120959.0,-0.6293588769680635,減少,2023-09-30,2025-03-11,gen-tokko-2023-tokko_dec;gen-tokko-2023-tokko_march;gen-mlit-release-2024;gen-election-shugiin_20241027_smd_09_4;gen-tokko-2024-tokko_dec,https://www.mlit.go.jp/page/content/001889200.xlsx
09,093645,野木町,kofu_total,10,国交省 交付決定額 計(年度合計),2025-04-01,2026-03-31,2026-03-26,1,年度内で最後の交付決定日(交付決定がない年度は年度末)。値は年度合計(変更減額を含む),,132089.0,千円,,,60854.0,0.8542710746121991,増加,2025-03-12,2026-03-26,gen-tokko-2024-tokko_march;gen-mlit-release-2025;gen-election-sangiin_20250720_smd_09_1;gen-tokko-2025-tokko_dec;gen-election-shugiin_20260208_smd_09_4;gen-cabinet-2026-02-18;gen-position-motegi_toshimitsu-外務大臣-2026-02-18;gen-tokko-2025-tokko_march,https://www.mlit.go.jp/page/content/001968987.xlsx
09,093645,野木町,kofu_shasoukou,10,国交省 交付決定額 社会資本整備総合交付金,2017-04-01,2018-03-31,2018-03-31,1,年度内で最後の交付決定日(交付決定がない年度は年度末)。値は年度合計(変更減額を含む),,60359.0,千円,,,,,未取得,,,,https://www.mlit.go.jp/common/001306061.xlsx
09,093645,野木町,kofu_shasoukou,10,国交省 交付決定額 社会資本整備総合交付金,2018-04-01,2019-03-31,2018-09-03,1,年度内で最後の交付決定日(交付決定がない年度は年度末)。値は年度合計(変更減額を含む),,86120.0,千円,,,25761.0,0.4267963352606902,増加,2018-04-01,2018-09-03,,https://www.mlit.go.jp/common/001288716.xlsx
09,093645,野木町,kofu_shasoukou,10,国交省 交付決定額 社会資本整備総合交付金,2019-04-01,2020-03-31,2020-03-31,1,年度内で最後の交付決定日(交付決定がない年度は年度末)。値は年度合計(変更減額を含む),,103565.0,千円,,,17445.0,0.20256618671620993,増加,2018-09-04,2020-03-31,,https://www.mlit.go.jp/common/001316186.xlsx
09,093645,野木町,kofu_shasoukou,10,国交省 交付決定額 社会資本整備総合交付金,2020-04-01,2021-03-31,2021-03-31,1,年度内で最後の交付決定日(交付決定がない年度は年度末)。値は年度合計(変更減額を含む),,123848.0,千円,,,20283.0,0.19584801815285086,増加,2020-04-01,2021-03-31,gen-tokko-2020-tokko_dec;gen-tokko-2020-tokko_march;gen-mlit-release-2021,https://www.mlit.go.jp/common/001371606.xlsx
09,093645,野木町,kofu_shasoukou,10,国交省 交付決定額 社会資本整備総合交付金,2021-04-01,2022-03-31,2022-03-31,1,年度内で最後の交付決定日(交付決定がない年度は年度末)。値は年度合計(変更減額を含む),,56762.0,千円,,,-67086.0,-0.5416801240229959,減少,2021-04-01,2022-03-31,gen-election-shugiin_20211031_smd_09_4;gen-tokko-2021-tokko_dec;gen-tokko-2021-tokko_march;gen-mlit-release-2022,https://www.mlit.go.jp/common/001579064.xlsx
09,093645,野木町,kofu_shasoukou,10,国交省 交付決定額 社会資本整備総合交付金,2022-04-01,2023-03-31,2023-03-31,1,年度内で最後の交付決定日(交付決定がない年度は年度末)。値は年度合計(変更減額を含む),,16000.0,千円,,,-40762.0,-0.7181212783200028,減少,2022-04-01,2023-03-31,gen-election-sangiin_20220710_smd_09_1;gen-tokko-2022-tokko_dec;gen-tokko-2022-tokko_march;gen-mlit-release-2023,https://www.mlit.go.jp/common/001426909.xlsx
09,093645,野木町,kofu_shasoukou,10,国交省 交付決定額 社会資本整備総合交付金,2023-04-01,2024-03-31,2023-06-09,1,年度内で最後の交付決定日(交付決定がない年度は年度末)。値は年度合計(変更減額を含む),,11900.0,千円,,,-4100.0,-0.25625,減少,2023-04-01,2023-06-09,,https://www.mlit.go.jp/page/content/001708175.xlsx
09,093645,野木町,kofu_shasoukou,10,国交省 交付決定額 社会資本整備総合交付金,2024-04-01,2025-03-31,2024-06-17,1,年度内で最後の交付決定日(交付決定がない年度は年度末)。値は年度合計(変更減額を含む),,21100.0,千円,,,9200.0,0.773109243697479,増加,2023-06-10,2024-06-17,gen-tokko-2023-tokko_dec;gen-tokko-2023-tokko_march;gen-mlit-release-2024,https://www.mlit.go.jp/page/content/001842591.xlsx
09,093645,野木町,kofu_shasoukou,10,国交省 交付決定額 社会資本整備総合交付金,2025-04-01,2026-03-31,2026-03-26,1,年度内で最後の交付決定日(交付決定がない年度は年度末)。値は年度合計(変更減額を含む),,22880.0,千円,,,1780.0,0.08436018957345971,増加,2024-06-18,2026-03-26,gen-election-shugiin_20241027_smd_09_4;gen-tokko-2024-tokko_dec;gen-tokko-2024-tokko_march;gen-mlit-release-2025;gen-election-sangiin_20250720_smd_09_1;gen-tokko-2025-tokko_dec;gen-election-shugiin_20260208_smd_09_4;gen-cabinet-2026-02-18;gen-position-motegi_toshimitsu-外務大臣-2026-02-18;gen-tokko-2025-tokko_march,https://www.mlit.go.jp/page/content/001969014.xlsx
09,093645,野木町,kofu_bouan,10,国交省 交付決定額 防災・安全交付金,2017-04-01,2018-03-31,2018-03-31,1,年度内で最後の交付決定日(交付決定がない年度は年度末)。値は年度合計(変更減額を含む),,34099.0,千円,,,,,未取得,,,,https://www.mlit.go.jp/common/001306061.xlsx
09,093645,野木町,kofu_bouan,10,国交省 交付決定額 防災・安全交付金,2018-04-01,2019-03-31,2018-09-03,1,年度内で最後の交付決定日(交付決定がない年度は年度末)。値は年度合計(変更減額を含む),,42520.0,千円,,,8421.0,0.24695738877972961,増加,2018-04-01,2018-09-03,,https://www.mlit.go.jp/common/001288716.xlsx
09,093645,野木町,kofu_bouan,10,国交省 交付決定額 防災・安全交付金,2019-04-01,2020-03-31,2020-03-31,1,年度内で最後の交付決定日(交付決定がない年度は年度末)。値は年度合計(変更減額を含む),,63165.0,千円,,,20645.0,0.4855362182502352,増加,2018-09-04,2020-03-31,,https://www.mlit.go.jp/common/001316186.xlsx
09,093645,野木町,kofu_bouan,10,国交省 交付決定額 防災・安全交付金,2020-04-01,2021-03-31,2021-03-31,1,年度内で最後の交付決定日(交付決定がない年度は年度末)。値は年度合計(変更減額を含む),,87648.0,千円,,,24483.0,0.3876038945618618,増加,2020-04-01,2021-03-31,gen-tokko-2020-tokko_dec;gen-tokko-2020-tokko_march;gen-mlit-release-2021,https://www.mlit.go.jp/common/001371606.xlsx
09,093645,野木町,kofu_bouan,10,国交省 交付決定額 防災・安全交付金,2021-04-01,2022-03-31,2022-03-31,1,年度内で最後の交付決定日(交付決定がない年度は年度末)。値は年度合計(変更減額を含む),,38562.0,千円,,,-49086.0,-0.5600355969331873,減少,2021-04-01,2022-03-31,gen-election-shugiin_20211031_smd_09_4;gen-tokko-2021-tokko_dec;gen-tokko-2021-tokko_march;gen-mlit-release-2022,https://www.mlit.go.jp/common/001579064.xlsx
09,093645,野木町,kofu_bouan,10,国交省 交付決定額 防災・安全交付金,2022-04-01,2023-03-31,2023-03-31,1,年度内で最後の交付決定日(交付決定がない年度は年度末)。値は年度合計(変更減額を含む),,93368.0,千円,,,54806.0,1.421243711425756,増加,2022-04-01,2023-03-31,gen-election-sangiin_20220710_smd_09_1;gen-tokko-2022-tokko_dec;gen-tokko-2022-tokko_march;gen-mlit-release-2023,https://www.mlit.go.jp/common/001426909.xlsx
09,093645,野木町,kofu_bouan,10,国交省 交付決定額 防災・安全交付金,2023-04-01,2024-03-31,2023-09-29,1,年度内で最後の交付決定日(交付決定がない年度は年度末)。値は年度合計(変更減額を含む),,173792.0,千円,,,80424.0,0.8613657784251564,増加,2023-04-01,2023-09-29,,https://www.mlit.go.jp/page/content/001708175.xlsx
09,093645,野木町,kofu_bouan,10,国交省 交付決定額 防災・安全交付金,2024-04-01,2025-03-31,2025-01-28,1,年度内で最後の交付決定日(交付決定がない年度は年度末)。値は年度合計(変更減額を含む),,50135.0,千円,,,-123657.0,-0.7115229699871111,減少,2023-09-30,2025-01-28,gen-tokko-2023-tokko_dec;gen-tokko-2023-tokko_march;gen-mlit-release-2024;gen-election-shugiin_20241027_smd_09_4;gen-tokko-2024-tokko_dec,https://www.mlit.go.jp/page/content/001842591.xlsx
09,093645,野木町,kofu_bouan,10,国交省 交付決定額 防災・安全交付金,2025-04-01,2026-03-31,2026-03-06,1,年度内で最後の交付決定日(交付決定がない年度は年度末)。値は年度合計(変更減額を含む),,66309.0,千円,,,16174.0,0.32260895581928795,増加,2025-01-29,2026-03-06,gen-tokko-2024-tokko_march;gen-mlit-release-2025;gen-election-sangiin_20250720_smd_09_1;gen-tokko-2025-tokko_dec;gen-election-shugiin_20260208_smd_09_4;gen-cabinet-2026-02-18;gen-position-motegi_toshimitsu-外務大臣-2026-02-18,https://www.mlit.go.jp/page/content/001969014.xlsx
09,093645,野木町,kofu_road,10,国交省 交付決定額 道路関係の補助,2017-04-01,2018-03-31,2018-03-31,1,年度内で最後の交付決定日(交付決定がない年度は年度末)。値は年度合計(変更減額を含む),,0.0,千円,,,,,未取得,,,,https://www.mlit.go.jp/common/001234557.xlsx
09,093645,野木町,kofu_road,10,国交省 交付決定額 道路関係の補助,2018-04-01,2019-03-31,2019-03-31,1,年度内で最後の交付決定日(交付決定がない年度は年度末)。値は年度合計(変更減額を含む),,0.0,千円,,,0.0,,未取得,2018-04-01,2019-03-31,,https://www.mlit.go.jp/common/001260897.xlsx
09,093645,野木町,kofu_road,10,国交省 交付決定額 道路関係の補助,2019-04-01,2020-03-31,2020-03-31,1,年度内で最後の交付決定日(交付決定がない年度は年度末)。値は年度合計(変更減額を含む),,0.0,千円,,,0.0,,未取得,2019-04-01,2020-03-31,,https://www.mlit.go.jp/common/001316175.xlsx
09,093645,野木町,kofu_road,10,国交省 交付決定額 道路関係の補助,2020-04-01,2021-03-31,2021-03-31,1,年度内で最後の交付決定日(交付決定がない年度は年度末)。値は年度合計(変更減額を含む),,550.0,千円,,,550.0,,未取得,2020-04-01,2021-03-31,gen-tokko-2020-tokko_dec;gen-tokko-2020-tokko_march;gen-mlit-release-2021,https://www.mlit.go.jp/common/001371629.xlsx
09,093645,野木町,kofu_road,10,国交省 交付決定額 道路関係の補助,2021-04-01,2022-03-31,2021-04-28,1,年度内で最後の交付決定日(交付決定がない年度は年度末)。値は年度合計(変更減額を含む),,2200.0,千円,,,1650.0,3.0,増加,2021-04-01,2021-04-28,,https://www.mlit.go.jp/common/001579051.xlsx
09,093645,野木町,kofu_road,10,国交省 交付決定額 道路関係の補助,2022-04-01,2023-03-31,2022-06-17,1,年度内で最後の交付決定日(交付決定がない年度は年度末)。値は年度合計(変更減額を含む),,13012.0,千円,,,10812.0,4.914545454545454,増加,2021-04-29,2022-06-17,gen-election-shugiin_20211031_smd_09_4;gen-tokko-2021-tokko_dec;gen-tokko-2021-tokko_march;gen-mlit-release-2022,https://www.mlit.go.jp/common/001426897.xlsx
09,093645,野木町,kofu_road,10,国交省 交付決定額 道路関係の補助,2023-04-01,2024-03-31,2023-06-16,1,年度内で最後の交付決定日(交付決定がない年度は年度末)。値は年度合計(変更減額を含む),,6502.0,千円,,,-6510.0,-0.5003074085459576,減少,2022-06-18,2023-06-16,gen-election-sangiin_20220710_smd_09_1;gen-tokko-2022-tokko_dec;gen-tokko-2022-tokko_march;gen-mlit-release-2023,https://www.mlit.go.jp/page/content/001708164.xlsx
09,093645,野木町,kofu_road,10,国交省 交付決定額 道路関係の補助,2024-04-01,2025-03-31,2025-03-31,1,年度内で最後の交付決定日(交付決定がない年度は年度末)。値は年度合計(変更減額を含む),,0.0,千円,,,-6502.0,-1.0,減少,2023-06-17,2025-03-31,gen-tokko-2023-tokko_dec;gen-tokko-2023-tokko_march;gen-mlit-release-2024;gen-election-shugiin_20241027_smd_09_4;gen-tokko-2024-tokko_dec;gen-tokko-2024-tokko_march,https://www.mlit.go.jp/page/content/001889202.xlsx
09,093645,野木町,kofu_road,10,国交省 交付決定額 道路関係の補助,2025-04-01,2026-03-31,2025-10-03,1,年度内で最後の交付決定日(交付決定がない年度は年度末)。値は年度合計(変更減額を含む),,38500.0,千円,,,38500.0,,未取得,2025-04-01,2025-10-03,gen-mlit-release-2025;gen-election-sangiin_20250720_smd_09_1,https://www.mlit.go.jp/page/content/001969000.xlsx
09,093840,塩谷町,card_kokko,1,国庫支出金(決算),2020-04-01,2021-03-31,2021-03-31,0,決算(年度末),,2027941.0,千円,,,,,未取得,,,,https://www.soumu.go.jp/main_content/000804135.xlsx
09,093840,塩谷町,card_kokko,1,国庫支出金(決算),2021-04-01,2022-03-31,2022-03-31,0,決算(年度末),,873245.0,千円,,,-1154696.0,-0.5693932910276975,減少,2021-04-01,2022-03-31,gen-election-shugiin_20211031_smd_09_2;gen-tokko-2021-tokko_dec;gen-tokko-2021-tokko_march;gen-mlit-release-2022,https://www.soumu.go.jp/main_content/000873399.xlsx
09,093840,塩谷町,card_kokko,1,国庫支出金(決算),2022-04-01,2023-03-31,2023-03-31,0,決算(年度末),,825544.0,千円,,,-47701.0,-0.05462499069562379,減少,2022-04-01,2023-03-31,gen-election-sangiin_20220710_smd_09_1;gen-tokko-2022-tokko_dec;gen-tokko-2022-tokko_march;gen-mlit-release-2023,https://www.soumu.go.jp/main_content/000937050.xlsx
09,093840,塩谷町,card_kokko,1,国庫支出金(決算),2023-04-01,2024-03-31,2024-03-31,0,決算(年度末),,583624.0,千円,,,-241920.0,-0.29304313277063365,減少,2023-04-01,2024-03-31,gen-tokko-2023-tokko_dec;gen-tokko-2023-tokko_march,https://www.soumu.go.jp/main_content/000998938.xlsx
09,093840,塩谷町,card_kokko,1,国庫支出金(決算),2024-04-01,2025-03-31,2025-03-31,0,決算(年度末),,678204.0,千円,,,94580.0,0.16205639247186546,増加,2024-04-01,2025-03-31,gen-mlit-release-2024;gen-election-shugiin_20241027_smd_09_2;gen-tokko-2024-tokko_dec;gen-tokko-2024-tokko_march,https://www.soumu.go.jp/main_content/001063963.xlsx
09,093840,塩谷町,card_pref,2,県支出金(決算),2020-04-01,2021-03-31,2021-03-31,0,決算(年度末),,436014.0,千円,,,,,未取得,,,,https://www.soumu.go.jp/main_content/000804135.xlsx
09,093840,塩谷町,card_pref,2,県支出金(決算),2021-04-01,2022-03-31,2022-03-31,0,決算(年度末),,389856.0,千円,,,-46158.0,-0.1058635731880169,減少,2021-04-01,2022-03-31,gen-election-shugiin_20211031_smd_09_2;gen-tokko-2021-tokko_dec;gen-tokko-2021-tokko_march;gen-mlit-release-2022,https://www.soumu.go.jp/main_content/000873399.xlsx
09,093840,塩谷町,card_pref,2,県支出金(決算),2022-04-01,2023-03-31,2023-03-31,0,決算(年度末),,579739.0,千円,,,189883.0,0.48705932446852174,増加,2022-04-01,2023-03-31,gen-election-sangiin_20220710_smd_09_1;gen-tokko-2022-tokko_dec;gen-tokko-2022-tokko_march;gen-mlit-release-2023,https://www.soumu.go.jp/main_content/000937050.xlsx
09,093840,塩谷町,card_pref,2,県支出金(決算),2023-04-01,2024-03-31,2024-03-31,0,決算(年度末),,390191.0,千円,,,-189548.0,-0.32695402586336264,減少,2023-04-01,2024-03-31,gen-tokko-2023-tokko_dec;gen-tokko-2023-tokko_march,https://www.soumu.go.jp/main_content/000998938.xlsx
09,093840,塩谷町,card_pref,2,県支出金(決算),2024-04-01,2025-03-31,2025-03-31,0,決算(年度末),,399825.0,千円,,,9634.0,0.024690472102124345,横ばい,2024-04-01,2025-03-31,gen-mlit-release-2024;gen-election-shugiin_20241027_smd_09_2;gen-tokko-2024-tokko_dec;gen-tokko-2024-tokko_march,https://www.soumu.go.jp/main_content/001063963.xlsx
09,093840,塩谷町,tokko_dec,3a,特別交付税 12月分,2020-04-01,2021-03-31,2020-12-08,0,交付決定日(報道発表),2020-12-08,,千円,,報道発表に町村の個別額なし(都道府県計のみ),,,未取得,,,,https://www.soumu.go.jp/main_content/000721607.pdf
09,093840,塩谷町,tokko_dec,3a,特別交付税 12月分,2021-04-01,2022-03-31,2021-12-03,0,交付決定日(報道発表),2021-12-03,,千円,,報道発表に町村の個別額なし(都道府県計のみ),,,未取得,2020-12-09,2021-12-03,gen-tokko-2020-tokko_march;gen-mlit-release-2021;gen-election-shugiin_20211031_smd_09_2;gen-tokko-2021-tokko_dec,https://www.soumu.go.jp/main_content/000780948.pdf
09,093840,塩谷町,tokko_dec,3a,特別交付税 12月分,2022-04-01,2023-03-31,2022-12-13,0,交付決定日(報道発表),2022-12-13,,千円,,報道発表に町村の個別額なし(都道府県計のみ),,,未取得,2021-12-04,2022-12-13,gen-tokko-2021-tokko_march;gen-mlit-release-2022;gen-election-sangiin_20220710_smd_09_1;gen-tokko-2022-tokko_dec,https://www.soumu.go.jp/main_content/000850537.pdf
09,093840,塩谷町,tokko_dec,3a,特別交付税 12月分,2023-04-01,2024-03-31,2023-12-12,0,交付決定日(報道発表),2023-12-12,,千円,,報道発表に町村の個別額なし(都道府県計のみ),,,未取得,2022-12-14,2023-12-12,gen-tokko-2022-tokko_march;gen-mlit-release-2023;gen-tokko-2023-tokko_dec,https://www.soumu.go.jp/main_content/000916643.pdf
09,093840,塩谷町,tokko_dec,3a,特別交付税 12月分,2024-04-01,2025-03-31,2024-12-20,0,交付決定日(報道発表),2024-12-20,,千円,,報道発表に町村の個別額なし(都道府県計のみ),,,未取得,2023-12-13,2024-12-20,gen-tokko-2023-tokko_march;gen-mlit-release-2024;gen-election-shugiin_20241027_smd_09_2;gen-tokko-2024-tokko_dec,https://www.soumu.go.jp/main_content/000983129.pdf
09,093840,塩谷町,tokko_dec,3a,特別交付税 12月分,2025-04-01,2026-03-31,2025-12-19,0,交付決定日(報道発表),2025-12-19,,千円,,報道発表に町村の個別額なし(都道府県計のみ),,,未取得,2024-12-21,2025-12-19,gen-tokko-2024-tokko_march;gen-mlit-release-2025;gen-election-sangiin_20250720_smd_09_1;gen-tokko-2025-tokko_dec,https://www.soumu.go.jp/main_content/001046667.pdf
09,093840,塩谷町,tokko_march,3b,特別交付税 3月分,2020-04-01,2021-03-31,2021-03-19,0,交付決定日(報道発表),2021-03-19,,千円,,報道発表に町村の個別額なし(都道府県計のみ),,,未取得,,,,https://www.soumu.go.jp/main_content/000738961.pdf
09,093840,塩谷町,tokko_march,3b,特別交付税 3月分,2021-04-01,2022-03-31,2022-03-18,0,交付決定日(報道発表),2022-03-18,,千円,,報道発表に町村の個別額なし(都道府県計のみ),,,未取得,2021-03-20,2022-03-18,gen-mlit-release-2021;gen-election-shugiin_20211031_smd_09_2;gen-tokko-2021-tokko_dec;gen-tokko-2021-tokko_march,https://www.soumu.go.jp/main_content/000799619.pdf
09,093840,塩谷町,tokko_march,3b,特別交付税 3月分,2022-04-01,2023-03-31,2023-03-22,0,交付決定日(報道発表),2023-03-22,,千円,,報道発表に町村の個別額なし(都道府県計のみ),,,未取得,2022-03-19,2023-03-22,gen-mlit-release-2022;gen-election-sangiin_20220710_smd_09_1;gen-tokko-2022-tokko_dec;gen-tokko-2022-tokko_march,https://www.soumu.go.jp/main_content/000869990.pdf
09,093840,塩谷町,tokko_march,3b,特別交付税 3月分,2023-04-01,2024-03-31,2024-03-22,0,交付決定日(報道発表),2024-03-22,,千円,,報道発表に町村の個別額なし(都道府県計のみ),,,未取得,2023-03-23,2024-03-22,gen-mlit-release-2023;gen-tokko-2023-tokko_dec;gen-tokko-2023-tokko_march,https://www.soumu.go.jp/main_content/000997045.pdf
09,093840,塩谷町,tokko_march,3b,特別交付税 3月分,2024-04-01,2025-03-31,2025-03-21,0,交付決定日(報道発表),2025-03-21,,千円,,報道発表に町村の個別額なし(都道府県計のみ),,,未取得,2024-03-23,2025-03-21,gen-mlit-release-2024;gen-election-shugiin_20241027_smd_09_2;gen-tokko-2024-tokko_dec;gen-tokko-2024-tokko_march,https://www.soumu.go.jp/main_content/000998441.pdf
09,093840,塩谷町,tokko_march,3b,特別交付税 3月分,2025-04-01,2026-03-31,2026-03-17,0,交付決定日(報道発表),2026-03-17,,千円,,報道発表に町村の個別額なし(都道府県計のみ),,,未取得,2025-03-22,2026-03-17,gen-mlit-release-2025;gen-election-sangiin_20250720_smd_09_1;gen-tokko-2025-tokko_dec;gen-election-shugiin_20260208_smd_09_2;gen-cabinet-2026-02-18;gen-position-motegi_toshimitsu-外務大臣-2026-02-18;gen-tokko-2025-tokko_march,https://www.soumu.go.jp/main_content/001061260.pdf
09,093840,塩谷町,mlit_sole_grants,4,社総交・防安交 単独策定主体の国費,2021-04-01,2022-03-31,2021-03-30,1,当初配分の報道発表日を代用(交付決定日は未公表),2021-03-30,0.0,千円,0,,,,未取得,,,,https://www.mlit.go.jp/common/001396522.pdf
09,093840,塩谷町,mlit_sole_grants,4,社総交・防安交 単独策定主体の国費,2022-04-01,2023-03-31,2022-03-25,1,当初配分の報道発表日を代用(交付決定日は未公表),2022-03-25,0.0,千円,0,,0.0,,未取得,2021-03-31,2022-03-25,gen-election-shugiin_20211031_smd_09_2;gen-tokko-2021-tokko_dec;gen-tokko-2021-tokko_march;gen-mlit-release-2022,https://www.mlit.go.jp/page/content/001472731.pdf
09,093840,塩谷町,mlit_sole_grants,4,社総交・防安交 単独策定主体の国費,2023-04-01,2024-03-31,2023-03-31,1,当初配分の報道発表日を代用(交付決定日は未公表),2023-03-31,0.0,千円,0,,0.0,,未取得,2022-03-26,2023-03-31,gen-election-sangiin_20220710_smd_09_1;gen-tokko-2022-tokko_dec;gen-tokko-2022-tokko_march;gen-mlit-release-2023,https://www.mlit.go.jp/page/content/001596924.pdf
09,093840,塩谷町,mlit_sole_grants,4,社総交・防安交 単独策定主体の国費,2024-04-01,2025-03-31,2024-04-01,1,当初配分の報道発表日を代用(交付決定日は未公表),2024-04-01,0.0,千円,0,,0.0,,未取得,2023-04-01,2024-04-01,gen-tokko-2023-tokko_dec;gen-tokko-2023-tokko_march;gen-mlit-release-2024,https://www.mlit.go.jp/page/content/001735005.pdf
09,093840,塩谷町,mlit_sole_grants,4,社総交・防安交 単独策定主体の国費,2025-04-01,2026-03-31,2025-04-01,1,当初配分の報道発表日を代用(交付決定日は未公表),2025-04-01,0.0,千円,0,,0.0,,未取得,2024-04-02,2025-04-01,gen-election-shugiin_20241027_smd_09_2;gen-tokko-2024-tokko_dec;gen-tokko-2024-tokko_march;gen-mlit-release-2025,https://www.mlit.go.jp/page/content/001879738.pdf
09,093840,塩谷町,mlit_sole_grants,4,社総交・防安交 単独策定主体の国費,2026-04-01,2027-03-31,2026-04-07,1,当初配分の報道発表日を代用(交付決定日は未公表),2026-04-07,0.0,千円,0,,0.0,,未取得,2025-04-02,2026-04-07,gen-election-sangiin_20250720_smd_09_1;gen-tokko-2025-tokko_dec;gen-election-shugiin_20260208_smd_09_2;gen-cabinet-2026-02-18;gen-position-motegi_toshimitsu-外務大臣-2026-02-18;gen-tokko-2025-tokko_march;gen-mlit-release-2026,https://www.mlit.go.jp/page/content/001994561.pdf
09,093840,塩谷町,mlit_road,5,道路局箇所表 事業主体=当該市町の国費,2021-04-01,2022-03-31,2021-03-30,1,当初配分の報道発表日を代用(交付決定日は未公表),2021-03-30,79000.0,千円,1,,,,未取得,,,,https://www.mlit.go.jp/common/001396522.pdf
09,093840,塩谷町,mlit_road,5,道路局箇所表 事業主体=当該市町の国費,2022-04-01,2023-03-31,2022-03-25,1,当初配分の報道発表日を代用(交付決定日は未公表),2022-03-25,36000.0,千円,1,,-43000.0,-0.5443037974683544,減少,2021-03-31,2022-03-25,gen-election-shugiin_20211031_smd_09_2;gen-tokko-2021-tokko_dec;gen-tokko-2021-tokko_march;gen-mlit-release-2022,https://www.mlit.go.jp/page/content/001472731.pdf
09,093840,塩谷町,mlit_road,5,道路局箇所表 事業主体=当該市町の国費,2023-04-01,2024-03-31,2023-03-31,1,当初配分の報道発表日を代用(交付決定日は未公表),2023-03-31,11000.0,千円,1,,-25000.0,-0.6944444444444444,減少,2022-03-26,2023-03-31,gen-election-sangiin_20220710_smd_09_1;gen-tokko-2022-tokko_dec;gen-tokko-2022-tokko_march;gen-mlit-release-2023,https://www.mlit.go.jp/page/content/001596924.pdf
09,093840,塩谷町,mlit_road,5,道路局箇所表 事業主体=当該市町の国費,2024-04-01,2025-03-31,2024-04-01,1,当初配分の報道発表日を代用(交付決定日は未公表),2024-04-01,7000.0,千円,1,,-4000.0,-0.36363636363636365,減少,2023-04-01,2024-04-01,gen-tokko-2023-tokko_dec;gen-tokko-2023-tokko_march;gen-mlit-release-2024,https://www.mlit.go.jp/page/content/001735005.pdf
09,093840,塩谷町,mlit_road,5,道路局箇所表 事業主体=当該市町の国費,2025-04-01,2026-03-31,2025-04-01,1,当初配分の報道発表日を代用(交付決定日は未公表),2025-04-01,6000.0,千円,1,,-1000.0,-0.14285714285714285,減少,2024-04-02,2025-04-01,gen-election-shugiin_20241027_smd_09_2;gen-tokko-2024-tokko_dec;gen-tokko-2024-tokko_march;gen-mlit-release-2025,https://www.mlit.go.jp/page/content/001879738.pdf
09,093840,塩谷町,mlit_road,5,道路局箇所表 事業主体=当該市町の国費,2026-04-01,2027-03-31,2026-04-07,1,当初配分の報道発表日を代用(交付決定日は未公表),2026-04-07,4000.0,千円,1,,-2000.0,-0.3333333333333333,減少,2025-04-02,2026-04-07,gen-election-sangiin_20250720_smd_09_1;gen-tokko-2025-tokko_dec;gen-election-shugiin_20260208_smd_09_2;gen-cabinet-2026-02-18;gen-position-motegi_toshimitsu-外務大臣-2026-02-18;gen-tokko-2025-tokko_march;gen-mlit-release-2026,https://www.mlit.go.jp/page/content/001994561.pdf
09,093840,塩谷町,e_kokko,6,国庫支出金 計(決算、地方財政状況調査),2020-04-01,2021-03-31,2021-03-31,0,決算(年度末),,2027941.0,千円,,,,,未取得,,,,https://www.e-stat.go.jp/stat-search/file-download?statInfId=000032188698&fileKind=1
09,093840,塩谷町,e_kokko,6,国庫支出金 計(決算、地方財政状況調査),2021-04-01,2022-03-31,2022-03-31,0,決算(年度末),,873245.0,千円,,,-1154696.0,-0.5693932910276975,減少,2021-04-01,2022-03-31,gen-election-shugiin_20211031_smd_09_2;gen-tokko-2021-tokko_dec;gen-tokko-2021-tokko_march;gen-mlit-release-2022,https://www.e-stat.go.jp/stat-search/file-download?statInfId=000040044921&fileKind=1
09,093840,塩谷町,e_kokko,6,国庫支出金 計(決算、地方財政状況調査),2022-04-01,2023-03-31,2023-03-31,0,決算(年度末),,825544.0,千円,,,-47701.0,-0.05462499069562379,減少,2022-04-01,2023-03-31,gen-election-sangiin_20220710_smd_09_1;gen-tokko-2022-tokko_dec;gen-tokko-2022-tokko_march;gen-mlit-release-2023,https://www.e-stat.go.jp/stat-search/file-download?statInfId=000040171702&fileKind=1
09,093840,塩谷町,e_kokko,6,国庫支出金 計(決算、地方財政状況調査),2023-04-01,2024-03-31,2024-03-31,0,決算(年度末),,583624.0,千円,,,-241920.0,-0.29304313277063365,減少,2023-04-01,2024-03-31,gen-tokko-2023-tokko_dec;gen-tokko-2023-tokko_march,https://www.e-stat.go.jp/stat-search/file-download?statInfId=000040231591&fileKind=1
09,093840,塩谷町,e_kokko,6,国庫支出金 計(決算、地方財政状況調査),2024-04-01,2025-03-31,2025-03-31,0,決算(年度末),,678204.0,千円,,,94580.0,0.16205639247186546,増加,2024-04-01,2025-03-31,gen-mlit-release-2024;gen-election-shugiin_20241027_smd_09_2;gen-tokko-2024-tokko_dec;gen-tokko-2024-tokko_march,https://www.e-stat.go.jp/stat-search/file-download?statInfId=000040375638&fileKind=1
09,093840,塩谷町,e_kokko_futsuken,6,国庫支出金のうち普通建設事業費支出金(決算),2020-04-01,2021-03-31,2021-03-31,0,決算(年度末),,37222.0,千円,,,,,未取得,,,,https://www.e-stat.go.jp/stat-search/file-download?statInfId=000032188698&fileKind=1
09,093840,塩谷町,e_kokko_futsuken,6,国庫支出金のうち普通建設事業費支出金(決算),2021-04-01,2022-03-31,2022-03-31,0,決算(年度末),,28098.0,千円,,,-9124.0,-0.2451238514856805,減少,2021-04-01,2022-03-31,gen-election-shugiin_20211031_smd_09_2;gen-tokko-2021-tokko_dec;gen-tokko-2021-tokko_march;gen-mlit-release-2022,https://www.e-stat.go.jp/stat-search/file-download?statInfId=000040044921&fileKind=1
09,093840,塩谷町,e_kokko_futsuken,6,国庫支出金のうち普通建設事業費支出金(決算),2022-04-01,2023-03-31,2023-03-31,0,決算(年度末),,56826.0,千円,,,28728.0,1.0224215246636772,増加,2022-04-01,2023-03-31,gen-election-sangiin_20220710_smd_09_1;gen-tokko-2022-tokko_dec;gen-tokko-2022-tokko_march;gen-mlit-release-2023,https://www.e-stat.go.jp/stat-search/file-download?statInfId=000040171702&fileKind=1
09,093840,塩谷町,e_kokko_futsuken,6,国庫支出金のうち普通建設事業費支出金(決算),2023-04-01,2024-03-31,2024-03-31,0,決算(年度末),,20933.0,千円,,,-35893.0,-0.6316298877274487,減少,2023-04-01,2024-03-31,gen-tokko-2023-tokko_dec;gen-tokko-2023-tokko_march,https://www.e-stat.go.jp/stat-search/file-download?statInfId=000040231591&fileKind=1
09,093840,塩谷町,e_kokko_futsuken,6,国庫支出金のうち普通建設事業費支出金(決算),2024-04-01,2025-03-31,2025-03-31,0,決算(年度末),,53724.0,千円,,,32791.0,1.5664739884393064,増加,2024-04-01,2025-03-31,gen-mlit-release-2024;gen-election-shugiin_20241027_smd_09_2;gen-tokko-2024-tokko_dec;gen-tokko-2024-tokko_march,https://www.e-stat.go.jp/stat-search/file-download?statInfId=000040375638&fileKind=1
09,093840,塩谷町,e_kokko_saigai,6,国庫支出金のうち災害復旧事業費支出金(決算),2020-04-01,2021-03-31,2021-03-31,0,決算(年度末),,159106.0,千円,,,,,未取得,,,,https://www.e-stat.go.jp/stat-search/file-download?statInfId=000032188698&fileKind=1
09,093840,塩谷町,e_kokko_saigai,6,国庫支出金のうち災害復旧事業費支出金(決算),2021-04-01,2022-03-31,2022-03-31,0,決算(年度末),,38930.0,千円,,,-120176.0,-0.7553203524694229,減少,2021-04-01,2022-03-31,gen-election-shugiin_20211031_smd_09_2;gen-tokko-2021-tokko_dec;gen-tokko-2021-tokko_march;gen-mlit-release-2022,https://www.e-stat.go.jp/stat-search/file-download?statInfId=000040044921&fileKind=1
09,093840,塩谷町,e_kokko_saigai,6,国庫支出金のうち災害復旧事業費支出金(決算),2022-04-01,2023-03-31,2023-03-31,0,決算(年度末),,0.0,千円,,,-38930.0,-1.0,減少,2022-04-01,2023-03-31,gen-election-sangiin_20220710_smd_09_1;gen-tokko-2022-tokko_dec;gen-tokko-2022-tokko_march;gen-mlit-release-2023,https://www.e-stat.go.jp/stat-search/file-download?statInfId=000040171702&fileKind=1
09,093840,塩谷町,e_kokko_saigai,6,国庫支出金のうち災害復旧事業費支出金(決算),2023-04-01,2024-03-31,2024-03-31,0,決算(年度末),,8866.0,千円,,,8866.0,,未取得,2023-04-01,2024-03-31,gen-tokko-2023-tokko_dec;gen-tokko-2023-tokko_march,https://www.e-stat.go.jp/stat-search/file-download?statInfId=000040231591&fileKind=1
09,093840,塩谷町,e_kokko_saigai,6,国庫支出金のうち災害復旧事業費支出金(決算),2024-04-01,2025-03-31,2025-03-31,0,決算(年度末),,16182.0,千円,,,7316.0,0.8251748251748252,増加,2024-04-01,2025-03-31,gen-mlit-release-2024;gen-election-shugiin_20241027_smd_09_2;gen-tokko-2024-tokko_dec;gen-tokko-2024-tokko_march,https://www.e-stat.go.jp/stat-search/file-download?statInfId=000040375638&fileKind=1
09,093840,塩谷町,e_kokko_shasoukou,6,国庫支出金のうち社会資本整備総合交付金(決算),2020-04-01,2021-03-31,2021-03-31,0,決算(年度末),,39491.0,千円,,,,,未取得,,,,https://www.e-stat.go.jp/stat-search/file-download?statInfId=000032188698&fileKind=1
09,093840,塩谷町,e_kokko_shasoukou,6,国庫支出金のうち社会資本整備総合交付金(決算),2021-04-01,2022-03-31,2022-03-31,0,決算(年度末),,5792.0,千円,,,-33699.0,-0.8533336709630043,減少,2021-04-01,2022-03-31,gen-election-shugiin_20211031_smd_09_2;gen-tokko-2021-tokko_dec;gen-tokko-2021-tokko_march;gen-mlit-release-2022,https://www.e-stat.go.jp/stat-search/file-download?statInfId=000040044921&fileKind=1
09,093840,塩谷町,e_kokko_shasoukou,6,国庫支出金のうち社会資本整備総合交付金(決算),2022-04-01,2023-03-31,2023-03-31,0,決算(年度末),,27796.0,千円,,,22004.0,3.7990331491712706,増加,2022-04-01,2023-03-31,gen-election-sangiin_20220710_smd_09_1;gen-tokko-2022-tokko_dec;gen-tokko-2022-tokko_march;gen-mlit-release-2023,https://www.e-stat.go.jp/stat-search/file-download?statInfId=000040171702&fileKind=1
09,093840,塩谷町,e_kokko_shasoukou,6,国庫支出金のうち社会資本整備総合交付金(決算),2023-04-01,2024-03-31,2024-03-31,0,決算(年度末),,0.0,千円,,,-27796.0,-1.0,減少,2023-04-01,2024-03-31,gen-tokko-2023-tokko_dec;gen-tokko-2023-tokko_march,https://www.e-stat.go.jp/stat-search/file-download?statInfId=000040231591&fileKind=1
09,093840,塩谷町,e_kokko_shasoukou,6,国庫支出金のうち社会資本整備総合交付金(決算),2024-04-01,2025-03-31,2025-03-31,0,決算(年度末),,0.0,千円,,,0.0,,未取得,2024-04-01,2025-03-31,gen-mlit-release-2024;gen-election-shugiin_20241027_smd_09_2;gen-tokko-2024-tokko_dec;gen-tokko-2024-tokko_march,https://www.e-stat.go.jp/stat-search/file-download?statInfId=000040375638&fileKind=1
09,093840,塩谷町,e_pref,6,都道府県支出金 計(決算),2020-04-01,2021-03-31,2021-03-31,0,決算(年度末),,436014.0,千円,,,,,未取得,,,,https://www.e-stat.go.jp/stat-search/file-download?statInfId=000032188698&fileKind=1
09,093840,塩谷町,e_pref,6,都道府県支出金 計(決算),2021-04-01,2022-03-31,2022-03-31,0,決算(年度末),,389856.0,千円,,,-46158.0,-0.1058635731880169,減少,2021-04-01,2022-03-31,gen-election-shugiin_20211031_smd_09_2;gen-tokko-2021-tokko_dec;gen-tokko-2021-tokko_march;gen-mlit-release-2022,https://www.e-stat.go.jp/stat-search/file-download?statInfId=000040044921&fileKind=1
09,093840,塩谷町,e_pref,6,都道府県支出金 計(決算),2022-04-01,2023-03-31,2023-03-31,0,決算(年度末),,579739.0,千円,,,189883.0,0.48705932446852174,増加,2022-04-01,2023-03-31,gen-election-sangiin_20220710_smd_09_1;gen-tokko-2022-tokko_dec;gen-tokko-2022-tokko_march;gen-mlit-release-2023,https://www.e-stat.go.jp/stat-search/file-download?statInfId=000040171702&fileKind=1
09,093840,塩谷町,e_pref,6,都道府県支出金 計(決算),2023-04-01,2024-03-31,2024-03-31,0,決算(年度末),,390191.0,千円,,,-189548.0,-0.32695402586336264,減少,2023-04-01,2024-03-31,gen-tokko-2023-tokko_dec;gen-tokko-2023-tokko_march,https://www.e-stat.go.jp/stat-search/file-download?statInfId=000040231591&fileKind=1
09,093840,塩谷町,e_pref,6,都道府県支出金 計(決算),2024-04-01,2025-03-31,2025-03-31,0,決算(年度末),,399825.0,千円,,,9634.0,0.024690472102124345,横ばい,2024-04-01,2025-03-31,gen-mlit-release-2024;gen-election-shugiin_20241027_smd_09_2;gen-tokko-2024-tokko_dec;gen-tokko-2024-tokko_march,https://www.e-stat.go.jp/stat-search/file-download?statInfId=000040375638&fileKind=1
09,093840,塩谷町,e_futsu,6,普通交付税(決算),2020-04-01,2021-03-31,2021-03-31,0,決算(年度末),,1706040.0,千円,,,,,未取得,,,,https://www.e-stat.go.jp/stat-search/file-download?statInfId=000032188698&fileKind=1
09,093840,塩谷町,e_futsu,6,普通交付税(決算),2021-04-01,2022-03-31,2022-03-31,0,決算(年度末),,1987944.0,千円,,,281904.0,0.16523879862136878,増加,2021-04-01,2022-03-31,gen-election-shugiin_20211031_smd_09_2;gen-tokko-2021-tokko_dec;gen-tokko-2021-tokko_march;gen-mlit-release-2022,https://www.e-stat.go.jp/stat-search/file-download?statInfId=000040044921&fileKind=1
09,093840,塩谷町,e_futsu,6,普通交付税(決算),2022-04-01,2023-03-31,2023-03-31,0,決算(年度末),,1964101.0,千円,,,-23843.0,-0.011993798618069724,横ばい,2022-04-01,2023-03-31,gen-election-sangiin_20220710_smd_09_1;gen-tokko-2022-tokko_dec;gen-tokko-2022-tokko_march;gen-mlit-release-2023,https://www.e-stat.go.jp/stat-search/file-download?statInfId=000040171702&fileKind=1
09,093840,塩谷町,e_futsu,6,普通交付税(決算),2023-04-01,2024-03-31,2024-03-31,0,決算(年度末),,1993251.0,千円,,,29150.0,0.014841395630876416,横ばい,2023-04-01,2024-03-31,gen-tokko-2023-tokko_dec;gen-tokko-2023-tokko_march,https://www.e-stat.go.jp/stat-search/file-download?statInfId=000040231591&fileKind=1
09,093840,塩谷町,e_futsu,6,普通交付税(決算),2024-04-01,2025-03-31,2025-03-31,0,決算(年度末),,2135563.0,千円,,,142312.0,0.07139692893669689,増加,2024-04-01,2025-03-31,gen-mlit-release-2024;gen-election-shugiin_20241027_smd_09_2;gen-tokko-2024-tokko_dec;gen-tokko-2024-tokko_march,https://www.e-stat.go.jp/stat-search/file-download?statInfId=000040375638&fileKind=1
09,093840,塩谷町,e_tokko,6,特別交付税(決算),2020-04-01,2021-03-31,2021-03-31,0,決算(年度末),,266021.0,千円,,,,,未取得,,,,https://www.e-stat.go.jp/stat-search/file-download?statInfId=000032188698&fileKind=1
09,093840,塩谷町,e_tokko,6,特別交付税(決算),2021-04-01,2022-03-31,2022-03-31,0,決算(年度末),,290050.0,千円,,,24029.0,0.09032745535126926,増加,2021-04-01,2022-03-31,gen-election-shugiin_20211031_smd_09_2;gen-tokko-2021-tokko_dec;gen-tokko-2021-tokko_march;gen-mlit-release-2022,https://www.e-stat.go.jp/stat-search/file-download?statInfId=000040044921&fileKind=1
09,093840,塩谷町,e_tokko,6,特別交付税(決算),2022-04-01,2023-03-31,2023-03-31,0,決算(年度末),,291206.0,千円,,,1156.0,0.003985519737976211,横ばい,2022-04-01,2023-03-31,gen-election-sangiin_20220710_smd_09_1;gen-tokko-2022-tokko_dec;gen-tokko-2022-tokko_march;gen-mlit-release-2023,https://www.e-stat.go.jp/stat-search/file-download?statInfId=000040171702&fileKind=1
09,093840,塩谷町,e_tokko,6,特別交付税(決算),2023-04-01,2024-03-31,2024-03-31,0,決算(年度末),,294185.0,千円,,,2979.0,0.010229871637260222,横ばい,2023-04-01,2024-03-31,gen-tokko-2023-tokko_dec;gen-tokko-2023-tokko_march,https://www.e-stat.go.jp/stat-search/file-download?statInfId=000040231591&fileKind=1
09,093840,塩谷町,e_tokko,6,特別交付税(決算),2024-04-01,2025-03-31,2025-03-31,0,決算(年度末),,300763.0,千円,,,6578.0,0.02236007954178493,横ばい,2024-04-01,2025-03-31,gen-mlit-release-2024;gen-election-shugiin_20241027_smd_09_2;gen-tokko-2024-tokko_dec;gen-tokko-2024-tokko_march,https://www.e-stat.go.jp/stat-search/file-download?statInfId=000040375638&fileKind=1
09,093840,塩谷町,e_road_kokko,7,道路橋りょう費に充当した国庫支出金(決算),2020-04-01,2021-03-31,2021-03-31,0,決算(年度末),,39491.0,千円,,,,,未取得,,,,https://www.e-stat.go.jp/stat-search/file-download?statInfId=000032188710&fileKind=1
09,093840,塩谷町,e_road_kokko,7,道路橋りょう費に充当した国庫支出金(決算),2021-04-01,2022-03-31,2022-03-31,0,決算(年度末),,30761.0,千円,,,-8730.0,-0.22106302701881442,減少,2021-04-01,2022-03-31,gen-election-shugiin_20211031_smd_09_2;gen-tokko-2021-tokko_dec;gen-tokko-2021-tokko_march;gen-mlit-release-2022,https://www.e-stat.go.jp/stat-search/file-download?statInfId=000040044933&fileKind=1
09,093840,塩谷町,e_road_kokko,7,道路橋りょう費に充当した国庫支出金(決算),2022-04-01,2023-03-31,2023-03-31,0,決算(年度末),,78436.0,千円,,,47675.0,1.5498520854328532,増加,2022-04-01,2023-03-31,gen-election-sangiin_20220710_smd_09_1;gen-tokko-2022-tokko_dec;gen-tokko-2022-tokko_march;gen-mlit-release-2023,https://www.e-stat.go.jp/stat-search/file-download?statInfId=000040171714&fileKind=1
09,093840,塩谷町,e_road_kokko,7,道路橋りょう費に充当した国庫支出金(決算),2023-04-01,2024-03-31,2024-03-31,0,決算(年度末),,17811.0,千円,,,-60625.0,-0.7729231475342955,減少,2023-04-01,2024-03-31,gen-tokko-2023-tokko_dec;gen-tokko-2023-tokko_march,https://www.e-stat.go.jp/stat-search/file-download?statInfId=000040231603&fileKind=1
09,093840,塩谷町,e_road_kokko,7,道路橋りょう費に充当した国庫支出金(決算),2024-04-01,2025-03-31,2025-03-31,0,決算(年度末),,32898.0,千円,,,15087.0,0.8470608051204312,増加,2024-04-01,2025-03-31,gen-mlit-release-2024;gen-election-shugiin_20241027_smd_09_2;gen-tokko-2024-tokko_dec;gen-tokko-2024-tokko_march,https://www.e-stat.go.jp/stat-search/file-download?statInfId=000040375650&fileKind=1
09,093840,塩谷町,e_hojo_road_kokko,8,補助事業費(道路・橋りょう)の国庫支出金(決算),2020-04-01,2021-03-31,2021-03-31,0,決算(年度末),,10507.0,千円,,,,,未取得,,,,https://www.e-stat.go.jp/stat-search/file-download?statInfId=000032188732&fileKind=1
09,093840,塩谷町,e_hojo_road_kokko,8,補助事業費(道路・橋りょう)の国庫支出金(決算),2021-04-01,2022-03-31,2022-03-31,0,決算(年度末),,26994.0,千円,,,16487.0,1.5691443799371847,増加,2021-04-01,2022-03-31,gen-election-shugiin_20211031_smd_09_2;gen-tokko-2021-tokko_dec;gen-tokko-2021-tokko_march;gen-mlit-release-2022,https://www.e-stat.go.jp/stat-search/file-download?statInfId=000040044955&fileKind=1
09,093840,塩谷町,e_hojo_road_kokko,8,補助事業費(道路・橋りょう)の国庫支出金(決算),2022-04-01,2023-03-31,2023-03-31,0,決算(年度末),,78436.0,千円,,,51442.0,1.9056827443135511,増加,2022-04-01,2023-03-31,gen-election-sangiin_20220710_smd_09_1;gen-tokko-2022-tokko_dec;gen-tokko-2022-tokko_march;gen-mlit-release-2023,https://www.e-stat.go.jp/stat-search/file-download?statInfId=000040171736&fileKind=1
09,093840,塩谷町,e_hojo_road_kokko,8,補助事業費(道路・橋りょう)の国庫支出金(決算),2023-04-01,2024-03-31,2024-03-31,0,決算(年度末),,17811.0,千円,,,-60625.0,-0.7729231475342955,減少,2023-04-01,2024-03-31,gen-tokko-2023-tokko_dec;gen-tokko-2023-tokko_march,https://www.e-stat.go.jp/stat-search/file-download?statInfId=000040231625&fileKind=1
09,093840,塩谷町,e_hojo_road_kokko,8,補助事業費(道路・橋りょう)の国庫支出金(決算),2024-04-01,2025-03-31,2025-03-31,0,決算(年度末),,28971.0,千円,,,11160.0,0.6265790803436079,増加,2024-04-01,2025-03-31,gen-mlit-release-2024;gen-election-shugiin_20241027_smd_09_2;gen-tokko-2024-tokko_dec;gen-tokko-2024-tokko_march,https://www.e-stat.go.jp/stat-search/file-download?statInfId=000040375672&fileKind=1
09,093840,塩谷町,futsu_decided,9,普通交付税 当初決定額,2021-04-01,2022-03-31,2021-08-03,0,当初決定日(算定結果の報道資料の日付),2021-08-03,1846493.0,千円,,,,,未取得,,,,https://www.soumu.go.jp/main_content/000761570.xlsx
09,093840,塩谷町,futsu_decided,9,普通交付税 当初決定額,2022-04-01,2023-03-31,2022-07-26,0,当初決定日(算定結果の報道資料の日付),2022-07-26,1901375.0,千円,,,54882.0,0.02972228976768393,横ばい,2021-08-04,2022-07-26,gen-election-shugiin_20211031_smd_09_2;gen-tokko-2021-tokko_dec;gen-tokko-2021-tokko_march;gen-mlit-release-2022;gen-election-sangiin_20220710_smd_09_1,https://www.soumu.go.jp/main_content/000762090.xlsx
09,093840,塩谷町,futsu_decided,9,普通交付税 当初決定額,2023-04-01,2024-03-31,2023-07-28,0,当初決定日(算定結果の報道資料の日付),2023-07-28,1949849.0,千円,,,48474.0,0.025494181842087963,横ばい,2022-07-27,2023-07-28,gen-tokko-2022-tokko_dec;gen-tokko-2022-tokko_march;gen-mlit-release-2023,https://www.soumu.go.jp/main_content/000894237.xlsx
09,093840,塩谷町,futsu_decided,9,普通交付税 当初決定額,2024-04-01,2025-03-31,2024-07-23,0,当初決定日(算定結果の報道資料の日付),2024-07-23,2042368.0,千円,,,92519.0,0.04744931530595446,横ばい,2023-07-29,2024-07-23,gen-tokko-2023-tokko_dec;gen-tokko-2023-tokko_march;gen-mlit-release-2024,https://www.soumu.go.jp/main_content/000958553.xlsx
09,093840,塩谷町,futsu_decided,9,普通交付税 当初決定額,2025-04-01,2026-03-31,2025-07-29,0,当初決定日(算定結果の報道資料の日付),2025-07-29,2128478.0,千円,,,86110.0,0.04216184350714465,横ばい,2024-07-24,2025-07-29,gen-election-shugiin_20241027_smd_09_2;gen-tokko-2024-tokko_dec;gen-tokko-2024-tokko_march;gen-mlit-release-2025;gen-election-sangiin_20250720_smd_09_1,https://www.soumu.go.jp/main_content/001022466.xlsx
09,093840,塩谷町,futsu_decided,9,普通交付税 当初決定額,2026-04-01,2027-03-31,2026-07-24,0,当初決定日(算定結果の報道資料の日付),2026-07-24,2204052.0,千円,,,75574.0,0.03550612221502877,横ばい,2025-07-30,2026-07-24,gen-tokko-2025-tokko_dec;gen-election-shugiin_20260208_smd_09_2;gen-cabinet-2026-02-18;gen-position-motegi_toshimitsu-外務大臣-2026-02-18;gen-tokko-2025-tokko_march;gen-mlit-release-2026,https://www.soumu.go.jp/main_content/001083404.xlsx
09,093840,塩谷町,kofu_total,10,国交省 交付決定額 計(年度合計),2017-04-01,2018-03-31,2018-03-31,1,年度内で最後の交付決定日(交付決定がない年度は年度末)。値は年度合計(変更減額を含む),,70601.0,千円,,,,,未取得,,,,https://www.mlit.go.jp/common/001210869.xlsx
09,093840,塩谷町,kofu_total,10,国交省 交付決定額 計(年度合計),2018-04-01,2019-03-31,2018-09-03,1,年度内で最後の交付決定日(交付決定がない年度は年度末)。値は年度合計(変更減額を含む),,83894.0,千円,,,13293.0,0.18828345207574965,増加,2018-04-01,2018-09-03,,https://www.mlit.go.jp/common/001260907.xlsx
09,093840,塩谷町,kofu_total,10,国交省 交付決定額 計(年度合計),2019-04-01,2020-03-31,2020-03-31,1,年度内で最後の交付決定日(交付決定がない年度は年度末)。値は年度合計(変更減額を含む),,158025.0,千円,,,74131.0,0.883626957827735,増加,2018-09-04,2020-03-31,,https://www.mlit.go.jp/common/001316172.xlsx
09,093840,塩谷町,kofu_total,10,国交省 交付決定額 計(年度合計),2020-04-01,2021-03-31,2021-03-31,1,年度内で最後の交付決定日(交付決定がない年度は年度末)。値は年度合計(変更減額を含む),,48883.0,千円,,,-109142.0,-0.6906628697990824,減少,2020-04-01,2021-03-31,gen-tokko-2020-tokko_dec;gen-tokko-2020-tokko_march;gen-mlit-release-2021,https://www.mlit.go.jp/common/001371589.xlsx
09,093840,塩谷町,kofu_total,10,国交省 交付決定額 計(年度合計),2021-04-01,2022-03-31,2022-02-09,1,年度内で最後の交付決定日(交付決定がない年度は年度末)。値は年度合計(変更減額を含む),,33541.0,千円,,,-15342.0,-0.3138514411963259,減少,2021-04-01,2022-02-09,gen-election-shugiin_20211031_smd_09_2;gen-tokko-2021-tokko_dec,https://www.mlit.go.jp/common/001579048.xlsx
09,093840,塩谷町,kofu_total,10,国交省 交付決定額 計(年度合計),2022-04-01,2023-03-31,2023-02-01,1,年度内で最後の交付決定日(交付決定がない年度は年度末)。値は年度合計(変更減額を含む),,30555.0,千円,,,-2986.0,-0.0890253719328583,減少,2022-02-10,2023-02-01,gen-tokko-2021-tokko_march;gen-mlit-release-2022;gen-election-sangiin_20220710_smd_09_1;gen-tokko-2022-tokko_dec,https://www.mlit.go.jp/common/001426891.xlsx
09,093840,塩谷町,kofu_total,10,国交省 交付決定額 計(年度合計),2023-04-01,2024-03-31,2024-03-08,1,年度内で最後の交付決定日(交付決定がない年度は年度末)。値は年度合計(変更減額を含む),,38183.0,千円,,,7628.0,0.2496481754213713,増加,2023-02-02,2024-03-08,gen-tokko-2022-tokko_march;gen-mlit-release-2023;gen-tokko-2023-tokko_dec,https://www.mlit.go.jp/page/content/001749355.xlsx
09,093840,塩谷町,kofu_total,10,国交省 交付決定額 計(年度合計),2024-04-01,2025-03-31,2025-02-10,1,年度内で最後の交付決定日(交付決定がない年度は年度末)。値は年度合計(変更減額を含む),,37528.0,千円,,,-655.0,-0.01715423094047089,横ばい,2024-03-09,2025-02-10,gen-tokko-2023-tokko_march;gen-mlit-release-2024;gen-election-shugiin_20241027_smd_09_2;gen-tokko-2024-tokko_dec,https://www.mlit.go.jp/page/content/001889200.xlsx
09,093840,塩谷町,kofu_total,10,国交省 交付決定額 計(年度合計),2025-04-01,2026-03-31,2026-02-27,1,年度内で最後の交付決定日(交付決定がない年度は年度末)。値は年度合計(変更減額を含む),,17157.0,千円,,,-20371.0,-0.5428213600511618,減少,2025-02-11,2026-02-27,gen-tokko-2024-tokko_march;gen-mlit-release-2025;gen-election-sangiin_20250720_smd_09_1;gen-tokko-2025-tokko_dec;gen-election-shugiin_20260208_smd_09_2;gen-cabinet-2026-02-18;gen-position-motegi_toshimitsu-外務大臣-2026-02-18,https://www.mlit.go.jp/page/content/001968987.xlsx
09,093840,塩谷町,kofu_shasoukou,10,国交省 交付決定額 社会資本整備総合交付金,2017-04-01,2018-03-31,2018-03-31,1,年度内で最後の交付決定日(交付決定がない年度は年度末)。値は年度合計(変更減額を含む),,70601.0,千円,,,,,未取得,,,,https://www.mlit.go.jp/common/001306061.xlsx
09,093840,塩谷町,kofu_shasoukou,10,国交省 交付決定額 社会資本整備総合交付金,2018-04-01,2019-03-31,2018-09-03,1,年度内で最後の交付決定日(交付決定がない年度は年度末)。値は年度合計(変更減額を含む),,83894.0,千円,,,13293.0,0.18828345207574965,増加,2018-04-01,2018-09-03,,https://www.mlit.go.jp/common/001288716.xlsx
09,093840,塩谷町,kofu_shasoukou,10,国交省 交付決定額 社会資本整備総合交付金,2019-04-01,2020-03-31,2020-03-31,1,年度内で最後の交付決定日(交付決定がない年度は年度末)。値は年度合計(変更減額を含む),,41411.0,千円,,,-42483.0,-0.5063890147090376,減少,2018-09-04,2020-03-31,,https://www.mlit.go.jp/common/001316186.xlsx
09,093840,塩谷町,kofu_shasoukou,10,国交省 交付決定額 社会資本整備総合交付金,2020-04-01,2021-03-31,2021-03-31,1,年度内で最後の交付決定日(交付決定がない年度は年度末)。値は年度合計(変更減額を含む),,17533.0,千円,,,-23878.0,-0.5766100794474898,減少,2020-04-01,2021-03-31,gen-tokko-2020-tokko_dec;gen-tokko-2020-tokko_march;gen-mlit-release-2021,https://www.mlit.go.jp/common/001371606.xlsx
09,093840,塩谷町,kofu_shasoukou,10,国交省 交付決定額 社会資本整備総合交付金,2021-04-01,2022-03-31,2022-03-31,1,年度内で最後の交付決定日(交付決定がない年度は年度末)。値は年度合計(変更減額を含む),,194.0,千円,,,-17339.0,-0.9889351508583814,減少,2021-04-01,2022-03-31,gen-election-shugiin_20211031_smd_09_2;gen-tokko-2021-tokko_dec;gen-tokko-2021-tokko_march;gen-mlit-release-2022,https://www.mlit.go.jp/common/001579064.xlsx
09,093840,塩谷町,kofu_shasoukou,10,国交省 交付決定額 社会資本整備総合交付金,2022-04-01,2023-03-31,2023-03-31,1,年度内で最後の交付決定日(交付決定がない年度は年度末)。値は年度合計(変更減額を含む),,0.0,千円,,,-194.0,-1.0,減少,2022-04-01,2023-03-31,gen-election-sangiin_20220710_smd_09_1;gen-tokko-2022-tokko_dec;gen-tokko-2022-tokko_march;gen-mlit-release-2023,https://www.mlit.go.jp/common/001426909.xlsx
09,093840,塩谷町,kofu_shasoukou,10,国交省 交付決定額 社会資本整備総合交付金,2023-04-01,2024-03-31,2023-08-03,1,年度内で最後の交付決定日(交付決定がない年度は年度末)。値は年度合計(変更減額を含む),,22125.0,千円,,,22125.0,,未取得,2023-04-01,2023-08-03,,https://www.mlit.go.jp/page/content/001708175.xlsx
09,093840,塩谷町,kofu_shasoukou,10,国交省 交付決定額 社会資本整備総合交付金,2024-04-01,2025-03-31,2024-07-31,1,年度内で最後の交付決定日(交付決定がない年度は年度末)。値は年度合計(変更減額を含む),,16431.0,千円,,,-5694.0,-0.2573559322033898,減少,2023-08-04,2024-07-31,gen-tokko-2023-tokko_dec;gen-tokko-2023-tokko_march;gen-mlit-release-2024,https://www.mlit.go.jp/page/content/001842591.xlsx
09,093840,塩谷町,kofu_shasoukou,10,国交省 交付決定額 社会資本整備総合交付金,2025-04-01,2026-03-31,2025-06-26,1,年度内で最後の交付決定日(交付決定がない年度は年度末)。値は年度合計(変更減額を含む),,11829.0,千円,,,-4602.0,-0.28008033595033777,減少,2024-08-01,2025-06-26,gen-election-shugiin_20241027_smd_09_2;gen-tokko-2024-tokko_dec;gen-tokko-2024-tokko_march;gen-mlit-release-2025,https://www.mlit.go.jp/page/content/001969014.xlsx
09,093840,塩谷町,kofu_bouan,10,国交省 交付決定額 防災・安全交付金,2017-04-01,2018-03-31,2018-03-31,1,年度内で最後の交付決定日(交付決定がない年度は年度末)。値は年度合計(変更減額を含む),,70801.0,千円,,,,,未取得,,,,https://www.mlit.go.jp/common/001306061.xlsx
09,093840,塩谷町,kofu_bouan,10,国交省 交付決定額 防災・安全交付金,2018-04-01,2019-03-31,2018-09-03,1,年度内で最後の交付決定日(交付決定がない年度は年度末)。値は年度合計(変更減額を含む),,83894.0,千円,,,13093.0,0.18492676657109364,増加,2018-04-01,2018-09-03,,https://www.mlit.go.jp/common/001288716.xlsx
09,093840,塩谷町,kofu_bouan,10,国交省 交付決定額 防災・安全交付金,2019-04-01,2020-03-31,2020-03-31,1,年度内で最後の交付決定日(交付決定がない年度は年度末)。値は年度合計(変更減額を含む),,41411.0,千円,,,-42483.0,-0.5063890147090376,減少,2018-09-04,2020-03-31,,https://www.mlit.go.jp/common/001316186.xlsx
09,093840,塩谷町,kofu_bouan,10,国交省 交付決定額 防災・安全交付金,2020-04-01,2021-03-31,2021-03-31,1,年度内で最後の交付決定日(交付決定がない年度は年度末)。値は年度合計(変更減額を含む),,1098.0,千円,,,-40313.0,-0.9734853058366134,減少,2020-04-01,2021-03-31,gen-tokko-2020-tokko_dec;gen-tokko-2020-tokko_march;gen-mlit-release-2021,https://www.mlit.go.jp/common/001371606.xlsx
09,093840,塩谷町,kofu_bouan,10,国交省 交付決定額 防災・安全交付金,2021-04-01,2022-03-31,2022-03-31,1,年度内で最後の交付決定日(交付決定がない年度は年度末)。値は年度合計(変更減額を含む),,194.0,千円,,,-904.0,-0.8233151183970856,減少,2021-04-01,2022-03-31,gen-election-shugiin_20211031_smd_09_2;gen-tokko-2021-tokko_dec;gen-tokko-2021-tokko_march;gen-mlit-release-2022,https://www.mlit.go.jp/common/001579064.xlsx
09,093840,塩谷町,kofu_bouan,10,国交省 交付決定額 防災・安全交付金,2022-04-01,2023-03-31,2023-03-31,1,年度内で最後の交付決定日(交付決定がない年度は年度末)。値は年度合計(変更減額を含む),,10536.0,千円,,,10342.0,53.30927835051546,増加,2022-04-01,2023-03-31,gen-election-sangiin_20220710_smd_09_1;gen-tokko-2022-tokko_dec;gen-tokko-2022-tokko_march;gen-mlit-release-2023,https://www.mlit.go.jp/common/001426909.xlsx
09,093840,塩谷町,kofu_bouan,10,国交省 交付決定額 防災・安全交付金,2023-04-01,2024-03-31,2023-06-07,1,年度内で最後の交付決定日(交付決定がない年度は年度末)。値は年度合計(変更減額を含む),,1096.0,千円,,,-9440.0,-0.8959757023538345,減少,2023-04-01,2023-06-07,,https://www.mlit.go.jp/page/content/001708175.xlsx
09,093840,塩谷町,kofu_bouan,10,国交省 交付決定額 防災・安全交付金,2024-04-01,2025-03-31,2025-01-28,1,年度内で最後の交付決定日(交付決定がない年度は年度末)。値は年度合計(変更減額を含む),,1538.0,千円,,,442.0,0.4032846715328467,増加,2023-06-08,2025-01-28,gen-tokko-2023-tokko_dec;gen-tokko-2023-tokko_march;gen-mlit-release-2024;gen-election-shugiin_20241027_smd_09_2;gen-tokko-2024-tokko_dec,https://www.mlit.go.jp/page/content/001842591.xlsx
09,093840,塩谷町,kofu_bouan,10,国交省 交付決定額 防災・安全交付金,2025-04-01,2026-03-31,2026-02-27,1,年度内で最後の交付決定日(交付決定がない年度は年度末)。値は年度合計(変更減額を含む),,2156.0,千円,,,618.0,0.40182054616384916,増加,2025-01-29,2026-02-27,gen-tokko-2024-tokko_march;gen-mlit-release-2025;gen-election-sangiin_20250720_smd_09_1;gen-tokko-2025-tokko_dec;gen-election-shugiin_20260208_smd_09_2;gen-cabinet-2026-02-18;gen-position-motegi_toshimitsu-外務大臣-2026-02-18,https://www.mlit.go.jp/page/content/001969014.xlsx
09,093840,塩谷町,kofu_road,10,国交省 交付決定額 道路関係の補助,2017-04-01,2018-03-31,2018-03-31,1,年度内で最後の交付決定日(交付決定がない年度は年度末)。値は年度合計(変更減額を含む),,0.0,千円,,,,,未取得,,,,https://www.mlit.go.jp/common/001234557.xlsx
09,093840,塩谷町,kofu_road,10,国交省 交付決定額 道路関係の補助,2018-04-01,2019-03-31,2019-03-31,1,年度内で最後の交付決定日(交付決定がない年度は年度末)。値は年度合計(変更減額を含む),,0.0,千円,,,0.0,,未取得,2018-04-01,2019-03-31,,https://www.mlit.go.jp/common/001260897.xlsx
09,093840,塩谷町,kofu_road,10,国交省 交付決定額 道路関係の補助,2019-04-01,2020-03-31,2020-03-31,1,年度内で最後の交付決定日(交付決定がない年度は年度末)。値は年度合計(変更減額を含む),,0.0,千円,,,0.0,,未取得,2019-04-01,2020-03-31,,https://www.mlit.go.jp/common/001316175.xlsx
09,093840,塩谷町,kofu_road,10,国交省 交付決定額 道路関係の補助,2020-04-01,2021-03-31,2021-03-31,1,年度内で最後の交付決定日(交付決定がない年度は年度末)。値は年度合計(変更減額を含む),,31350.0,千円,,,31350.0,,未取得,2020-04-01,2021-03-31,gen-tokko-2020-tokko_dec;gen-tokko-2020-tokko_march;gen-mlit-release-2021,https://www.mlit.go.jp/common/001371629.xlsx
09,093840,塩谷町,kofu_road,10,国交省 交付決定額 道路関係の補助,2021-04-01,2022-03-31,2021-12-17,1,年度内で最後の交付決定日(交付決定がない年度は年度末)。値は年度合計(変更減額を含む),,31257.0,千円,,,-93.0,-0.0029665071770334926,横ばい,2021-04-01,2021-12-17,gen-election-shugiin_20211031_smd_09_2;gen-tokko-2021-tokko_dec,https://www.mlit.go.jp/common/001579051.xlsx
09,093840,塩谷町,kofu_road,10,国交省 交付決定額 道路関係の補助,2022-04-01,2023-03-31,2022-06-17,1,年度内で最後の交付決定日(交付決定がない年度は年度末)。値は年度合計(変更減額を含む),,20019.0,千円,,,-11238.0,-0.35953546405605147,減少,2021-12-18,2022-06-17,gen-tokko-2021-tokko_march;gen-mlit-release-2022,https://www.mlit.go.jp/common/001426897.xlsx
09,093840,塩谷町,kofu_road,10,国交省 交付決定額 道路関係の補助,2023-04-01,2024-03-31,2023-06-16,1,年度内で最後の交付決定日(交付決定がない年度は年度末)。値は年度合計(変更減額を含む),,6096.0,千円,,,-13923.0,-0.6954892851790798,減少,2022-06-18,2023-06-16,gen-election-sangiin_20220710_smd_09_1;gen-tokko-2022-tokko_dec;gen-tokko-2022-tokko_march;gen-mlit-release-2023,https://www.mlit.go.jp/page/content/001708164.xlsx
09,093840,塩谷町,kofu_road,10,国交省 交付決定額 道路関係の補助,2024-04-01,2025-03-31,2024-06-14,1,年度内で最後の交付決定日(交付決定がない年度は年度末)。値は年度合計(変更減額を含む),,3927.0,千円,,,-2169.0,-0.3558070866141732,減少,2023-06-17,2024-06-14,gen-tokko-2023-tokko_dec;gen-tokko-2023-tokko_march;gen-mlit-release-2024,https://www.mlit.go.jp/page/content/001889202.xlsx
09,093840,塩谷町,kofu_road,10,国交省 交付決定額 道路関係の補助,2025-04-01,2026-03-31,2025-05-16,1,年度内で最後の交付決定日(交付決定がない年度は年度末)。値は年度合計(変更減額を含む),,3172.0,千円,,,-755.0,-0.19225872167048638,減少,2024-06-15,2025-05-16,gen-election-shugiin_20241027_smd_09_2;gen-tokko-2024-tokko_dec;gen-tokko-2024-tokko_march;gen-mlit-release-2025,https://www.mlit.go.jp/page/content/001969000.xlsx
09,093866,高根沢町,card_kokko,1,国庫支出金(決算),2020-04-01,2021-03-31,2021-03-31,0,決算(年度末),,4710556.0,千円,,,,,未取得,,,,https://www.soumu.go.jp/main_content/000804135.xlsx
09,093866,高根沢町,card_kokko,1,国庫支出金(決算),2021-04-01,2022-03-31,2022-03-31,0,決算(年度末),,2479941.0,千円,,,-2230615.0,-0.4735353958216397,減少,2021-04-01,2022-03-31,gen-election-shugiin_20211031_smd_09_2;gen-tokko-2021-tokko_dec;gen-tokko-2021-tokko_march;gen-mlit-release-2022,https://www.soumu.go.jp/main_content/000873399.xlsx
09,093866,高根沢町,card_kokko,1,国庫支出金(決算),2022-04-01,2023-03-31,2023-03-31,0,決算(年度末),,1884756.0,千円,,,-595185.0,-0.23999966128226438,減少,2022-04-01,2023-03-31,gen-election-sangiin_20220710_smd_09_1;gen-tokko-2022-tokko_dec;gen-tokko-2022-tokko_march;gen-mlit-release-2023,https://www.soumu.go.jp/main_content/000937050.xlsx
09,093866,高根沢町,card_kokko,1,国庫支出金(決算),2023-04-01,2024-03-31,2024-03-31,0,決算(年度末),,1859033.0,千円,,,-25723.0,-0.013647920473525485,横ばい,2023-04-01,2024-03-31,gen-tokko-2023-tokko_dec;gen-tokko-2023-tokko_march,https://www.soumu.go.jp/main_content/000998938.xlsx
09,093866,高根沢町,card_kokko,1,国庫支出金(決算),2024-04-01,2025-03-31,2025-03-31,0,決算(年度末),,1850416.0,千円,,,-8617.0,-0.0046352055073793745,横ばい,2024-04-01,2025-03-31,gen-mlit-release-2024;gen-election-shugiin_20241027_smd_09_2;gen-tokko-2024-tokko_dec;gen-tokko-2024-tokko_march,https://www.soumu.go.jp/main_content/001063963.xlsx
09,093866,高根沢町,card_pref,2,県支出金(決算),2020-04-01,2021-03-31,2021-03-31,0,決算(年度末),,743691.0,千円,,,,,未取得,,,,https://www.soumu.go.jp/main_content/000804135.xlsx
09,093866,高根沢町,card_pref,2,県支出金(決算),2021-04-01,2022-03-31,2022-03-31,0,決算(年度末),,771243.0,千円,,,27552.0,0.03704764478795629,横ばい,2021-04-01,2022-03-31,gen-election-shugiin_20211031_smd_09_2;gen-tokko-2021-tokko_dec;gen-tokko-2021-tokko_march;gen-mlit-release-2022,https://www.soumu.go.jp/main_content/000873399.xlsx
09,093866,高根沢町,card_pref,2,県支出金(決算),2022-04-01,2023-03-31,2023-03-31,0,決算(年度末),,777872.0,千円,,,6629.0,0.008595215775054036,横ばい,2022-04-01,2023-03-31,gen-election-sangiin_20220710_smd_09_1;gen-tokko-2022-tokko_dec;gen-tokko-2022-tokko_march;gen-mlit-release-2023,https://www.soumu.go.jp/main_content/000937050.xlsx
09,093866,高根沢町,card_pref,2,県支出金(決算),2023-04-01,2024-03-31,2024-03-31,0,決算(年度末),,841382.0,千円,,,63510.0,0.08164582347738446,増加,2023-04-01,2024-03-31,gen-tokko-2023-tokko_dec;gen-tokko-2023-tokko_march,https://www.soumu.go.jp/main_content/000998938.xlsx
09,093866,高根沢町,card_pref,2,県支出金(決算),2024-04-01,2025-03-31,2025-03-31,0,決算(年度末),,868870.0,千円,,,27488.0,0.03267005949735079,横ばい,2024-04-01,2025-03-31,gen-mlit-release-2024;gen-election-shugiin_20241027_smd_09_2;gen-tokko-2024-tokko_dec;gen-tokko-2024-tokko_march,https://www.soumu.go.jp/main_content/001063963.xlsx
09,093866,高根沢町,tokko_dec,3a,特別交付税 12月分,2020-04-01,2021-03-31,2020-12-08,0,交付決定日(報道発表),2020-12-08,,千円,,報道発表に町村の個別額なし(都道府県計のみ),,,未取得,,,,https://www.soumu.go.jp/main_content/000721607.pdf
09,093866,高根沢町,tokko_dec,3a,特別交付税 12月分,2021-04-01,2022-03-31,2021-12-03,0,交付決定日(報道発表),2021-12-03,,千円,,報道発表に町村の個別額なし(都道府県計のみ),,,未取得,2020-12-09,2021-12-03,gen-tokko-2020-tokko_march;gen-mlit-release-2021;gen-election-shugiin_20211031_smd_09_2;gen-tokko-2021-tokko_dec,https://www.soumu.go.jp/main_content/000780948.pdf
09,093866,高根沢町,tokko_dec,3a,特別交付税 12月分,2022-04-01,2023-03-31,2022-12-13,0,交付決定日(報道発表),2022-12-13,,千円,,報道発表に町村の個別額なし(都道府県計のみ),,,未取得,2021-12-04,2022-12-13,gen-tokko-2021-tokko_march;gen-mlit-release-2022;gen-election-sangiin_20220710_smd_09_1;gen-tokko-2022-tokko_dec,https://www.soumu.go.jp/main_content/000850537.pdf
09,093866,高根沢町,tokko_dec,3a,特別交付税 12月分,2023-04-01,2024-03-31,2023-12-12,0,交付決定日(報道発表),2023-12-12,,千円,,報道発表に町村の個別額なし(都道府県計のみ),,,未取得,2022-12-14,2023-12-12,gen-tokko-2022-tokko_march;gen-mlit-release-2023;gen-tokko-2023-tokko_dec,https://www.soumu.go.jp/main_content/000916643.pdf
09,093866,高根沢町,tokko_dec,3a,特別交付税 12月分,2024-04-01,2025-03-31,2024-12-20,0,交付決定日(報道発表),2024-12-20,,千円,,報道発表に町村の個別額なし(都道府県計のみ),,,未取得,2023-12-13,2024-12-20,gen-tokko-2023-tokko_march;gen-mlit-release-2024;gen-election-shugiin_20241027_smd_09_2;gen-tokko-2024-tokko_dec,https://www.soumu.go.jp/main_content/000983129.pdf
09,093866,高根沢町,tokko_dec,3a,特別交付税 12月分,2025-04-01,2026-03-31,2025-12-19,0,交付決定日(報道発表),2025-12-19,,千円,,報道発表に町村の個別額なし(都道府県計のみ),,,未取得,2024-12-21,2025-12-19,gen-tokko-2024-tokko_march;gen-mlit-release-2025;gen-election-sangiin_20250720_smd_09_1;gen-tokko-2025-tokko_dec,https://www.soumu.go.jp/main_content/001046667.pdf
09,093866,高根沢町,tokko_march,3b,特別交付税 3月分,2020-04-01,2021-03-31,2021-03-19,0,交付決定日(報道発表),2021-03-19,,千円,,報道発表に町村の個別額なし(都道府県計のみ),,,未取得,,,,https://www.soumu.go.jp/main_content/000738961.pdf
09,093866,高根沢町,tokko_march,3b,特別交付税 3月分,2021-04-01,2022-03-31,2022-03-18,0,交付決定日(報道発表),2022-03-18,,千円,,報道発表に町村の個別額なし(都道府県計のみ),,,未取得,2021-03-20,2022-03-18,gen-mlit-release-2021;gen-election-shugiin_20211031_smd_09_2;gen-tokko-2021-tokko_dec;gen-tokko-2021-tokko_march,https://www.soumu.go.jp/main_content/000799619.pdf
09,093866,高根沢町,tokko_march,3b,特別交付税 3月分,2022-04-01,2023-03-31,2023-03-22,0,交付決定日(報道発表),2023-03-22,,千円,,報道発表に町村の個別額なし(都道府県計のみ),,,未取得,2022-03-19,2023-03-22,gen-mlit-release-2022;gen-election-sangiin_20220710_smd_09_1;gen-tokko-2022-tokko_dec;gen-tokko-2022-tokko_march,https://www.soumu.go.jp/main_content/000869990.pdf
09,093866,高根沢町,tokko_march,3b,特別交付税 3月分,2023-04-01,2024-03-31,2024-03-22,0,交付決定日(報道発表),2024-03-22,,千円,,報道発表に町村の個別額なし(都道府県計のみ),,,未取得,2023-03-23,2024-03-22,gen-mlit-release-2023;gen-tokko-2023-tokko_dec;gen-tokko-2023-tokko_march,https://www.soumu.go.jp/main_content/000997045.pdf
09,093866,高根沢町,tokko_march,3b,特別交付税 3月分,2024-04-01,2025-03-31,2025-03-21,0,交付決定日(報道発表),2025-03-21,,千円,,報道発表に町村の個別額なし(都道府県計のみ),,,未取得,2024-03-23,2025-03-21,gen-mlit-release-2024;gen-election-shugiin_20241027_smd_09_2;gen-tokko-2024-tokko_dec;gen-tokko-2024-tokko_march,https://www.soumu.go.jp/main_content/000998441.pdf
09,093866,高根沢町,tokko_march,3b,特別交付税 3月分,2025-04-01,2026-03-31,2026-03-17,0,交付決定日(報道発表),2026-03-17,,千円,,報道発表に町村の個別額なし(都道府県計のみ),,,未取得,2025-03-22,2026-03-17,gen-mlit-release-2025;gen-election-sangiin_20250720_smd_09_1;gen-tokko-2025-tokko_dec;gen-election-shugiin_20260208_smd_09_2;gen-cabinet-2026-02-18;gen-position-motegi_toshimitsu-外務大臣-2026-02-18;gen-tokko-2025-tokko_march,https://www.soumu.go.jp/main_content/001061260.pdf
09,093866,高根沢町,mlit_sole_grants,4,社総交・防安交 単独策定主体の国費,2021-04-01,2022-03-31,2021-03-30,1,当初配分の報道発表日を代用(交付決定日は未公表),2021-03-30,49600.0,千円,1,,,,未取得,,,,https://www.mlit.go.jp/common/001396522.pdf
09,093866,高根沢町,mlit_sole_grants,4,社総交・防安交 単独策定主体の国費,2022-04-01,2023-03-31,2022-03-25,1,当初配分の報道発表日を代用(交付決定日は未公表),2022-03-25,52000.0,千円,1,,2400.0,0.04838709677419355,横ばい,2021-03-31,2022-03-25,gen-election-shugiin_20211031_smd_09_2;gen-tokko-2021-tokko_dec;gen-tokko-2021-tokko_march;gen-mlit-release-2022,https://www.mlit.go.jp/page/content/001472731.pdf
09,093866,高根沢町,mlit_sole_grants,4,社総交・防安交 単独策定主体の国費,2023-04-01,2024-03-31,2023-03-31,1,当初配分の報道発表日を代用(交付決定日は未公表),2023-03-31,0.0,千円,0,,-52000.0,-1.0,減少,2022-03-26,2023-03-31,gen-election-sangiin_20220710_smd_09_1;gen-tokko-2022-tokko_dec;gen-tokko-2022-tokko_march;gen-mlit-release-2023,https://www.mlit.go.jp/page/content/001596924.pdf
09,093866,高根沢町,mlit_sole_grants,4,社総交・防安交 単独策定主体の国費,2024-04-01,2025-03-31,2024-04-01,1,当初配分の報道発表日を代用(交付決定日は未公表),2024-04-01,0.0,千円,0,,0.0,,未取得,2023-04-01,2024-04-01,gen-tokko-2023-tokko_dec;gen-tokko-2023-tokko_march;gen-mlit-release-2024,https://www.mlit.go.jp/page/content/001735005.pdf
09,093866,高根沢町,mlit_sole_grants,4,社総交・防安交 単独策定主体の国費,2025-04-01,2026-03-31,2025-04-01,1,当初配分の報道発表日を代用(交付決定日は未公表),2025-04-01,54000.0,千円,1,,54000.0,,未取得,2024-04-02,2025-04-01,gen-election-shugiin_20241027_smd_09_2;gen-tokko-2024-tokko_dec;gen-tokko-2024-tokko_march;gen-mlit-release-2025,https://www.mlit.go.jp/page/content/001879738.pdf
09,093866,高根沢町,mlit_sole_grants,4,社総交・防安交 単独策定主体の国費,2026-04-01,2027-03-31,2026-04-07,1,当初配分の報道発表日を代用(交付決定日は未公表),2026-04-07,26600.0,千円,1,,-27400.0,-0.5074074074074074,減少,2025-04-02,2026-04-07,gen-election-sangiin_20250720_smd_09_1;gen-tokko-2025-tokko_dec;gen-election-shugiin_20260208_smd_09_2;gen-cabinet-2026-02-18;gen-position-motegi_toshimitsu-外務大臣-2026-02-18;gen-tokko-2025-tokko_march;gen-mlit-release-2026,https://www.mlit.go.jp/page/content/001994561.pdf
09,093866,高根沢町,mlit_road,5,道路局箇所表 事業主体=当該市町の国費,2021-04-01,2022-03-31,2021-03-30,1,当初配分の報道発表日を代用(交付決定日は未公表),2021-03-30,39000.0,千円,1,,,,未取得,,,,https://www.mlit.go.jp/common/001396522.pdf
09,093866,高根沢町,mlit_road,5,道路局箇所表 事業主体=当該市町の国費,2022-04-01,2023-03-31,2022-03-25,1,当初配分の報道発表日を代用(交付決定日は未公表),2022-03-25,10000.0,千円,1,,-29000.0,-0.7435897435897436,減少,2021-03-31,2022-03-25,gen-election-shugiin_20211031_smd_09_2;gen-tokko-2021-tokko_dec;gen-tokko-2021-tokko_march;gen-mlit-release-2022,https://www.mlit.go.jp/page/content/001472731.pdf
09,093866,高根沢町,mlit_road,5,道路局箇所表 事業主体=当該市町の国費,2023-04-01,2024-03-31,2023-03-31,1,当初配分の報道発表日を代用(交付決定日は未公表),2023-03-31,21000.0,千円,1,,11000.0,1.1,増加,2022-03-26,2023-03-31,gen-election-sangiin_20220710_smd_09_1;gen-tokko-2022-tokko_dec;gen-tokko-2022-tokko_march;gen-mlit-release-2023,https://www.mlit.go.jp/page/content/001596924.pdf
09,093866,高根沢町,mlit_road,5,道路局箇所表 事業主体=当該市町の国費,2024-04-01,2025-03-31,2024-04-01,1,当初配分の報道発表日を代用(交付決定日は未公表),2024-04-01,18000.0,千円,1,,-3000.0,-0.14285714285714285,減少,2023-04-01,2024-04-01,gen-tokko-2023-tokko_dec;gen-tokko-2023-tokko_march;gen-mlit-release-2024,https://www.mlit.go.jp/page/content/001735005.pdf
09,093866,高根沢町,mlit_road,5,道路局箇所表 事業主体=当該市町の国費,2025-04-01,2026-03-31,2025-04-01,1,当初配分の報道発表日を代用(交付決定日は未公表),2025-04-01,103000.0,千円,1,,85000.0,4.722222222222222,増加,2024-04-02,2025-04-01,gen-election-shugiin_20241027_smd_09_2;gen-tokko-2024-tokko_dec;gen-tokko-2024-tokko_march;gen-mlit-release-2025,https://www.mlit.go.jp/page/content/001879738.pdf
09,093866,高根沢町,mlit_road,5,道路局箇所表 事業主体=当該市町の国費,2026-04-01,2027-03-31,2026-04-07,1,当初配分の報道発表日を代用(交付決定日は未公表),2026-04-07,136000.0,千円,1,,33000.0,0.32038834951456313,増加,2025-04-02,2026-04-07,gen-election-sangiin_20250720_smd_09_1;gen-tokko-2025-tokko_dec;gen-election-shugiin_20260208_smd_09_2;gen-cabinet-2026-02-18;gen-position-motegi_toshimitsu-外務大臣-2026-02-18;gen-tokko-2025-tokko_march;gen-mlit-release-2026,https://www.mlit.go.jp/page/content/001994561.pdf
09,093866,高根沢町,e_kokko,6,国庫支出金 計(決算、地方財政状況調査),2020-04-01,2021-03-31,2021-03-31,0,決算(年度末),,4710556.0,千円,,,,,未取得,,,,https://www.e-stat.go.jp/stat-search/file-download?statInfId=000032188698&fileKind=1
09,093866,高根沢町,e_kokko,6,国庫支出金 計(決算、地方財政状況調査),2021-04-01,2022-03-31,2022-03-31,0,決算(年度末),,2479941.0,千円,,,-2230615.0,-0.4735353958216397,減少,2021-04-01,2022-03-31,gen-election-shugiin_20211031_smd_09_2;gen-tokko-2021-tokko_dec;gen-tokko-2021-tokko_march;gen-mlit-release-2022,https://www.e-stat.go.jp/stat-search/file-download?statInfId=000040044921&fileKind=1
09,093866,高根沢町,e_kokko,6,国庫支出金 計(決算、地方財政状況調査),2022-04-01,2023-03-31,2023-03-31,0,決算(年度末),,1884756.0,千円,,,-595185.0,-0.23999966128226438,減少,2022-04-01,2023-03-31,gen-election-sangiin_20220710_smd_09_1;gen-tokko-2022-tokko_dec;gen-tokko-2022-tokko_march;gen-mlit-release-2023,https://www.e-stat.go.jp/stat-search/file-download?statInfId=000040171702&fileKind=1
09,093866,高根沢町,e_kokko,6,国庫支出金 計(決算、地方財政状況調査),2023-04-01,2024-03-31,2024-03-31,0,決算(年度末),,1859033.0,千円,,,-25723.0,-0.013647920473525485,横ばい,2023-04-01,2024-03-31,gen-tokko-2023-tokko_dec;gen-tokko-2023-tokko_march,https://www.e-stat.go.jp/stat-search/file-download?statInfId=000040231591&fileKind=1
09,093866,高根沢町,e_kokko,6,国庫支出金 計(決算、地方財政状況調査),2024-04-01,2025-03-31,2025-03-31,0,決算(年度末),,1850416.0,千円,,,-8617.0,-0.0046352055073793745,横ばい,2024-04-01,2025-03-31,gen-mlit-release-2024;gen-election-shugiin_20241027_smd_09_2;gen-tokko-2024-tokko_dec;gen-tokko-2024-tokko_march,https://www.e-stat.go.jp/stat-search/file-download?statInfId=000040375638&fileKind=1
09,093866,高根沢町,e_kokko_futsuken,6,国庫支出金のうち普通建設事業費支出金(決算),2020-04-01,2021-03-31,2021-03-31,0,決算(年度末),,111190.0,千円,,,,,未取得,,,,https://www.e-stat.go.jp/stat-search/file-download?statInfId=000032188698&fileKind=1
09,093866,高根沢町,e_kokko_futsuken,6,国庫支出金のうち普通建設事業費支出金(決算),2021-04-01,2022-03-31,2022-03-31,0,決算(年度末),,337361.0,千円,,,226171.0,2.034094792697185,増加,2021-04-01,2022-03-31,gen-election-shugiin_20211031_smd_09_2;gen-tokko-2021-tokko_dec;gen-tokko-2021-tokko_march;gen-mlit-release-2022,https://www.e-stat.go.jp/stat-search/file-download?statInfId=000040044921&fileKind=1
09,093866,高根沢町,e_kokko_futsuken,6,国庫支出金のうち普通建設事業費支出金(決算),2022-04-01,2023-03-31,2023-03-31,0,決算(年度末),,56384.0,千円,,,-280977.0,-0.8328674624512021,減少,2022-04-01,2023-03-31,gen-election-sangiin_20220710_smd_09_1;gen-tokko-2022-tokko_dec;gen-tokko-2022-tokko_march;gen-mlit-release-2023,https://www.e-stat.go.jp/stat-search/file-download?statInfId=000040171702&fileKind=1
09,093866,高根沢町,e_kokko_futsuken,6,国庫支出金のうち普通建設事業費支出金(決算),2023-04-01,2024-03-31,2024-03-31,0,決算(年度末),,169871.0,千円,,,113487.0,2.012751844494892,増加,2023-04-01,2024-03-31,gen-tokko-2023-tokko_dec;gen-tokko-2023-tokko_march,https://www.e-stat.go.jp/stat-search/file-download?statInfId=000040231591&fileKind=1
09,093866,高根沢町,e_kokko_futsuken,6,国庫支出金のうち普通建設事業費支出金(決算),2024-04-01,2025-03-31,2025-03-31,0,決算(年度末),,118404.0,千円,,,-51467.0,-0.3029769648733451,減少,2024-04-01,2025-03-31,gen-mlit-release-2024;gen-election-shugiin_20241027_smd_09_2;gen-tokko-2024-tokko_dec;gen-tokko-2024-tokko_march,https://www.e-stat.go.jp/stat-search/file-download?statInfId=000040375638&fileKind=1
09,093866,高根沢町,e_kokko_saigai,6,国庫支出金のうち災害復旧事業費支出金(決算),2020-04-01,2021-03-31,2021-03-31,0,決算(年度末),,17095.0,千円,,,,,未取得,,,,https://www.e-stat.go.jp/stat-search/file-download?statInfId=000032188698&fileKind=1
09,093866,高根沢町,e_kokko_saigai,6,国庫支出金のうち災害復旧事業費支出金(決算),2021-04-01,2022-03-31,2022-03-31,0,決算(年度末),,0.0,千円,,,-17095.0,-1.0,減少,2021-04-01,2022-03-31,gen-election-shugiin_20211031_smd_09_2;gen-tokko-2021-tokko_dec;gen-tokko-2021-tokko_march;gen-mlit-release-2022,https://www.e-stat.go.jp/stat-search/file-download?statInfId=000040044921&fileKind=1
09,093866,高根沢町,e_kokko_saigai,6,国庫支出金のうち災害復旧事業費支出金(決算),2022-04-01,2023-03-31,2023-03-31,0,決算(年度末),,0.0,千円,,,0.0,,未取得,2022-04-01,2023-03-31,gen-election-sangiin_20220710_smd_09_1;gen-tokko-2022-tokko_dec;gen-tokko-2022-tokko_march;gen-mlit-release-2023,https://www.e-stat.go.jp/stat-search/file-download?statInfId=000040171702&fileKind=1
09,093866,高根沢町,e_kokko_saigai,6,国庫支出金のうち災害復旧事業費支出金(決算),2023-04-01,2024-03-31,2024-03-31,0,決算(年度末),,0.0,千円,,,0.0,,未取得,2023-04-01,2024-03-31,gen-tokko-2023-tokko_dec;gen-tokko-2023-tokko_march,https://www.e-stat.go.jp/stat-search/file-download?statInfId=000040231591&fileKind=1
09,093866,高根沢町,e_kokko_saigai,6,国庫支出金のうち災害復旧事業費支出金(決算),2024-04-01,2025-03-31,2025-03-31,0,決算(年度末),,0.0,千円,,,0.0,,未取得,2024-04-01,2025-03-31,gen-mlit-release-2024;gen-election-shugiin_20241027_smd_09_2;gen-tokko-2024-tokko_dec;gen-tokko-2024-tokko_march,https://www.e-stat.go.jp/stat-search/file-download?statInfId=000040375638&fileKind=1
09,093866,高根沢町,e_kokko_shasoukou,6,国庫支出金のうち社会資本整備総合交付金(決算),2020-04-01,2021-03-31,2021-03-31,0,決算(年度末),,59662.0,千円,,,,,未取得,,,,https://www.e-stat.go.jp/stat-search/file-download?statInfId=000032188698&fileKind=1
09,093866,高根沢町,e_kokko_shasoukou,6,国庫支出金のうち社会資本整備総合交付金(決算),2021-04-01,2022-03-31,2022-03-31,0,決算(年度末),,25134.0,千円,,,-34528.0,-0.5787268277965875,減少,2021-04-01,2022-03-31,gen-election-shugiin_20211031_smd_09_2;gen-tokko-2021-tokko_dec;gen-tokko-2021-tokko_march;gen-mlit-release-2022,https://www.e-stat.go.jp/stat-search/file-download?statInfId=000040044921&fileKind=1
09,093866,高根沢町,e_kokko_shasoukou,6,国庫支出金のうち社会資本整備総合交付金(決算),2022-04-01,2023-03-31,2023-03-31,0,決算(年度末),,74174.0,千円,,,49040.0,1.951141879525742,増加,2022-04-01,2023-03-31,gen-election-sangiin_20220710_smd_09_1;gen-tokko-2022-tokko_dec;gen-tokko-2022-tokko_march;gen-mlit-release-2023,https://www.e-stat.go.jp/stat-search/file-download?statInfId=000040171702&fileKind=1
09,093866,高根沢町,e_kokko_shasoukou,6,国庫支出金のうち社会資本整備総合交付金(決算),2023-04-01,2024-03-31,2024-03-31,0,決算(年度末),,44838.0,千円,,,-29336.0,-0.3955024671717853,減少,2023-04-01,2024-03-31,gen-tokko-2023-tokko_dec;gen-tokko-2023-tokko_march,https://www.e-stat.go.jp/stat-search/file-download?statInfId=000040231591&fileKind=1
09,093866,高根沢町,e_kokko_shasoukou,6,国庫支出金のうち社会資本整備総合交付金(決算),2024-04-01,2025-03-31,2025-03-31,0,決算(年度末),,23361.0,千円,,,-21477.0,-0.47899103439047236,減少,2024-04-01,2025-03-31,gen-mlit-release-2024;gen-election-shugiin_20241027_smd_09_2;gen-tokko-2024-tokko_dec;gen-tokko-2024-tokko_march,https://www.e-stat.go.jp/stat-search/file-download?statInfId=000040375638&fileKind=1
09,093866,高根沢町,e_pref,6,都道府県支出金 計(決算),2020-04-01,2021-03-31,2021-03-31,0,決算(年度末),,743691.0,千円,,,,,未取得,,,,https://www.e-stat.go.jp/stat-search/file-download?statInfId=000032188698&fileKind=1
09,093866,高根沢町,e_pref,6,都道府県支出金 計(決算),2021-04-01,2022-03-31,2022-03-31,0,決算(年度末),,771243.0,千円,,,27552.0,0.03704764478795629,横ばい,2021-04-01,2022-03-31,gen-election-shugiin_20211031_smd_09_2;gen-tokko-2021-tokko_dec;gen-tokko-2021-tokko_march;gen-mlit-release-2022,https://www.e-stat.go.jp/stat-search/file-download?statInfId=000040044921&fileKind=1
09,093866,高根沢町,e_pref,6,都道府県支出金 計(決算),2022-04-01,2023-03-31,2023-03-31,0,決算(年度末),,777872.0,千円,,,6629.0,0.008595215775054036,横ばい,2022-04-01,2023-03-31,gen-election-sangiin_20220710_smd_09_1;gen-tokko-2022-tokko_dec;gen-tokko-2022-tokko_march;gen-mlit-release-2023,https://www.e-stat.go.jp/stat-search/file-download?statInfId=000040171702&fileKind=1
09,093866,高根沢町,e_pref,6,都道府県支出金 計(決算),2023-04-01,2024-03-31,2024-03-31,0,決算(年度末),,841382.0,千円,,,63510.0,0.08164582347738446,増加,2023-04-01,2024-03-31,gen-tokko-2023-tokko_dec;gen-tokko-2023-tokko_march,https://www.e-stat.go.jp/stat-search/file-download?statInfId=000040231591&fileKind=1
09,093866,高根沢町,e_pref,6,都道府県支出金 計(決算),2024-04-01,2025-03-31,2025-03-31,0,決算(年度末),,868870.0,千円,,,27488.0,0.03267005949735079,横ばい,2024-04-01,2025-03-31,gen-mlit-release-2024;gen-election-shugiin_20241027_smd_09_2;gen-tokko-2024-tokko_dec;gen-tokko-2024-tokko_march,https://www.e-stat.go.jp/stat-search/file-download?statInfId=000040375638&fileKind=1
09,093866,高根沢町,e_futsu,6,普通交付税(決算),2020-04-01,2021-03-31,2021-03-31,0,決算(年度末),,1048011.0,千円,,,,,未取得,,,,https://www.e-stat.go.jp/stat-search/file-download?statInfId=000032188698&fileKind=1
09,093866,高根沢町,e_futsu,6,普通交付税(決算),2021-04-01,2022-03-31,2022-03-31,0,決算(年度末),,1439760.0,千円,,,391749.0,0.3738023742117211,増加,2021-04-01,2022-03-31,gen-election-shugiin_20211031_smd_09_2;gen-tokko-2021-tokko_dec;gen-tokko-2021-tokko_march;gen-mlit-release-2022,https://www.e-stat.go.jp/stat-search/file-download?statInfId=000040044921&fileKind=1
09,093866,高根沢町,e_futsu,6,普通交付税(決算),2022-04-01,2023-03-31,2023-03-31,0,決算(年度末),,1410129.0,千円,,,-29631.0,-0.02058051341890315,横ばい,2022-04-01,2023-03-31,gen-election-sangiin_20220710_smd_09_1;gen-tokko-2022-tokko_dec;gen-tokko-2022-tokko_march;gen-mlit-release-2023,https://www.e-stat.go.jp/stat-search/file-download?statInfId=000040171702&fileKind=1
09,093866,高根沢町,e_futsu,6,普通交付税(決算),2023-04-01,2024-03-31,2024-03-31,0,決算(年度末),,1657753.0,千円,,,247624.0,0.17560379227716047,増加,2023-04-01,2024-03-31,gen-tokko-2023-tokko_dec;gen-tokko-2023-tokko_march,https://www.e-stat.go.jp/stat-search/file-download?statInfId=000040231591&fileKind=1
09,093866,高根沢町,e_futsu,6,普通交付税(決算),2024-04-01,2025-03-31,2025-03-31,0,決算(年度末),,1854818.0,千円,,,197065.0,0.11887476602364767,増加,2024-04-01,2025-03-31,gen-mlit-release-2024;gen-election-shugiin_20241027_smd_09_2;gen-tokko-2024-tokko_dec;gen-tokko-2024-tokko_march,https://www.e-stat.go.jp/stat-search/file-download?statInfId=000040375638&fileKind=1
09,093866,高根沢町,e_tokko,6,特別交付税(決算),2020-04-01,2021-03-31,2021-03-31,0,決算(年度末),,135155.0,千円,,,,,未取得,,,,https://www.e-stat.go.jp/stat-search/file-download?statInfId=000032188698&fileKind=1
09,093866,高根沢町,e_tokko,6,特別交付税(決算),2021-04-01,2022-03-31,2022-03-31,0,決算(年度末),,146841.0,千円,,,11686.0,0.08646368983759388,増加,2021-04-01,2022-03-31,gen-election-shugiin_20211031_smd_09_2;gen-tokko-2021-tokko_dec;gen-tokko-2021-tokko_march;gen-mlit-release-2022,https://www.e-stat.go.jp/stat-search/file-download?statInfId=000040044921&fileKind=1
09,093866,高根沢町,e_tokko,6,特別交付税(決算),2022-04-01,2023-03-31,2023-03-31,0,決算(年度末),,149614.0,千円,,,2773.0,0.018884371531111884,横ばい,2022-04-01,2023-03-31,gen-election-sangiin_20220710_smd_09_1;gen-tokko-2022-tokko_dec;gen-tokko-2022-tokko_march;gen-mlit-release-2023,https://www.e-stat.go.jp/stat-search/file-download?statInfId=000040171702&fileKind=1
09,093866,高根沢町,e_tokko,6,特別交付税(決算),2023-04-01,2024-03-31,2024-03-31,0,決算(年度末),,136530.0,千円,,,-13084.0,-0.08745170906465972,減少,2023-04-01,2024-03-31,gen-tokko-2023-tokko_dec;gen-tokko-2023-tokko_march,https://www.e-stat.go.jp/stat-search/file-download?statInfId=000040231591&fileKind=1
09,093866,高根沢町,e_tokko,6,特別交付税(決算),2024-04-01,2025-03-31,2025-03-31,0,決算(年度末),,131252.0,千円,,,-5278.0,-0.03865817036548744,横ばい,2024-04-01,2025-03-31,gen-mlit-release-2024;gen-election-shugiin_20241027_smd_09_2;gen-tokko-2024-tokko_dec;gen-tokko-2024-tokko_march,https://www.e-stat.go.jp/stat-search/file-download?statInfId=000040375638&fileKind=1
09,093866,高根沢町,e_road_kokko,7,道路橋りょう費に充当した国庫支出金(決算),2020-04-01,2021-03-31,2021-03-31,0,決算(年度末),,35632.0,千円,,,,,未取得,,,,https://www.e-stat.go.jp/stat-search/file-download?statInfId=000032188710&fileKind=1
09,093866,高根沢町,e_road_kokko,7,道路橋りょう費に充当した国庫支出金(決算),2021-04-01,2022-03-31,2022-03-31,0,決算(年度末),,81940.0,千円,,,46308.0,1.299618320610687,増加,2021-04-01,2022-03-31,gen-election-shugiin_20211031_smd_09_2;gen-tokko-2021-tokko_dec;gen-tokko-2021-tokko_march;gen-mlit-release-2022,https://www.e-stat.go.jp/stat-search/file-download?statInfId=000040044933&fileKind=1
09,093866,高根沢町,e_road_kokko,7,道路橋りょう費に充当した国庫支出金(決算),2022-04-01,2023-03-31,2023-03-31,0,決算(年度末),,19515.0,千円,,,-62425.0,-0.761837930192824,減少,2022-04-01,2023-03-31,gen-election-sangiin_20220710_smd_09_1;gen-tokko-2022-tokko_dec;gen-tokko-2022-tokko_march;gen-mlit-release-2023,https://www.e-stat.go.jp/stat-search/file-download?statInfId=000040171714&fileKind=1
09,093866,高根沢町,e_road_kokko,7,道路橋りょう費に充当した国庫支出金(決算),2023-04-01,2024-03-31,2024-03-31,0,決算(年度末),,21685.0,千円,,,2170.0,0.11119651550089675,増加,2023-04-01,2024-03-31,gen-tokko-2023-tokko_dec;gen-tokko-2023-tokko_march,https://www.e-stat.go.jp/stat-search/file-download?statInfId=000040231603&fileKind=1
09,093866,高根沢町,e_road_kokko,7,道路橋りょう費に充当した国庫支出金(決算),2024-04-01,2025-03-31,2025-03-31,0,決算(年度末),,29205.0,千円,,,7520.0,0.34678349089232186,増加,2024-04-01,2025-03-31,gen-mlit-release-2024;gen-election-shugiin_20241027_smd_09_2;gen-tokko-2024-tokko_dec;gen-tokko-2024-tokko_march,https://www.e-stat.go.jp/stat-search/file-download?statInfId=000040375650&fileKind=1
09,093866,高根沢町,e_hojo_road_kokko,8,補助事業費(道路・橋りょう)の国庫支出金(決算),2020-04-01,2021-03-31,2021-03-31,0,決算(年度末),,35632.0,千円,,,,,未取得,,,,https://www.e-stat.go.jp/stat-search/file-download?statInfId=000032188732&fileKind=1
09,093866,高根沢町,e_hojo_road_kokko,8,補助事業費(道路・橋りょう)の国庫支出金(決算),2021-04-01,2022-03-31,2022-03-31,0,決算(年度末),,81940.0,千円,,,46308.0,1.299618320610687,増加,2021-04-01,2022-03-31,gen-election-shugiin_20211031_smd_09_2;gen-tokko-2021-tokko_dec;gen-tokko-2021-tokko_march;gen-mlit-release-2022,https://www.e-stat.go.jp/stat-search/file-download?statInfId=000040044955&fileKind=1
09,093866,高根沢町,e_hojo_road_kokko,8,補助事業費(道路・橋りょう)の国庫支出金(決算),2022-04-01,2023-03-31,2023-03-31,0,決算(年度末),,15400.0,千円,,,-66540.0,-0.8120576031242372,減少,2022-04-01,2023-03-31,gen-election-sangiin_20220710_smd_09_1;gen-tokko-2022-tokko_dec;gen-tokko-2022-tokko_march;gen-mlit-release-2023,https://www.e-stat.go.jp/stat-search/file-download?statInfId=000040171736&fileKind=1
09,093866,高根沢町,e_hojo_road_kokko,8,補助事業費(道路・橋りょう)の国庫支出金(決算),2023-04-01,2024-03-31,2024-03-31,0,決算(年度末),,21685.0,千円,,,6285.0,0.4081168831168831,増加,2023-04-01,2024-03-31,gen-tokko-2023-tokko_dec;gen-tokko-2023-tokko_march,https://www.e-stat.go.jp/stat-search/file-download?statInfId=000040231625&fileKind=1
09,093866,高根沢町,e_hojo_road_kokko,8,補助事業費(道路・橋りょう)の国庫支出金(決算),2024-04-01,2025-03-31,2025-03-31,0,決算(年度末),,19305.0,千円,,,-2380.0,-0.10975328568134655,減少,2024-04-01,2025-03-31,gen-mlit-release-2024;gen-election-shugiin_20241027_smd_09_2;gen-tokko-2024-tokko_dec;gen-tokko-2024-tokko_march,https://www.e-stat.go.jp/stat-search/file-download?statInfId=000040375672&fileKind=1
09,093866,高根沢町,futsu_decided,9,普通交付税 当初決定額,2021-04-01,2022-03-31,2021-08-03,0,当初決定日(算定結果の報道資料の日付),2021-08-03,1197663.0,千円,,,,,未取得,,,,https://www.soumu.go.jp/main_content/000761570.xlsx
09,093866,高根沢町,futsu_decided,9,普通交付税 当初決定額,2022-04-01,2023-03-31,2022-07-26,0,当初決定日(算定結果の報道資料の日付),2022-07-26,1313117.0,千円,,,115454.0,0.09639940450694394,増加,2021-08-04,2022-07-26,gen-election-shugiin_20211031_smd_09_2;gen-tokko-2021-tokko_dec;gen-tokko-2021-tokko_march;gen-mlit-release-2022;gen-election-sangiin_20220710_smd_09_1,https://www.soumu.go.jp/main_content/000762090.xlsx
09,093866,高根沢町,futsu_decided,9,普通交付税 当初決定額,2023-04-01,2024-03-31,2023-07-28,0,当初決定日(算定結果の報道資料の日付),2023-07-28,1573579.0,千円,,,260462.0,0.1983539928277526,増加,2022-07-27,2023-07-28,gen-tokko-2022-tokko_dec;gen-tokko-2022-tokko_march;gen-mlit-release-2023,https://www.soumu.go.jp/main_content/000894237.xlsx
09,093866,高根沢町,futsu_decided,9,普通交付税 当初決定額,2024-04-01,2025-03-31,2024-07-23,0,当初決定日(算定結果の報道資料の日付),2024-07-23,1689043.0,千円,,,115464.0,0.0733766782601954,増加,2023-07-29,2024-07-23,gen-tokko-2023-tokko_dec;gen-tokko-2023-tokko_march;gen-mlit-release-2024,https://www.soumu.go.jp/main_content/000958553.xlsx
09,093866,高根沢町,futsu_decided,9,普通交付税 当初決定額,2025-04-01,2026-03-31,2025-07-29,0,当初決定日(算定結果の報道資料の日付),2025-07-29,1636078.0,千円,,,-52965.0,-0.03135799384621943,横ばい,2024-07-24,2025-07-29,gen-election-shugiin_20241027_smd_09_2;gen-tokko-2024-tokko_dec;gen-tokko-2024-tokko_march;gen-mlit-release-2025;gen-election-sangiin_20250720_smd_09_1,https://www.soumu.go.jp/main_content/001022466.xlsx
09,093866,高根沢町,futsu_decided,9,普通交付税 当初決定額,2026-04-01,2027-03-31,2026-07-24,0,当初決定日(算定結果の報道資料の日付),2026-07-24,1587594.0,千円,,,-48484.0,-0.02963428394000775,横ばい,2025-07-30,2026-07-24,gen-tokko-2025-tokko_dec;gen-election-shugiin_20260208_smd_09_2;gen-cabinet-2026-02-18;gen-position-motegi_toshimitsu-外務大臣-2026-02-18;gen-tokko-2025-tokko_march;gen-mlit-release-2026,https://www.soumu.go.jp/main_content/001083404.xlsx
09,093866,高根沢町,kofu_total,10,国交省 交付決定額 計(年度合計),2017-04-01,2018-03-31,2018-03-31,1,年度内で最後の交付決定日(交付決定がない年度は年度末)。値は年度合計(変更減額を含む),,253033.0,千円,,,,,未取得,,,,https://www.mlit.go.jp/common/001210869.xlsx
09,093866,高根沢町,kofu_total,10,国交省 交付決定額 計(年度合計),2018-04-01,2019-03-31,2018-09-03,1,年度内で最後の交付決定日(交付決定がない年度は年度末)。値は年度合計(変更減額を含む),,226385.0,千円,,,-26648.0,-0.1053143265898124,減少,2018-04-01,2018-09-03,,https://www.mlit.go.jp/common/001260907.xlsx
09,093866,高根沢町,kofu_total,10,国交省 交付決定額 計(年度合計),2019-04-01,2020-03-31,2020-03-31,1,年度内で最後の交付決定日(交付決定がない年度は年度末)。値は年度合計(変更減額を含む),,157930.0,千円,,,-68455.0,-0.30238310842149435,減少,2018-09-04,2020-03-31,,https://www.mlit.go.jp/common/001316172.xlsx
09,093866,高根沢町,kofu_total,10,国交省 交付決定額 計(年度合計),2020-04-01,2021-03-31,2021-03-31,1,年度内で最後の交付決定日(交付決定がない年度は年度末)。値は年度合計(変更減額を含む),,272455.0,千円,,,114525.0,0.7251630469195213,増加,2020-04-01,2021-03-31,gen-tokko-2020-tokko_dec;gen-tokko-2020-tokko_march;gen-mlit-release-2021,https://www.mlit.go.jp/common/001371589.xlsx
09,093866,高根沢町,kofu_total,10,国交省 交付決定額 計(年度合計),2021-04-01,2022-03-31,2021-04-28,1,年度内で最後の交付決定日(交付決定がない年度は年度末)。値は年度合計(変更減額を含む),,328636.0,千円,,,56181.0,0.20620285918775577,増加,2021-04-01,2021-04-28,,https://www.mlit.go.jp/common/001579048.xlsx
09,093866,高根沢町,kofu_total,10,国交省 交付決定額 計(年度合計),2022-04-01,2023-03-31,2022-06-17,1,年度内で最後の交付決定日(交付決定がない年度は年度末)。値は年度合計(変更減額を含む),,188739.0,千円,,,-139897.0,-0.425689820956925,減少,2021-04-29,2022-06-17,gen-election-shugiin_20211031_smd_09_2;gen-tokko-2021-tokko_dec;gen-tokko-2021-tokko_march;gen-mlit-release-2022,https://www.mlit.go.jp/common/001426891.xlsx
09,093866,高根沢町,kofu_total,10,国交省 交付決定額 計(年度合計),2023-04-01,2024-03-31,2023-08-18,1,年度内で最後の交付決定日(交付決定がない年度は年度末)。値は年度合計(変更減額を含む),,131973.0,千円,,,-56766.0,-0.3007645478676903,減少,2022-06-18,2023-08-18,gen-election-sangiin_20220710_smd_09_1;gen-tokko-2022-tokko_dec;gen-tokko-2022-tokko_march;gen-mlit-release-2023,https://www.mlit.go.jp/page/content/001749355.xlsx
09,093866,高根沢町,kofu_total,10,国交省 交付決定額 計(年度合計),2024-04-01,2025-03-31,2025-01-28,1,年度内で最後の交付決定日(交付決定がない年度は年度末)。値は年度合計(変更減額を含む),,117312.0,千円,,,-14661.0,-0.11109090495783229,減少,2023-08-19,2025-01-28,gen-tokko-2023-tokko_dec;gen-tokko-2023-tokko_march;gen-mlit-release-2024;gen-election-shugiin_20241027_smd_09_2;gen-tokko-2024-tokko_dec,https://www.mlit.go.jp/page/content/001889200.xlsx
09,093866,高根沢町,kofu_total,10,国交省 交付決定額 計(年度合計),2025-04-01,2026-03-31,2026-03-26,1,年度内で最後の交付決定日(交付決定がない年度は年度末)。値は年度合計(変更減額を含む),,296555.0,千円,,,179243.0,1.5279170076377524,増加,2025-01-29,2026-03-26,gen-tokko-2024-tokko_march;gen-mlit-release-2025;gen-election-sangiin_20250720_smd_09_1;gen-tokko-2025-tokko_dec;gen-election-shugiin_20260208_smd_09_2;gen-cabinet-2026-02-18;gen-position-motegi_toshimitsu-外務大臣-2026-02-18;gen-tokko-2025-tokko_march,https://www.mlit.go.jp/page/content/001968987.xlsx
09,093866,高根沢町,kofu_shasoukou,10,国交省 交付決定額 社会資本整備総合交付金,2017-04-01,2018-03-31,2018-03-31,1,年度内で最後の交付決定日(交付決定がない年度は年度末)。値は年度合計(変更減額を含む),,253033.0,千円,,,,,未取得,,,,https://www.mlit.go.jp/common/001306061.xlsx
09,093866,高根沢町,kofu_shasoukou,10,国交省 交付決定額 社会資本整備総合交付金,2018-04-01,2019-03-31,2018-09-03,1,年度内で最後の交付決定日(交付決定がない年度は年度末)。値は年度合計(変更減額を含む),,226385.0,千円,,,-26648.0,-0.1053143265898124,減少,2018-04-01,2018-09-03,,https://www.mlit.go.jp/common/001288716.xlsx
09,093866,高根沢町,kofu_shasoukou,10,国交省 交付決定額 社会資本整備総合交付金,2019-04-01,2020-03-31,2020-03-31,1,年度内で最後の交付決定日(交付決定がない年度は年度末)。値は年度合計(変更減額を含む),,139844.0,千円,,,-86541.0,-0.3822735605274201,減少,2018-09-04,2020-03-31,,https://www.mlit.go.jp/common/001316186.xlsx
09,093866,高根沢町,kofu_shasoukou,10,国交省 交付決定額 社会資本整備総合交付金,2020-04-01,2021-03-31,2021-03-31,1,年度内で最後の交付決定日(交付決定がない年度は年度末)。値は年度合計(変更減額を含む),,188580.0,千円,,,48736.0,0.34850261720202513,増加,2020-04-01,2021-03-31,gen-tokko-2020-tokko_dec;gen-tokko-2020-tokko_march;gen-mlit-release-2021,https://www.mlit.go.jp/common/001371606.xlsx
09,093866,高根沢町,kofu_shasoukou,10,国交省 交付決定額 社会資本整備総合交付金,2021-04-01,2022-03-31,2022-03-31,1,年度内で最後の交付決定日(交付決定がない年度は年度末)。値は年度合計(変更減額を含む),,307164.0,千円,,,118584.0,0.628825962456252,増加,2021-04-01,2022-03-31,gen-election-shugiin_20211031_smd_09_2;gen-tokko-2021-tokko_dec;gen-tokko-2021-tokko_march;gen-mlit-release-2022,https://www.mlit.go.jp/common/001579064.xlsx
09,093866,高根沢町,kofu_shasoukou,10,国交省 交付決定額 社会資本整備総合交付金,2022-04-01,2023-03-31,2023-03-31,1,年度内で最後の交付決定日(交付決定がない年度は年度末)。値は年度合計(変更減額を含む),,157000.0,千円,,,-150164.0,-0.4888723939003269,減少,2022-04-01,2023-03-31,gen-election-sangiin_20220710_smd_09_1;gen-tokko-2022-tokko_dec;gen-tokko-2022-tokko_march;gen-mlit-release-2023,https://www.mlit.go.jp/common/001426909.xlsx
09,093866,高根沢町,kofu_shasoukou,10,国交省 交付決定額 社会資本整備総合交付金,2023-04-01,2024-03-31,2023-06-09,1,年度内で最後の交付決定日(交付決定がない年度は年度末)。値は年度合計(変更減額を含む),,73500.0,千円,,,-83500.0,-0.5318471337579618,減少,2023-04-01,2023-06-09,,https://www.mlit.go.jp/page/content/001708175.xlsx
09,093866,高根沢町,kofu_shasoukou,10,国交省 交付決定額 社会資本整備総合交付金,2024-04-01,2025-03-31,2024-07-31,1,年度内で最後の交付決定日(交付決定がない年度は年度末)。値は年度合計(変更減額を含む),,59175.0,千円,,,-14325.0,-0.19489795918367347,減少,2023-06-10,2024-07-31,gen-tokko-2023-tokko_dec;gen-tokko-2023-tokko_march;gen-mlit-release-2024,https://www.mlit.go.jp/page/content/001842591.xlsx
09,093866,高根沢町,kofu_shasoukou,10,国交省 交付決定額 社会資本整備総合交付金,2025-04-01,2026-03-31,2026-03-26,1,年度内で最後の交付決定日(交付決定がない年度は年度末)。値は年度合計(変更減額を含む),,157500.0,千円,,,98325.0,1.661596958174905,増加,2024-08-01,2026-03-26,gen-election-shugiin_20241027_smd_09_2;gen-tokko-2024-tokko_dec;gen-tokko-2024-tokko_march;gen-mlit-release-2025;gen-election-sangiin_20250720_smd_09_1;gen-tokko-2025-tokko_dec;gen-election-shugiin_20260208_smd_09_2;gen-cabinet-2026-02-18;gen-position-motegi_toshimitsu-外務大臣-2026-02-18;gen-tokko-2025-tokko_march,https://www.mlit.go.jp/page/content/001969014.xlsx
09,093866,高根沢町,kofu_bouan,10,国交省 交付決定額 防災・安全交付金,2017-04-01,2018-03-31,2018-03-31,1,年度内で最後の交付決定日(交付決定がない年度は年度末)。値は年度合計(変更減額を含む),,88135.0,千円,,,,,未取得,,,,https://www.mlit.go.jp/common/001306061.xlsx
09,093866,高根沢町,kofu_bouan,10,国交省 交付決定額 防災・安全交付金,2018-04-01,2019-03-31,2018-09-03,1,年度内で最後の交付決定日(交付決定がない年度は年度末)。値は年度合計(変更減額を含む),,82085.0,千円,,,-6050.0,-0.06864469280081693,減少,2018-04-01,2018-09-03,,https://www.mlit.go.jp/common/001288716.xlsx
09,093866,高根沢町,kofu_bouan,10,国交省 交付決定額 防災・安全交付金,2019-04-01,2020-03-31,2020-03-31,1,年度内で最後の交付決定日(交付決定がない年度は年度末)。値は年度合計(変更減額を含む),,24294.0,千円,,,-57791.0,-0.7040384966802704,減少,2018-09-04,2020-03-31,,https://www.mlit.go.jp/common/001316186.xlsx
09,093866,高根沢町,kofu_bouan,10,国交省 交付決定額 防災・安全交付金,2020-04-01,2021-03-31,2021-03-31,1,年度内で最後の交付決定日(交付決定がない年度は年度末)。値は年度合計(変更減額を含む),,14580.0,千円,,,-9714.0,-0.39985181526302793,減少,2020-04-01,2021-03-31,gen-tokko-2020-tokko_dec;gen-tokko-2020-tokko_march;gen-mlit-release-2021,https://www.mlit.go.jp/common/001371606.xlsx
09,093866,高根沢町,kofu_bouan,10,国交省 交付決定額 防災・安全交付金,2021-04-01,2022-03-31,2022-03-31,1,年度内で最後の交付決定日(交付決定がない年度は年度末)。値は年度合計(変更減額を含む),,7564.0,千円,,,-7016.0,-0.48120713305898494,減少,2021-04-01,2022-03-31,gen-election-shugiin_20211031_smd_09_2;gen-tokko-2021-tokko_dec;gen-tokko-2021-tokko_march;gen-mlit-release-2022,https://www.mlit.go.jp/common/001579064.xlsx
09,093866,高根沢町,kofu_bouan,10,国交省 交付決定額 防災・安全交付金,2022-04-01,2023-03-31,2023-03-31,1,年度内で最後の交付決定日(交付決定がない年度は年度末)。値は年度合計(変更減額を含む),,26239.0,千円,,,18675.0,2.468931782125859,増加,2022-04-01,2023-03-31,gen-election-sangiin_20220710_smd_09_1;gen-tokko-2022-tokko_dec;gen-tokko-2022-tokko_march;gen-mlit-release-2023,https://www.mlit.go.jp/common/001426909.xlsx
09,093866,高根沢町,kofu_bouan,10,国交省 交付決定額 防災・安全交付金,2023-04-01,2024-03-31,2023-08-18,1,年度内で最後の交付決定日(交付決定がない年度は年度末)。値は年度合計(変更減額を含む),,46688.0,千円,,,20449.0,0.7793361027478182,増加,2023-04-01,2023-08-18,,https://www.mlit.go.jp/page/content/001708175.xlsx
09,093866,高根沢町,kofu_bouan,10,国交省 交付決定額 防災・安全交付金,2024-04-01,2025-03-31,2025-01-28,1,年度内で最後の交付決定日(交付決定がない年度は年度末)。値は年度合計(変更減額を含む),,48237.0,千円,,,1549.0,0.03317769019876628,横ばい,2023-08-19,2025-01-28,gen-tokko-2023-tokko_dec;gen-tokko-2023-tokko_march;gen-mlit-release-2024;gen-election-shugiin_20241027_smd_09_2;gen-tokko-2024-tokko_dec,https://www.mlit.go.jp/page/content/001842591.xlsx
09,093866,高根沢町,kofu_bouan,10,国交省 交付決定額 防災・安全交付金,2025-04-01,2026-03-31,2026-03-26,1,年度内で最後の交付決定日(交付決定がない年度は年度末)。値は年度合計(変更減額を含む),,82405.0,千円,,,34168.0,0.7083359247051019,増加,2025-01-29,2026-03-26,gen-tokko-2024-tokko_march;gen-mlit-release-2025;gen-election-sangiin_20250720_smd_09_1;gen-tokko-2025-tokko_dec;gen-election-shugiin_20260208_smd_09_2;gen-cabinet-2026-02-18;gen-position-motegi_toshimitsu-外務大臣-2026-02-18;gen-tokko-2025-tokko_march,https://www.mlit.go.jp/page/content/001969014.xlsx
09,093866,高根沢町,kofu_road,10,国交省 交付決定額 道路関係の補助,2017-04-01,2018-03-31,2018-03-31,1,年度内で最後の交付決定日(交付決定がない年度は年度末)。値は年度合計(変更減額を含む),,0.0,千円,,,,,未取得,,,,https://www.mlit.go.jp/common/001234557.xlsx
09,093866,高根沢町,kofu_road,10,国交省 交付決定額 道路関係の補助,2018-04-01,2019-03-31,2019-03-31,1,年度内で最後の交付決定日(交付決定がない年度は年度末)。値は年度合計(変更減額を含む),,0.0,千円,,,0.0,,未取得,2018-04-01,2019-03-31,,https://www.mlit.go.jp/common/001260897.xlsx
09,093866,高根沢町,kofu_road,10,国交省 交付決定額 道路関係の補助,2019-04-01,2020-03-31,2020-03-31,1,年度内で最後の交付決定日(交付決定がない年度は年度末)。値は年度合計(変更減額を含む),,0.0,千円,,,0.0,,未取得,2019-04-01,2020-03-31,,https://www.mlit.go.jp/common/001316175.xlsx
09,093866,高根沢町,kofu_road,10,国交省 交付決定額 道路関係の補助,2020-04-01,2021-03-31,2021-03-31,1,年度内で最後の交付決定日(交付決定がない年度は年度末)。値は年度合計(変更減額を含む),,83875.0,千円,,,83875.0,,未取得,2020-04-01,2021-03-31,gen-tokko-2020-tokko_dec;gen-tokko-2020-tokko_march;gen-mlit-release-2021,https://www.mlit.go.jp/common/001371629.xlsx
09,093866,高根沢町,kofu_road,10,国交省 交付決定額 道路関係の補助,2021-04-01,2022-03-31,2021-04-28,1,年度内で最後の交付決定日(交付決定がない年度は年度末)。値は年度合計(変更減額を含む),,21472.0,千円,,,-62403.0,-0.744,減少,2021-04-01,2021-04-28,,https://www.mlit.go.jp/common/001579051.xlsx
09,093866,高根沢町,kofu_road,10,国交省 交付決定額 道路関係の補助,2022-04-01,2023-03-31,2022-06-17,1,年度内で最後の交付決定日(交付決定がない年度は年度末)。値は年度合計(変更減額を含む),,5500.0,千円,,,-15972.0,-0.7438524590163934,減少,2021-04-29,2022-06-17,gen-election-shugiin_20211031_smd_09_2;gen-tokko-2021-tokko_dec;gen-tokko-2021-tokko_march;gen-mlit-release-2022,https://www.mlit.go.jp/common/001426897.xlsx
09,093866,高根沢町,kofu_road,10,国交省 交付決定額 道路関係の補助,2023-04-01,2024-03-31,2023-04-28,1,年度内で最後の交付決定日(交付決定がない年度は年度末)。値は年度合計(変更減額を含む),,11784.999999999998,千円,,,6284.999999999998,1.1427272727272724,増加,2022-06-18,2023-04-28,gen-election-sangiin_20220710_smd_09_1;gen-tokko-2022-tokko_dec;gen-tokko-2022-tokko_march;gen-mlit-release-2023,https://www.mlit.go.jp/page/content/001708164.xlsx
09,093866,高根沢町,kofu_road,10,国交省 交付決定額 道路関係の補助,2024-04-01,2025-03-31,2024-06-14,1,年度内で最後の交付決定日(交付決定がない年度は年度末)。値は年度合計(変更減額を含む),,9899.999999999998,千円,,,-1885.0,-0.15994908782350448,減少,2023-04-29,2024-06-14,gen-tokko-2023-tokko_dec;gen-tokko-2023-tokko_march;gen-mlit-release-2024,https://www.mlit.go.jp/page/content/001889202.xlsx
09,093866,高根沢町,kofu_road,10,国交省 交付決定額 道路関係の補助,2025-04-01,2026-03-31,2025-04-25,1,年度内で最後の交付決定日(交付決定がない年度は年度末)。値は年度合計(変更減額を含む),,56650.00000000001,千円,,,46750.00000000001,4.722222222222224,増加,2024-06-15,2025-04-25,gen-election-shugiin_20241027_smd_09_2;gen-tokko-2024-tokko_dec;gen-tokko-2024-tokko_march;gen-mlit-release-2025,https://www.mlit.go.jp/page/content/001969000.xlsx
09,094072,那須町,card_kokko,1,国庫支出金(決算),2020-04-01,2021-03-31,2021-03-31,0,決算(年度末),,4281718.0,千円,,,,,未取得,,,,https://www.soumu.go.jp/main_content/000804135.xlsx
09,094072,那須町,card_kokko,1,国庫支出金(決算),2021-04-01,2022-03-31,2022-03-31,0,決算(年度末),,2246676.0,千円,,,-2035042.0,-0.4752863219857076,減少,2021-04-01,2022-03-31,gen-election-shugiin_20211031_smd_09_3;gen-tokko-2021-tokko_dec;gen-tokko-2021-tokko_march;gen-mlit-release-2022,https://www.soumu.go.jp/main_content/000873399.xlsx
09,094072,那須町,card_kokko,1,国庫支出金(決算),2022-04-01,2023-03-31,2023-03-31,0,決算(年度末),,1771255.0,千円,,,-475421.0,-0.2116108419727633,減少,2022-04-01,2023-03-31,gen-election-sangiin_20220710_smd_09_1;gen-tokko-2022-tokko_dec;gen-tokko-2022-tokko_march;gen-mlit-release-2023,https://www.soumu.go.jp/main_content/000937050.xlsx
09,094072,那須町,card_kokko,1,国庫支出金(決算),2023-04-01,2024-03-31,2024-03-31,0,決算(年度末),,1637134.0,千円,,,-134121.0,-0.07572088716757328,減少,2023-04-01,2024-03-31,gen-tokko-2023-tokko_dec;gen-tokko-2023-tokko_march,https://www.soumu.go.jp/main_content/000998938.xlsx
09,094072,那須町,card_kokko,1,国庫支出金(決算),2024-04-01,2025-03-31,2025-03-31,0,決算(年度末),,1702892.0,千円,,,65758.0,0.04016653493238794,横ばい,2024-04-01,2025-03-31,gen-mlit-release-2024;gen-election-shugiin_20241027_smd_09_3;gen-tokko-2024-tokko_dec;gen-tokko-2024-tokko_march,https://www.soumu.go.jp/main_content/001063963.xlsx
09,094072,那須町,card_pref,2,県支出金(決算),2020-04-01,2021-03-31,2021-03-31,0,決算(年度末),,813559.0,千円,,,,,未取得,,,,https://www.soumu.go.jp/main_content/000804135.xlsx
09,094072,那須町,card_pref,2,県支出金(決算),2021-04-01,2022-03-31,2022-03-31,0,決算(年度末),,1015766.0,千円,,,202207.0,0.24854620254953852,増加,2021-04-01,2022-03-31,gen-election-shugiin_20211031_smd_09_3;gen-tokko-2021-tokko_dec;gen-tokko-2021-tokko_march;gen-mlit-release-2022,https://www.soumu.go.jp/main_content/000873399.xlsx
09,094072,那須町,card_pref,2,県支出金(決算),2022-04-01,2023-03-31,2023-03-31,0,決算(年度末),,943183.0,千円,,,-72583.0,-0.07145641811204549,減少,2022-04-01,2023-03-31,gen-election-sangiin_20220710_smd_09_1;gen-tokko-2022-tokko_dec;gen-tokko-2022-tokko_march;gen-mlit-release-2023,https://www.soumu.go.jp/main_content/000937050.xlsx
09,094072,那須町,card_pref,2,県支出金(決算),2023-04-01,2024-03-31,2024-03-31,0,決算(年度末),,901876.0,千円,,,-41307.0,-0.04379531861791402,横ばい,2023-04-01,2024-03-31,gen-tokko-2023-tokko_dec;gen-tokko-2023-tokko_march,https://www.soumu.go.jp/main_content/000998938.xlsx
09,094072,那須町,card_pref,2,県支出金(決算),2024-04-01,2025-03-31,2025-03-31,0,決算(年度末),,849427.0,千円,,,-52449.0,-0.058155444872687596,減少,2024-04-01,2025-03-31,gen-mlit-release-2024;gen-election-shugiin_20241027_smd_09_3;gen-tokko-2024-tokko_dec;gen-tokko-2024-tokko_march,https://www.soumu.go.jp/main_content/001063963.xlsx
09,094072,那須町,tokko_dec,3a,特別交付税 12月分,2020-04-01,2021-03-31,2020-12-08,0,交付決定日(報道発表),2020-12-08,,千円,,報道発表に町村の個別額なし(都道府県計のみ),,,未取得,,,,https://www.soumu.go.jp/main_content/000721607.pdf
09,094072,那須町,tokko_dec,3a,特別交付税 12月分,2021-04-01,2022-03-31,2021-12-03,0,交付決定日(報道発表),2021-12-03,,千円,,報道発表に町村の個別額なし(都道府県計のみ),,,未取得,2020-12-09,2021-12-03,gen-tokko-2020-tokko_march;gen-mlit-release-2021;gen-election-shugiin_20211031_smd_09_3;gen-tokko-2021-tokko_dec,https://www.soumu.go.jp/main_content/000780948.pdf
09,094072,那須町,tokko_dec,3a,特別交付税 12月分,2022-04-01,2023-03-31,2022-12-13,0,交付決定日(報道発表),2022-12-13,,千円,,報道発表に町村の個別額なし(都道府県計のみ),,,未取得,2021-12-04,2022-12-13,gen-tokko-2021-tokko_march;gen-mlit-release-2022;gen-election-sangiin_20220710_smd_09_1;gen-tokko-2022-tokko_dec,https://www.soumu.go.jp/main_content/000850537.pdf
09,094072,那須町,tokko_dec,3a,特別交付税 12月分,2023-04-01,2024-03-31,2023-12-12,0,交付決定日(報道発表),2023-12-12,,千円,,報道発表に町村の個別額なし(都道府県計のみ),,,未取得,2022-12-14,2023-12-12,gen-tokko-2022-tokko_march;gen-mlit-release-2023;gen-tokko-2023-tokko_dec,https://www.soumu.go.jp/main_content/000916643.pdf
09,094072,那須町,tokko_dec,3a,特別交付税 12月分,2024-04-01,2025-03-31,2024-12-20,0,交付決定日(報道発表),2024-12-20,,千円,,報道発表に町村の個別額なし(都道府県計のみ),,,未取得,2023-12-13,2024-12-20,gen-tokko-2023-tokko_march;gen-mlit-release-2024;gen-election-shugiin_20241027_smd_09_3;gen-tokko-2024-tokko_dec,https://www.soumu.go.jp/main_content/000983129.pdf
09,094072,那須町,tokko_dec,3a,特別交付税 12月分,2025-04-01,2026-03-31,2025-12-19,0,交付決定日(報道発表),2025-12-19,,千円,,報道発表に町村の個別額なし(都道府県計のみ),,,未取得,2024-12-21,2025-12-19,gen-tokko-2024-tokko_march;gen-mlit-release-2025;gen-election-sangiin_20250720_smd_09_1;gen-tokko-2025-tokko_dec,https://www.soumu.go.jp/main_content/001046667.pdf
09,094072,那須町,tokko_march,3b,特別交付税 3月分,2020-04-01,2021-03-31,2021-03-19,0,交付決定日(報道発表),2021-03-19,,千円,,報道発表に町村の個別額なし(都道府県計のみ),,,未取得,,,,https://www.soumu.go.jp/main_content/000738961.pdf
09,094072,那須町,tokko_march,3b,特別交付税 3月分,2021-04-01,2022-03-31,2022-03-18,0,交付決定日(報道発表),2022-03-18,,千円,,報道発表に町村の個別額なし(都道府県計のみ),,,未取得,2021-03-20,2022-03-18,gen-mlit-release-2021;gen-election-shugiin_20211031_smd_09_3;gen-tokko-2021-tokko_dec;gen-tokko-2021-tokko_march,https://www.soumu.go.jp/main_content/000799619.pdf
09,094072,那須町,tokko_march,3b,特別交付税 3月分,2022-04-01,2023-03-31,2023-03-22,0,交付決定日(報道発表),2023-03-22,,千円,,報道発表に町村の個別額なし(都道府県計のみ),,,未取得,2022-03-19,2023-03-22,gen-mlit-release-2022;gen-election-sangiin_20220710_smd_09_1;gen-tokko-2022-tokko_dec;gen-tokko-2022-tokko_march,https://www.soumu.go.jp/main_content/000869990.pdf
09,094072,那須町,tokko_march,3b,特別交付税 3月分,2023-04-01,2024-03-31,2024-03-22,0,交付決定日(報道発表),2024-03-22,,千円,,報道発表に町村の個別額なし(都道府県計のみ),,,未取得,2023-03-23,2024-03-22,gen-mlit-release-2023;gen-tokko-2023-tokko_dec;gen-tokko-2023-tokko_march,https://www.soumu.go.jp/main_content/000997045.pdf
09,094072,那須町,tokko_march,3b,特別交付税 3月分,2024-04-01,2025-03-31,2025-03-21,0,交付決定日(報道発表),2025-03-21,,千円,,報道発表に町村の個別額なし(都道府県計のみ),,,未取得,2024-03-23,2025-03-21,gen-mlit-release-2024;gen-election-shugiin_20241027_smd_09_3;gen-tokko-2024-tokko_dec;gen-tokko-2024-tokko_march,https://www.soumu.go.jp/main_content/000998441.pdf
09,094072,那須町,tokko_march,3b,特別交付税 3月分,2025-04-01,2026-03-31,2026-03-17,0,交付決定日(報道発表),2026-03-17,,千円,,報道発表に町村の個別額なし(都道府県計のみ),,,未取得,2025-03-22,2026-03-17,gen-mlit-release-2025;gen-election-sangiin_20250720_smd_09_1;gen-tokko-2025-tokko_dec;m-2026ge-endorse-094072;gen-election-shugiin_20260208_smd_09_3;gen-cabinet-2026-02-18;gen-position-motegi_toshimitsu-外務大臣-2026-02-18;gen-tokko-2025-tokko_march,https://www.soumu.go.jp/main_content/001061260.pdf
09,094072,那須町,mlit_sole_grants,4,社総交・防安交 単独策定主体の国費,2021-04-01,2022-03-31,2021-03-30,1,当初配分の報道発表日を代用(交付決定日は未公表),2021-03-30,153883.0,千円,1,,,,未取得,,,,https://www.mlit.go.jp/common/001396522.pdf
09,094072,那須町,mlit_sole_grants,4,社総交・防安交 単独策定主体の国費,2022-04-01,2023-03-31,2022-03-25,1,当初配分の報道発表日を代用(交付決定日は未公表),2022-03-25,0.0,千円,0,,-153883.0,-1.0,減少,2021-03-31,2022-03-25,gen-election-shugiin_20211031_smd_09_3;gen-tokko-2021-tokko_dec;gen-tokko-2021-tokko_march;gen-mlit-release-2022,https://www.mlit.go.jp/page/content/001472731.pdf
09,094072,那須町,mlit_sole_grants,4,社総交・防安交 単独策定主体の国費,2023-04-01,2024-03-31,2023-03-31,1,当初配分の報道発表日を代用(交付決定日は未公表),2023-03-31,0.0,千円,0,,0.0,,未取得,2022-03-26,2023-03-31,gen-election-sangiin_20220710_smd_09_1;gen-tokko-2022-tokko_dec;gen-tokko-2022-tokko_march;gen-mlit-release-2023,https://www.mlit.go.jp/page/content/001596924.pdf
09,094072,那須町,mlit_sole_grants,4,社総交・防安交 単独策定主体の国費,2024-04-01,2025-03-31,2024-04-01,1,当初配分の報道発表日を代用(交付決定日は未公表),2024-04-01,2475.0,千円,1,,2475.0,,未取得,2023-04-01,2024-04-01,gen-tokko-2023-tokko_dec;gen-tokko-2023-tokko_march;gen-mlit-release-2024,https://www.mlit.go.jp/page/content/001735005.pdf
09,094072,那須町,mlit_sole_grants,4,社総交・防安交 単独策定主体の国費,2025-04-01,2026-03-31,2025-04-01,1,当初配分の報道発表日を代用(交付決定日は未公表),2025-04-01,24152.0,千円,1,,21677.0,8.758383838383839,増加,2024-04-02,2025-04-01,gen-election-shugiin_20241027_smd_09_3;gen-tokko-2024-tokko_dec;gen-tokko-2024-tokko_march;gen-mlit-release-2025,https://www.mlit.go.jp/page/content/001879738.pdf
09,094072,那須町,mlit_sole_grants,4,社総交・防安交 単独策定主体の国費,2026-04-01,2027-03-31,2026-04-07,1,当初配分の報道発表日を代用(交付決定日は未公表),2026-04-07,68168.0,千円,1,,44016.0,1.822457767472673,増加,2025-04-02,2026-04-07,gen-election-sangiin_20250720_smd_09_1;gen-tokko-2025-tokko_dec;m-2026ge-endorse-094072;gen-election-shugiin_20260208_smd_09_3;gen-cabinet-2026-02-18;gen-position-motegi_toshimitsu-外務大臣-2026-02-18;gen-tokko-2025-tokko_march;gen-mlit-release-2026,https://www.mlit.go.jp/page/content/001994561.pdf
09,094072,那須町,mlit_road,5,道路局箇所表 事業主体=当該市町の国費,2021-04-01,2022-03-31,2021-03-30,1,当初配分の報道発表日を代用(交付決定日は未公表),2021-03-30,64000.0,千円,1,,,,未取得,,,,https://www.mlit.go.jp/common/001396522.pdf
09,094072,那須町,mlit_road,5,道路局箇所表 事業主体=当該市町の国費,2022-04-01,2023-03-31,2022-03-25,1,当初配分の報道発表日を代用(交付決定日は未公表),2022-03-25,90000.0,千円,2,,26000.0,0.40625,増加,2021-03-31,2022-03-25,gen-election-shugiin_20211031_smd_09_3;gen-tokko-2021-tokko_dec;gen-tokko-2021-tokko_march;gen-mlit-release-2022,https://www.mlit.go.jp/page/content/001472731.pdf
09,094072,那須町,mlit_road,5,道路局箇所表 事業主体=当該市町の国費,2023-04-01,2024-03-31,2023-03-31,1,当初配分の報道発表日を代用(交付決定日は未公表),2023-03-31,76000.0,千円,1,,-14000.0,-0.15555555555555556,減少,2022-03-26,2023-03-31,gen-election-sangiin_20220710_smd_09_1;gen-tokko-2022-tokko_dec;gen-tokko-2022-tokko_march;gen-mlit-release-2023,https://www.mlit.go.jp/page/content/001596924.pdf
09,094072,那須町,mlit_road,5,道路局箇所表 事業主体=当該市町の国費,2024-04-01,2025-03-31,2024-04-01,1,当初配分の報道発表日を代用(交付決定日は未公表),2024-04-01,87000.0,千円,1,,11000.0,0.14473684210526316,増加,2023-04-01,2024-04-01,gen-tokko-2023-tokko_dec;gen-tokko-2023-tokko_march;gen-mlit-release-2024,https://www.mlit.go.jp/page/content/001735005.pdf
09,094072,那須町,mlit_road,5,道路局箇所表 事業主体=当該市町の国費,2025-04-01,2026-03-31,2025-04-01,1,当初配分の報道発表日を代用(交付決定日は未公表),2025-04-01,139000.0,千円,1,,52000.0,0.5977011494252874,増加,2024-04-02,2025-04-01,gen-election-shugiin_20241027_smd_09_3;gen-tokko-2024-tokko_dec;gen-tokko-2024-tokko_march;gen-mlit-release-2025,https://www.mlit.go.jp/page/content/001879738.pdf
09,094072,那須町,mlit_road,5,道路局箇所表 事業主体=当該市町の国費,2026-04-01,2027-03-31,2026-04-07,1,当初配分の報道発表日を代用(交付決定日は未公表),2026-04-07,83000.0,千円,1,,-56000.0,-0.4028776978417266,減少,2025-04-02,2026-04-07,gen-election-sangiin_20250720_smd_09_1;gen-tokko-2025-tokko_dec;m-2026ge-endorse-094072;gen-election-shugiin_20260208_smd_09_3;gen-cabinet-2026-02-18;gen-position-motegi_toshimitsu-外務大臣-2026-02-18;gen-tokko-2025-tokko_march;gen-mlit-release-2026,https://www.mlit.go.jp/page/content/001994561.pdf
09,094072,那須町,e_kokko,6,国庫支出金 計(決算、地方財政状況調査),2020-04-01,2021-03-31,2021-03-31,0,決算(年度末),,4281718.0,千円,,,,,未取得,,,,https://www.e-stat.go.jp/stat-search/file-download?statInfId=000032188698&fileKind=1
09,094072,那須町,e_kokko,6,国庫支出金 計(決算、地方財政状況調査),2021-04-01,2022-03-31,2022-03-31,0,決算(年度末),,2246676.0,千円,,,-2035042.0,-0.4752863219857076,減少,2021-04-01,2022-03-31,gen-election-shugiin_20211031_smd_09_3;gen-tokko-2021-tokko_dec;gen-tokko-2021-tokko_march;gen-mlit-release-2022,https://www.e-stat.go.jp/stat-search/file-download?statInfId=000040044921&fileKind=1
09,094072,那須町,e_kokko,6,国庫支出金 計(決算、地方財政状況調査),2022-04-01,2023-03-31,2023-03-31,0,決算(年度末),,1771255.0,千円,,,-475421.0,-0.2116108419727633,減少,2022-04-01,2023-03-31,gen-election-sangiin_20220710_smd_09_1;gen-tokko-2022-tokko_dec;gen-tokko-2022-tokko_march;gen-mlit-release-2023,https://www.e-stat.go.jp/stat-search/file-download?statInfId=000040171702&fileKind=1
09,094072,那須町,e_kokko,6,国庫支出金 計(決算、地方財政状況調査),2023-04-01,2024-03-31,2024-03-31,0,決算(年度末),,1637134.0,千円,,,-134121.0,-0.07572088716757328,減少,2023-04-01,2024-03-31,gen-tokko-2023-tokko_dec;gen-tokko-2023-tokko_march,https://www.e-stat.go.jp/stat-search/file-download?statInfId=000040231591&fileKind=1
09,094072,那須町,e_kokko,6,国庫支出金 計(決算、地方財政状況調査),2024-04-01,2025-03-31,2025-03-31,0,決算(年度末),,1702892.0,千円,,,65758.0,0.04016653493238794,横ばい,2024-04-01,2025-03-31,gen-mlit-release-2024;gen-election-shugiin_20241027_smd_09_3;gen-tokko-2024-tokko_dec;gen-tokko-2024-tokko_march,https://www.e-stat.go.jp/stat-search/file-download?statInfId=000040375638&fileKind=1
09,094072,那須町,e_kokko_futsuken,6,国庫支出金のうち普通建設事業費支出金(決算),2020-04-01,2021-03-31,2021-03-31,0,決算(年度末),,173302.0,千円,,,,,未取得,,,,https://www.e-stat.go.jp/stat-search/file-download?statInfId=000032188698&fileKind=1
09,094072,那須町,e_kokko_futsuken,6,国庫支出金のうち普通建設事業費支出金(決算),2021-04-01,2022-03-31,2022-03-31,0,決算(年度末),,143171.0,千円,,,-30131.0,-0.17386412159121073,減少,2021-04-01,2022-03-31,gen-election-shugiin_20211031_smd_09_3;gen-tokko-2021-tokko_dec;gen-tokko-2021-tokko_march;gen-mlit-release-2022,https://www.e-stat.go.jp/stat-search/file-download?statInfId=000040044921&fileKind=1
09,094072,那須町,e_kokko_futsuken,6,国庫支出金のうち普通建設事業費支出金(決算),2022-04-01,2023-03-31,2023-03-31,0,決算(年度末),,126680.0,千円,,,-16491.0,-0.11518394088188251,減少,2022-04-01,2023-03-31,gen-election-sangiin_20220710_smd_09_1;gen-tokko-2022-tokko_dec;gen-tokko-2022-tokko_march;gen-mlit-release-2023,https://www.e-stat.go.jp/stat-search/file-download?statInfId=000040171702&fileKind=1
09,094072,那須町,e_kokko_futsuken,6,国庫支出金のうち普通建設事業費支出金(決算),2023-04-01,2024-03-31,2024-03-31,0,決算(年度末),,232587.0,千円,,,105907.0,0.8360198926428797,増加,2023-04-01,2024-03-31,gen-tokko-2023-tokko_dec;gen-tokko-2023-tokko_march,https://www.e-stat.go.jp/stat-search/file-download?statInfId=000040231591&fileKind=1
09,094072,那須町,e_kokko_futsuken,6,国庫支出金のうち普通建設事業費支出金(決算),2024-04-01,2025-03-31,2025-03-31,0,決算(年度末),,292542.0,千円,,,59955.0,0.25777451018328623,増加,2024-04-01,2025-03-31,gen-mlit-release-2024;gen-election-shugiin_20241027_smd_09_3;gen-tokko-2024-tokko_dec;gen-tokko-2024-tokko_march,https://www.e-stat.go.jp/stat-search/file-download?statInfId=000040375638&fileKind=1
09,094072,那須町,e_kokko_saigai,6,国庫支出金のうち災害復旧事業費支出金(決算),2020-04-01,2021-03-31,2021-03-31,0,決算(年度末),,349134.0,千円,,,,,未取得,,,,https://www.e-stat.go.jp/stat-search/file-download?statInfId=000032188698&fileKind=1
09,094072,那須町,e_kokko_saigai,6,国庫支出金のうち災害復旧事業費支出金(決算),2021-04-01,2022-03-31,2022-03-31,0,決算(年度末),,16596.0,千円,,,-332538.0,-0.95246524257162,減少,2021-04-01,2022-03-31,gen-election-shugiin_20211031_smd_09_3;gen-tokko-2021-tokko_dec;gen-tokko-2021-tokko_march;gen-mlit-release-2022,https://www.e-stat.go.jp/stat-search/file-download?statInfId=000040044921&fileKind=1
09,094072,那須町,e_kokko_saigai,6,国庫支出金のうち災害復旧事業費支出金(決算),2022-04-01,2023-03-31,2023-03-31,0,決算(年度末),,0.0,千円,,,-16596.0,-1.0,減少,2022-04-01,2023-03-31,gen-election-sangiin_20220710_smd_09_1;gen-tokko-2022-tokko_dec;gen-tokko-2022-tokko_march;gen-mlit-release-2023,https://www.e-stat.go.jp/stat-search/file-download?statInfId=000040171702&fileKind=1
09,094072,那須町,e_kokko_saigai,6,国庫支出金のうち災害復旧事業費支出金(決算),2023-04-01,2024-03-31,2024-03-31,0,決算(年度末),,0.0,千円,,,0.0,,未取得,2023-04-01,2024-03-31,gen-tokko-2023-tokko_dec;gen-tokko-2023-tokko_march,https://www.e-stat.go.jp/stat-search/file-download?statInfId=000040231591&fileKind=1
09,094072,那須町,e_kokko_saigai,6,国庫支出金のうち災害復旧事業費支出金(決算),2024-04-01,2025-03-31,2025-03-31,0,決算(年度末),,4254.0,千円,,,4254.0,,未取得,2024-04-01,2025-03-31,gen-mlit-release-2024;gen-election-shugiin_20241027_smd_09_3;gen-tokko-2024-tokko_dec;gen-tokko-2024-tokko_march,https://www.e-stat.go.jp/stat-search/file-download?statInfId=000040375638&fileKind=1
09,094072,那須町,e_kokko_shasoukou,6,国庫支出金のうち社会資本整備総合交付金(決算),2020-04-01,2021-03-31,2021-03-31,0,決算(年度末),,117659.0,千円,,,,,未取得,,,,https://www.e-stat.go.jp/stat-search/file-download?statInfId=000032188698&fileKind=1
09,094072,那須町,e_kokko_shasoukou,6,国庫支出金のうち社会資本整備総合交付金(決算),2021-04-01,2022-03-31,2022-03-31,0,決算(年度末),,332113.0,千円,,,214454.0,1.8226739985891431,増加,2021-04-01,2022-03-31,gen-election-shugiin_20211031_smd_09_3;gen-tokko-2021-tokko_dec;gen-tokko-2021-tokko_march;gen-mlit-release-2022,https://www.e-stat.go.jp/stat-search/file-download?statInfId=000040044921&fileKind=1
09,094072,那須町,e_kokko_shasoukou,6,国庫支出金のうち社会資本整備総合交付金(決算),2022-04-01,2023-03-31,2023-03-31,0,決算(年度末),,68595.0,千円,,,-263518.0,-0.7934588528603216,減少,2022-04-01,2023-03-31,gen-election-sangiin_20220710_smd_09_1;gen-tokko-2022-tokko_dec;gen-tokko-2022-tokko_march;gen-mlit-release-2023,https://www.e-stat.go.jp/stat-search/file-download?statInfId=000040171702&fileKind=1
09,094072,那須町,e_kokko_shasoukou,6,国庫支出金のうち社会資本整備総合交付金(決算),2023-04-01,2024-03-31,2024-03-31,0,決算(年度末),,41720.0,千円,,,-26875.0,-0.3917924046942197,減少,2023-04-01,2024-03-31,gen-tokko-2023-tokko_dec;gen-tokko-2023-tokko_march,https://www.e-stat.go.jp/stat-search/file-download?statInfId=000040231591&fileKind=1
09,094072,那須町,e_kokko_shasoukou,6,国庫支出金のうち社会資本整備総合交付金(決算),2024-04-01,2025-03-31,2025-03-31,0,決算(年度末),,54426.0,千円,,,12706.0,0.3045541706615532,増加,2024-04-01,2025-03-31,gen-mlit-release-2024;gen-election-shugiin_20241027_smd_09_3;gen-tokko-2024-tokko_dec;gen-tokko-2024-tokko_march,https://www.e-stat.go.jp/stat-search/file-download?statInfId=000040375638&fileKind=1
09,094072,那須町,e_pref,6,都道府県支出金 計(決算),2020-04-01,2021-03-31,2021-03-31,0,決算(年度末),,813559.0,千円,,,,,未取得,,,,https://www.e-stat.go.jp/stat-search/file-download?statInfId=000032188698&fileKind=1
09,094072,那須町,e_pref,6,都道府県支出金 計(決算),2021-04-01,2022-03-31,2022-03-31,0,決算(年度末),,1015766.0,千円,,,202207.0,0.24854620254953852,増加,2021-04-01,2022-03-31,gen-election-shugiin_20211031_smd_09_3;gen-tokko-2021-tokko_dec;gen-tokko-2021-tokko_march;gen-mlit-release-2022,https://www.e-stat.go.jp/stat-search/file-download?statInfId=000040044921&fileKind=1
09,094072,那須町,e_pref,6,都道府県支出金 計(決算),2022-04-01,2023-03-31,2023-03-31,0,決算(年度末),,943183.0,千円,,,-72583.0,-0.07145641811204549,減少,2022-04-01,2023-03-31,gen-election-sangiin_20220710_smd_09_1;gen-tokko-2022-tokko_dec;gen-tokko-2022-tokko_march;gen-mlit-release-2023,https://www.e-stat.go.jp/stat-search/file-download?statInfId=000040171702&fileKind=1
09,094072,那須町,e_pref,6,都道府県支出金 計(決算),2023-04-01,2024-03-31,2024-03-31,0,決算(年度末),,901876.0,千円,,,-41307.0,-0.04379531861791402,横ばい,2023-04-01,2024-03-31,gen-tokko-2023-tokko_dec;gen-tokko-2023-tokko_march,https://www.e-stat.go.jp/stat-search/file-download?statInfId=000040231591&fileKind=1
09,094072,那須町,e_pref,6,都道府県支出金 計(決算),2024-04-01,2025-03-31,2025-03-31,0,決算(年度末),,849427.0,千円,,,-52449.0,-0.058155444872687596,減少,2024-04-01,2025-03-31,gen-mlit-release-2024;gen-election-shugiin_20241027_smd_09_3;gen-tokko-2024-tokko_dec;gen-tokko-2024-tokko_march,https://www.e-stat.go.jp/stat-search/file-download?statInfId=000040375638&fileKind=1
09,094072,那須町,e_futsu,6,普通交付税(決算),2020-04-01,2021-03-31,2021-03-31,0,決算(年度末),,1540601.0,千円,,,,,未取得,,,,https://www.e-stat.go.jp/stat-search/file-download?statInfId=000032188698&fileKind=1
09,094072,那須町,e_futsu,6,普通交付税(決算),2021-04-01,2022-03-31,2022-03-31,0,決算(年度末),,1986820.0,千円,,,446219.0,0.28963956274207275,増加,2021-04-01,2022-03-31,gen-election-shugiin_20211031_smd_09_3;gen-tokko-2021-tokko_dec;gen-tokko-2021-tokko_march;gen-mlit-release-2022,https://www.e-stat.go.jp/stat-search/file-download?statInfId=000040044921&fileKind=1
09,094072,那須町,e_futsu,6,普通交付税(決算),2022-04-01,2023-03-31,2023-03-31,0,決算(年度末),,2045582.0,千円,,,58762.0,0.029575905215369284,横ばい,2022-04-01,2023-03-31,gen-election-sangiin_20220710_smd_09_1;gen-tokko-2022-tokko_dec;gen-tokko-2022-tokko_march;gen-mlit-release-2023,https://www.e-stat.go.jp/stat-search/file-download?statInfId=000040171702&fileKind=1
09,094072,那須町,e_futsu,6,普通交付税(決算),2023-04-01,2024-03-31,2024-03-31,0,決算(年度末),,2129836.0,千円,,,84254.0,0.04118827795708019,横ばい,2023-04-01,2024-03-31,gen-tokko-2023-tokko_dec;gen-tokko-2023-tokko_march,https://www.e-stat.go.jp/stat-search/file-download?statInfId=000040231591&fileKind=1
09,094072,那須町,e_futsu,6,普通交付税(決算),2024-04-01,2025-03-31,2025-03-31,0,決算(年度末),,2225356.0,千円,,,95520.0,0.04484852354829198,横ばい,2024-04-01,2025-03-31,gen-mlit-release-2024;gen-election-shugiin_20241027_smd_09_3;gen-tokko-2024-tokko_dec;gen-tokko-2024-tokko_march,https://www.e-stat.go.jp/stat-search/file-download?statInfId=000040375638&fileKind=1
09,094072,那須町,e_tokko,6,特別交付税(決算),2020-04-01,2021-03-31,2021-03-31,0,決算(年度末),,236252.0,千円,,,,,未取得,,,,https://www.e-stat.go.jp/stat-search/file-download?statInfId=000032188698&fileKind=1
09,094072,那須町,e_tokko,6,特別交付税(決算),2021-04-01,2022-03-31,2022-03-31,0,決算(年度末),,263245.0,千円,,,26993.0,0.11425511741699541,増加,2021-04-01,2022-03-31,gen-election-shugiin_20211031_smd_09_3;gen-tokko-2021-tokko_dec;gen-tokko-2021-tokko_march;gen-mlit-release-2022,https://www.e-stat.go.jp/stat-search/file-download?statInfId=000040044921&fileKind=1
09,094072,那須町,e_tokko,6,特別交付税(決算),2022-04-01,2023-03-31,2023-03-31,0,決算(年度末),,293216.0,千円,,,29971.0,0.11385211494995157,増加,2022-04-01,2023-03-31,gen-election-sangiin_20220710_smd_09_1;gen-tokko-2022-tokko_dec;gen-tokko-2022-tokko_march;gen-mlit-release-2023,https://www.e-stat.go.jp/stat-search/file-download?statInfId=000040171702&fileKind=1
09,094072,那須町,e_tokko,6,特別交付税(決算),2023-04-01,2024-03-31,2024-03-31,0,決算(年度末),,312070.0,千円,,,18854.0,0.06430072028811525,増加,2023-04-01,2024-03-31,gen-tokko-2023-tokko_dec;gen-tokko-2023-tokko_march,https://www.e-stat.go.jp/stat-search/file-download?statInfId=000040231591&fileKind=1
09,094072,那須町,e_tokko,6,特別交付税(決算),2024-04-01,2025-03-31,2025-03-31,0,決算(年度末),,355265.0,千円,,,43195.0,0.13841445829461338,増加,2024-04-01,2025-03-31,gen-mlit-release-2024;gen-election-shugiin_20241027_smd_09_3;gen-tokko-2024-tokko_dec;gen-tokko-2024-tokko_march,https://www.e-stat.go.jp/stat-search/file-download?statInfId=000040375638&fileKind=1
09,094072,那須町,e_road_kokko,7,道路橋りょう費に充当した国庫支出金(決算),2020-04-01,2021-03-31,2021-03-31,0,決算(年度末),,73011.0,千円,,,,,未取得,,,,https://www.e-stat.go.jp/stat-search/file-download?statInfId=000032188710&fileKind=1
09,094072,那須町,e_road_kokko,7,道路橋りょう費に充当した国庫支出金(決算),2021-04-01,2022-03-31,2022-03-31,0,決算(年度末),,88729.0,千円,,,15718.0,0.2152826286449987,増加,2021-04-01,2022-03-31,gen-election-shugiin_20211031_smd_09_3;gen-tokko-2021-tokko_dec;gen-tokko-2021-tokko_march;gen-mlit-release-2022,https://www.e-stat.go.jp/stat-search/file-download?statInfId=000040044933&fileKind=1
09,094072,那須町,e_road_kokko,7,道路橋りょう費に充当した国庫支出金(決算),2022-04-01,2023-03-31,2023-03-31,0,決算(年度末),,129273.0,千円,,,40544.0,0.45694192428631,増加,2022-04-01,2023-03-31,gen-election-sangiin_20220710_smd_09_1;gen-tokko-2022-tokko_dec;gen-tokko-2022-tokko_march;gen-mlit-release-2023,https://www.e-stat.go.jp/stat-search/file-download?statInfId=000040171714&fileKind=1
09,094072,那須町,e_road_kokko,7,道路橋りょう費に充当した国庫支出金(決算),2023-04-01,2024-03-31,2024-03-31,0,決算(年度末),,143287.0,千円,,,14014.0,0.10840624105575024,増加,2023-04-01,2024-03-31,gen-tokko-2023-tokko_dec;gen-tokko-2023-tokko_march,https://www.e-stat.go.jp/stat-search/file-download?statInfId=000040231603&fileKind=1
09,094072,那須町,e_road_kokko,7,道路橋りょう費に充当した国庫支出金(決算),2024-04-01,2025-03-31,2025-03-31,0,決算(年度末),,148000.0,千円,,,4713.0,0.032892027888084756,横ばい,2024-04-01,2025-03-31,gen-mlit-release-2024;gen-election-shugiin_20241027_smd_09_3;gen-tokko-2024-tokko_dec;gen-tokko-2024-tokko_march,https://www.e-stat.go.jp/stat-search/file-download?statInfId=000040375650&fileKind=1
09,094072,那須町,e_hojo_road_kokko,8,補助事業費(道路・橋りょう)の国庫支出金(決算),2020-04-01,2021-03-31,2021-03-31,0,決算(年度末),,43711.0,千円,,,,,未取得,,,,https://www.e-stat.go.jp/stat-search/file-download?statInfId=000032188732&fileKind=1
09,094072,那須町,e_hojo_road_kokko,8,補助事業費(道路・橋りょう)の国庫支出金(決算),2021-04-01,2022-03-31,2022-03-31,0,決算(年度末),,53301.0,千円,,,9590.0,0.21939557548443184,増加,2021-04-01,2022-03-31,gen-election-shugiin_20211031_smd_09_3;gen-tokko-2021-tokko_dec;gen-tokko-2021-tokko_march;gen-mlit-release-2022,https://www.e-stat.go.jp/stat-search/file-download?statInfId=000040044955&fileKind=1
09,094072,那須町,e_hojo_road_kokko,8,補助事業費(道路・橋りょう)の国庫支出金(決算),2022-04-01,2023-03-31,2023-03-31,0,決算(年度末),,114745.0,千円,,,61444.0,1.1527738691581773,増加,2022-04-01,2023-03-31,gen-election-sangiin_20220710_smd_09_1;gen-tokko-2022-tokko_dec;gen-tokko-2022-tokko_march;gen-mlit-release-2023,https://www.e-stat.go.jp/stat-search/file-download?statInfId=000040171736&fileKind=1
09,094072,那須町,e_hojo_road_kokko,8,補助事業費(道路・橋りょう)の国庫支出金(決算),2023-04-01,2024-03-31,2024-03-31,0,決算(年度末),,139718.0,千円,,,24973.0,0.2176391128153732,増加,2023-04-01,2024-03-31,gen-tokko-2023-tokko_dec;gen-tokko-2023-tokko_march,https://www.e-stat.go.jp/stat-search/file-download?statInfId=000040231625&fileKind=1
09,094072,那須町,e_hojo_road_kokko,8,補助事業費(道路・橋りょう)の国庫支出金(決算),2024-04-01,2025-03-31,2025-03-31,0,決算(年度末),,147450.0,千円,,,7732.0,0.05534004208477075,増加,2024-04-01,2025-03-31,gen-mlit-release-2024;gen-election-shugiin_20241027_smd_09_3;gen-tokko-2024-tokko_dec;gen-tokko-2024-tokko_march,https://www.e-stat.go.jp/stat-search/file-download?statInfId=000040375672&fileKind=1
09,094072,那須町,futsu_decided,9,普通交付税 当初決定額,2021-04-01,2022-03-31,2021-08-03,0,当初決定日(算定結果の報道資料の日付),2021-08-03,1695747.0,千円,,,,,未取得,,,,https://www.soumu.go.jp/main_content/000761570.xlsx
09,094072,那須町,futsu_decided,9,普通交付税 当初決定額,2022-04-01,2023-03-31,2022-07-26,0,当初決定日(算定結果の報道資料の日付),2022-07-26,1964590.0,千円,,,268843.0,0.15853956987687431,増加,2021-08-04,2022-07-26,gen-election-shugiin_20211031_smd_09_3;gen-tokko-2021-tokko_dec;gen-tokko-2021-tokko_march;gen-mlit-release-2022;gen-election-sangiin_20220710_smd_09_1,https://www.soumu.go.jp/main_content/000762090.xlsx
09,094072,那須町,futsu_decided,9,普通交付税 当初決定額,2023-04-01,2024-03-31,2023-07-28,0,当初決定日(算定結果の報道資料の日付),2023-07-28,2048162.0,千円,,,83572.0,0.042539155752599776,横ばい,2022-07-27,2023-07-28,gen-tokko-2022-tokko_dec;gen-tokko-2022-tokko_march;gen-mlit-release-2023,https://www.soumu.go.jp/main_content/000894237.xlsx
09,094072,那須町,futsu_decided,9,普通交付税 当初決定額,2024-04-01,2025-03-31,2024-07-23,0,当初決定日(算定結果の報道資料の日付),2024-07-23,2057427.0,千円,,,9265.0,0.0045235679599562924,横ばい,2023-07-29,2024-07-23,gen-tokko-2023-tokko_dec;gen-tokko-2023-tokko_march;gen-mlit-release-2024,https://www.soumu.go.jp/main_content/000958553.xlsx
09,094072,那須町,futsu_decided,9,普通交付税 当初決定額,2025-04-01,2026-03-31,2025-07-29,0,当初決定日(算定結果の報道資料の日付),2025-07-29,2051838.0,千円,,,-5589.0,-0.0027164997834674084,横ばい,2024-07-24,2025-07-29,gen-election-shugiin_20241027_smd_09_3;gen-tokko-2024-tokko_dec;gen-tokko-2024-tokko_march;gen-mlit-release-2025;gen-election-sangiin_20250720_smd_09_1,https://www.soumu.go.jp/main_content/001022466.xlsx
09,094072,那須町,futsu_decided,9,普通交付税 当初決定額,2026-04-01,2027-03-31,2026-07-24,0,当初決定日(算定結果の報道資料の日付),2026-07-24,2095457.0,千円,,,43619.0,0.02125850091478957,横ばい,2025-07-30,2026-07-24,gen-tokko-2025-tokko_dec;m-2026ge-endorse-094072;gen-election-shugiin_20260208_smd_09_3;gen-cabinet-2026-02-18;gen-position-motegi_toshimitsu-外務大臣-2026-02-18;gen-tokko-2025-tokko_march;gen-mlit-release-2026,https://www.soumu.go.jp/main_content/001083404.xlsx
09,094072,那須町,kofu_total,10,国交省 交付決定額 計(年度合計),2017-04-01,2018-03-31,2018-03-23,1,年度内で最後の交付決定日(交付決定がない年度は年度末)。値は年度合計(変更減額を含む),,94630.0,千円,,,,,未取得,,,,https://www.mlit.go.jp/common/001210869.xlsx
09,094072,那須町,kofu_total,10,国交省 交付決定額 計(年度合計),2018-04-01,2019-03-31,2018-09-03,1,年度内で最後の交付決定日(交付決定がない年度は年度末)。値は年度合計(変更減額を含む),,136040.0,千円,,,41410.0,0.4375990700623481,増加,2018-03-24,2018-09-03,,https://www.mlit.go.jp/common/001260907.xlsx
09,094072,那須町,kofu_total,10,国交省 交付決定額 計(年度合計),2019-04-01,2020-03-31,2020-03-31,1,年度内で最後の交付決定日(交付決定がない年度は年度末)。値は年度合計(変更減額を含む),,378486.0,千円,,,242446.0,1.7821670097030284,増加,2018-09-04,2020-03-31,,https://www.mlit.go.jp/common/001316172.xlsx
09,094072,那須町,kofu_total,10,国交省 交付決定額 計(年度合計),2020-04-01,2021-03-31,2021-03-31,1,年度内で最後の交付決定日(交付決定がない年度は年度末)。値は年度合計(変更減額を含む),,276653.0,千円,,,-101833.0,-0.269053544913154,減少,2020-04-01,2021-03-31,gen-tokko-2020-tokko_dec;gen-tokko-2020-tokko_march;gen-mlit-release-2021,https://www.mlit.go.jp/common/001371589.xlsx
09,094072,那須町,kofu_total,10,国交省 交付決定額 計(年度合計),2021-04-01,2022-03-31,2021-11-18,1,年度内で最後の交付決定日(交付決定がない年度は年度末)。値は年度合計(変更減額を含む),,248465.0,千円,,,-28188.0,-0.10188937043878071,減少,2021-04-01,2021-11-18,gen-election-shugiin_20211031_smd_09_3,https://www.mlit.go.jp/common/001579048.xlsx
09,094072,那須町,kofu_total,10,国交省 交付決定額 計(年度合計),2022-04-01,2023-03-31,2023-02-01,1,年度内で最後の交付決定日(交付決定がない年度は年度末)。値は年度合計(変更減額を含む),,223773.0,千円,,,-24692.0,-0.09937818203771155,減少,2021-11-19,2023-02-01,gen-tokko-2021-tokko_dec;gen-tokko-2021-tokko_march;gen-mlit-release-2022;gen-election-sangiin_20220710_smd_09_1;gen-tokko-2022-tokko_dec,https://www.mlit.go.jp/common/001426891.xlsx
09,094072,那須町,kofu_total,10,国交省 交付決定額 計(年度合計),2023-04-01,2024-03-31,2024-03-08,1,年度内で最後の交付決定日(交付決定がない年度は年度末)。値は年度合計(変更減額を含む),,247489.0,千円,,,23716.0,0.10598240180897606,増加,2023-02-02,2024-03-08,gen-tokko-2022-tokko_march;gen-mlit-release-2023;gen-tokko-2023-tokko_dec,https://www.mlit.go.jp/page/content/001749355.xlsx
09,094072,那須町,kofu_total,10,国交省 交付決定額 計(年度合計),2024-04-01,2025-03-31,2025-03-11,1,年度内で最後の交付決定日(交付決定がない年度は年度末)。値は年度合計(変更減額を含む),,189527.0,千円,,,-57962.0,-0.23420030789247198,減少,2024-03-09,2025-03-11,gen-tokko-2023-tokko_march;gen-mlit-release-2024;gen-election-shugiin_20241027_smd_09_3;gen-tokko-2024-tokko_dec,https://www.mlit.go.jp/page/content/001889200.xlsx
09,094072,那須町,kofu_total,10,国交省 交付決定額 計(年度合計),2025-04-01,2026-03-31,2026-03-09,1,年度内で最後の交付決定日(交付決定がない年度は年度末)。値は年度合計(変更減額を含む),,327738.0,千円,,,138211.0,0.7292417439203913,増加,2025-03-12,2026-03-09,gen-tokko-2024-tokko_march;gen-mlit-release-2025;gen-election-sangiin_20250720_smd_09_1;gen-tokko-2025-tokko_dec;m-2026ge-endorse-094072;gen-election-shugiin_20260208_smd_09_3;gen-cabinet-2026-02-18;gen-position-motegi_toshimitsu-外務大臣-2026-02-18,https://www.mlit.go.jp/page/content/001968987.xlsx
09,094072,那須町,kofu_shasoukou,10,国交省 交付決定額 社会資本整備総合交付金,2017-04-01,2018-03-31,2018-03-31,1,年度内で最後の交付決定日(交付決定がない年度は年度末)。値は年度合計(変更減額を含む),,89630.0,千円,,,,,未取得,,,,https://www.mlit.go.jp/common/001306061.xlsx
09,094072,那須町,kofu_shasoukou,10,国交省 交付決定額 社会資本整備総合交付金,2018-04-01,2019-03-31,2018-09-03,1,年度内で最後の交付決定日(交付決定がない年度は年度末)。値は年度合計(変更減額を含む),,136040.0,千円,,,46410.0,0.5177953810108222,増加,2018-04-01,2018-09-03,,https://www.mlit.go.jp/common/001288716.xlsx
09,094072,那須町,kofu_shasoukou,10,国交省 交付決定額 社会資本整備総合交付金,2019-04-01,2020-03-31,2020-03-31,1,年度内で最後の交付決定日(交付決定がない年度は年度末)。値は年度合計(変更減額を含む),,226655.0,千円,,,90615.0,0.6660908556306968,増加,2018-09-04,2020-03-31,,https://www.mlit.go.jp/common/001316186.xlsx
09,094072,那須町,kofu_shasoukou,10,国交省 交付決定額 社会資本整備総合交付金,2020-04-01,2021-03-31,2021-03-31,1,年度内で最後の交付決定日(交付決定がない年度は年度末)。値は年度合計(変更減額を含む),,216153.0,千円,,,-10502.0,-0.04633473781738766,横ばい,2020-04-01,2021-03-31,gen-tokko-2020-tokko_dec;gen-tokko-2020-tokko_march;gen-mlit-release-2021,https://www.mlit.go.jp/common/001371606.xlsx
09,094072,那須町,kofu_shasoukou,10,国交省 交付決定額 社会資本整備総合交付金,2021-04-01,2022-03-31,2022-03-31,1,年度内で最後の交付決定日(交付決定がない年度は年度末)。値は年度合計(変更減額を含む),,212287.0,千円,,,-3866.0,-0.017885479267000688,横ばい,2021-04-01,2022-03-31,gen-election-shugiin_20211031_smd_09_3;gen-tokko-2021-tokko_dec;gen-tokko-2021-tokko_march;gen-mlit-release-2022,https://www.mlit.go.jp/common/001579064.xlsx
09,094072,那須町,kofu_shasoukou,10,国交省 交付決定額 社会資本整備総合交付金,2022-04-01,2023-03-31,2023-03-31,1,年度内で最後の交付決定日(交付決定がない年度は年度末)。値は年度合計(変更減額を含む),,21142.0,千円,,,-191145.0,-0.9004084093703335,減少,2022-04-01,2023-03-31,gen-election-sangiin_20220710_smd_09_1;gen-tokko-2022-tokko_dec;gen-tokko-2022-tokko_march;gen-mlit-release-2023,https://www.mlit.go.jp/common/001426909.xlsx
09,094072,那須町,kofu_shasoukou,10,国交省 交付決定額 社会資本整備総合交付金,2023-04-01,2024-03-31,2023-08-03,1,年度内で最後の交付決定日(交付決定がない年度は年度末)。値は年度合計(変更減額を含む),,33770.0,千円,,,12628.0,0.5972944849115505,増加,2023-04-01,2023-08-03,,https://www.mlit.go.jp/page/content/001708175.xlsx
09,094072,那須町,kofu_shasoukou,10,国交省 交付決定額 社会資本整備総合交付金,2024-04-01,2025-03-31,2025-01-28,1,年度内で最後の交付決定日(交付決定がない年度は年度末)。値は年度合計(変更減額を含む),,27545.0,千円,,,-6225.0,-0.1843352087651762,減少,2023-08-04,2025-01-28,gen-tokko-2023-tokko_dec;gen-tokko-2023-tokko_march;gen-mlit-release-2024;gen-election-shugiin_20241027_smd_09_3;gen-tokko-2024-tokko_dec,https://www.mlit.go.jp/page/content/001842591.xlsx
09,094072,那須町,kofu_shasoukou,10,国交省 交付決定額 社会資本整備総合交付金,2025-04-01,2026-03-31,2026-01-22,1,年度内で最後の交付決定日(交付決定がない年度は年度末)。値は年度合計(変更減額を含む),,43809.0,千円,,,16264.0,0.590451987656562,増加,2025-01-29,2026-01-22,gen-tokko-2024-tokko_march;gen-mlit-release-2025;gen-election-sangiin_20250720_smd_09_1;gen-tokko-2025-tokko_dec,https://www.mlit.go.jp/page/content/001969014.xlsx
09,094072,那須町,kofu_bouan,10,国交省 交付決定額 防災・安全交付金,2017-04-01,2018-03-31,2018-03-31,1,年度内で最後の交付決定日(交付決定がない年度は年度末)。値は年度合計(変更減額を含む),,73680.0,千円,,,,,未取得,,,,https://www.mlit.go.jp/common/001306061.xlsx
09,094072,那須町,kofu_bouan,10,国交省 交付決定額 防災・安全交付金,2018-04-01,2019-03-31,2018-09-03,1,年度内で最後の交付決定日(交付決定がない年度は年度末)。値は年度合計(変更減額を含む),,97440.0,千円,,,23760.0,0.32247557003257327,増加,2018-04-01,2018-09-03,,https://www.mlit.go.jp/common/001288716.xlsx
09,094072,那須町,kofu_bouan,10,国交省 交付決定額 防災・安全交付金,2019-04-01,2020-03-31,2020-03-31,1,年度内で最後の交付決定日(交付決定がない年度は年度末)。値は年度合計(変更減額を含む),,181205.0,千円,,,83765.0,0.8596572249589491,増加,2018-09-04,2020-03-31,,https://www.mlit.go.jp/common/001316186.xlsx
09,094072,那須町,kofu_bouan,10,国交省 交付決定額 防災・安全交付金,2020-04-01,2021-03-31,2021-03-31,1,年度内で最後の交付決定日(交付決定がない年度は年度末)。値は年度合計(変更減額を含む),,75792.0,千円,,,-105413.0,-0.5817333958775972,減少,2020-04-01,2021-03-31,gen-tokko-2020-tokko_dec;gen-tokko-2020-tokko_march;gen-mlit-release-2021,https://www.mlit.go.jp/common/001371606.xlsx
09,094072,那須町,kofu_bouan,10,国交省 交付決定額 防災・安全交付金,2021-04-01,2022-03-31,2022-03-31,1,年度内で最後の交付決定日(交付決定がない年度は年度末)。値は年度合計(変更減額を含む),,28350.0,千円,,,-47442.0,-0.6259499683343889,減少,2021-04-01,2022-03-31,gen-election-shugiin_20211031_smd_09_3;gen-tokko-2021-tokko_dec;gen-tokko-2021-tokko_march;gen-mlit-release-2022,https://www.mlit.go.jp/common/001579064.xlsx
09,094072,那須町,kofu_bouan,10,国交省 交付決定額 防災・安全交付金,2022-04-01,2023-03-31,2023-03-31,1,年度内で最後の交付決定日(交付決定がない年度は年度末)。値は年度合計(変更減額を含む),,133092.0,千円,,,104742.0,3.6946031746031744,増加,2022-04-01,2023-03-31,gen-election-sangiin_20220710_smd_09_1;gen-tokko-2022-tokko_dec;gen-tokko-2022-tokko_march;gen-mlit-release-2023,https://www.mlit.go.jp/common/001426909.xlsx
09,094072,那須町,kofu_bouan,10,国交省 交付決定額 防災・安全交付金,2023-04-01,2024-03-31,2023-08-18,1,年度内で最後の交付決定日(交付決定がない年度は年度末)。値は年度合計(変更減額を含む),,150374.0,千円,,,17282.0,0.12985002855167854,増加,2023-04-01,2023-08-18,,https://www.mlit.go.jp/page/content/001708175.xlsx
09,094072,那須町,kofu_bouan,10,国交省 交付決定額 防災・安全交付金,2024-04-01,2025-03-31,2025-03-11,1,年度内で最後の交付決定日(交付決定がない年度は年度末)。値は年度合計(変更減額を含む),,90552.0,千円,,,-59822.0,-0.39782143189647146,減少,2023-08-19,2025-03-11,gen-tokko-2023-tokko_dec;gen-tokko-2023-tokko_march;gen-mlit-release-2024;gen-election-shugiin_20241027_smd_09_3;gen-tokko-2024-tokko_dec,https://www.mlit.go.jp/page/content/001842591.xlsx
09,094072,那須町,kofu_bouan,10,国交省 交付決定額 防災・安全交付金,2025-04-01,2026-03-31,2026-03-09,1,年度内で最後の交付決定日(交付決定がない年度は年度末)。値は年度合計(変更減額を含む),,96735.0,千円,,,6183.0,0.06828120858733104,増加,2025-03-12,2026-03-09,gen-tokko-2024-tokko_march;gen-mlit-release-2025;gen-election-sangiin_20250720_smd_09_1;gen-tokko-2025-tokko_dec;m-2026ge-endorse-094072;gen-election-shugiin_20260208_smd_09_3;gen-cabinet-2026-02-18;gen-position-motegi_toshimitsu-外務大臣-2026-02-18,https://www.mlit.go.jp/page/content/001969014.xlsx
09,094072,那須町,kofu_road,10,国交省 交付決定額 道路関係の補助,2017-04-01,2018-03-31,2018-03-23,1,年度内で最後の交付決定日(交付決定がない年度は年度末)。値は年度合計(変更減額を含む),,5000.0,千円,,,,,未取得,,,,https://www.mlit.go.jp/common/001234557.xlsx
09,094072,那須町,kofu_road,10,国交省 交付決定額 道路関係の補助,2018-04-01,2019-03-31,2019-03-31,1,年度内で最後の交付決定日(交付決定がない年度は年度末)。値は年度合計(変更減額を含む),,0.0,千円,,,-5000.0,-1.0,減少,2018-03-24,2019-03-31,,https://www.mlit.go.jp/common/001260897.xlsx
09,094072,那須町,kofu_road,10,国交省 交付決定額 道路関係の補助,2019-04-01,2020-03-31,2020-03-31,1,年度内で最後の交付決定日(交付決定がない年度は年度末)。値は年度合計(変更減額を含む),,0.0,千円,,,0.0,,未取得,2019-04-01,2020-03-31,,https://www.mlit.go.jp/common/001316175.xlsx
09,094072,那須町,kofu_road,10,国交省 交付決定額 道路関係の補助,2020-04-01,2021-03-31,2021-03-31,1,年度内で最後の交付決定日(交付決定がない年度は年度末)。値は年度合計(変更減額を含む),,60500.0,千円,,,60500.0,,未取得,2020-04-01,2021-03-31,gen-tokko-2020-tokko_dec;gen-tokko-2020-tokko_march;gen-mlit-release-2021,https://www.mlit.go.jp/common/001371629.xlsx
09,094072,那須町,kofu_road,10,国交省 交付決定額 道路関係の補助,2021-04-01,2022-03-31,2021-06-18,1,年度内で最後の交付決定日(交付決定がない年度は年度末)。値は年度合計(変更減額を含む),,35428.0,千円,,,-25072.0,-0.4144132231404959,減少,2021-04-01,2021-06-18,,https://www.mlit.go.jp/common/001579051.xlsx
09,094072,那須町,kofu_road,10,国交省 交付決定額 道路関係の補助,2022-04-01,2023-03-31,2022-06-17,1,年度内で最後の交付決定日(交付決定がない年度は年度末)。値は年度合計(変更減額を含む),,49281.99999999999,千円,,,13853.999999999993,0.3910466297843512,増加,2021-06-19,2022-06-17,gen-election-shugiin_20211031_smd_09_3;gen-tokko-2021-tokko_dec;gen-tokko-2021-tokko_march;gen-mlit-release-2022,https://www.mlit.go.jp/common/001426897.xlsx
09,094072,那須町,kofu_road,10,国交省 交付決定額 道路関係の補助,2023-04-01,2024-03-31,2023-11-17,1,年度内で最後の交付決定日(交付決定がない年度は年度末)。値は年度合計(変更減額を含む),,41780.0,千円,,,-7501.999999999993,-0.1522259648553223,減少,2022-06-18,2023-11-17,gen-election-sangiin_20220710_smd_09_1;gen-tokko-2022-tokko_dec;gen-tokko-2022-tokko_march;gen-mlit-release-2023,https://www.mlit.go.jp/page/content/001708164.xlsx
09,094072,那須町,kofu_road,10,国交省 交付決定額 道路関係の補助,2024-04-01,2025-03-31,2024-04-26,1,年度内で最後の交付決定日(交付決定がない年度は年度末)。値は年度合計(変更減額を含む),,47823.0,千円,,,6043.0,0.14463858305409286,増加,2023-11-18,2024-04-26,gen-tokko-2023-tokko_dec;gen-tokko-2023-tokko_march;gen-mlit-release-2024,https://www.mlit.go.jp/page/content/001889202.xlsx
09,094072,那須町,kofu_road,10,国交省 交付決定額 道路関係の補助,2025-04-01,2026-03-31,2025-12-12,1,年度内で最後の交付決定日(交付決定がない年度は年度末)。値は年度合計(変更減額を含む),,76505.0,千円,,,28682.0,0.5997532568011208,増加,2024-04-27,2025-12-12,gen-election-shugiin_20241027_smd_09_3;gen-tokko-2024-tokko_dec;gen-tokko-2024-tokko_march;gen-mlit-release-2025;gen-election-sangiin_20250720_smd_09_1,https://www.mlit.go.jp/page/content/001969000.xlsx
09,094111,那珂川町,card_kokko,1,国庫支出金(決算),2020-04-01,2021-03-31,2021-03-31,0,決算(年度末),,2516763.0,千円,,,,,未取得,,,,https://www.soumu.go.jp/main_content/000804135.xlsx
09,094111,那珂川町,card_kokko,1,国庫支出金(決算),2021-04-01,2022-03-31,2022-03-31,0,決算(年度末),,1431411.0,千円,,,-1085352.0,-0.43124918794499123,減少,2021-04-01,2022-03-31,gen-election-shugiin_20211031_smd_09_3;gen-tokko-2021-tokko_dec;gen-tokko-2021-tokko_march;gen-mlit-release-2022,https://www.soumu.go.jp/main_content/000873399.xlsx
09,094111,那珂川町,card_kokko,1,国庫支出金(決算),2022-04-01,2023-03-31,2023-03-31,0,決算(年度末),,1005152.0,千円,,,-426259.0,-0.29778938404134103,減少,2022-04-01,2023-03-31,gen-election-sangiin_20220710_smd_09_1;gen-tokko-2022-tokko_dec;gen-tokko-2022-tokko_march;gen-mlit-release-2023,https://www.soumu.go.jp/main_content/000937050.xlsx
09,094111,那珂川町,card_kokko,1,国庫支出金(決算),2023-04-01,2024-03-31,2024-03-31,0,決算(年度末),,1155050.0,千円,,,149898.0,0.14912968386870842,増加,2023-04-01,2024-03-31,gen-tokko-2023-tokko_dec;gen-tokko-2023-tokko_march,https://www.soumu.go.jp/main_content/000998938.xlsx
09,094111,那珂川町,card_kokko,1,国庫支出金(決算),2024-04-01,2025-03-31,2025-03-31,0,決算(年度末),,1135992.0,千円,,,-19058.0,-0.01649971862689927,横ばい,2024-04-01,2025-03-31,gen-mlit-release-2024;gen-election-shugiin_20241027_smd_09_3;gen-tokko-2024-tokko_dec;gen-tokko-2024-tokko_march,https://www.soumu.go.jp/main_content/001063963.xlsx
09,094111,那珂川町,card_pref,2,県支出金(決算),2020-04-01,2021-03-31,2021-03-31,0,決算(年度末),,522624.0,千円,,,,,未取得,,,,https://www.soumu.go.jp/main_content/000804135.xlsx
09,094111,那珂川町,card_pref,2,県支出金(決算),2021-04-01,2022-03-31,2022-03-31,0,決算(年度末),,518758.0,千円,,,-3866.0,-0.0073972875336762185,横ばい,2021-04-01,2022-03-31,gen-election-shugiin_20211031_smd_09_3;gen-tokko-2021-tokko_dec;gen-tokko-2021-tokko_march;gen-mlit-release-2022,https://www.soumu.go.jp/main_content/000873399.xlsx
09,094111,那珂川町,card_pref,2,県支出金(決算),2022-04-01,2023-03-31,2023-03-31,0,決算(年度末),,571179.0,千円,,,52421.0,0.10105097174405021,増加,2022-04-01,2023-03-31,gen-election-sangiin_20220710_smd_09_1;gen-tokko-2022-tokko_dec;gen-tokko-2022-tokko_march;gen-mlit-release-2023,https://www.soumu.go.jp/main_content/000937050.xlsx
09,094111,那珂川町,card_pref,2,県支出金(決算),2023-04-01,2024-03-31,2024-03-31,0,決算(年度末),,583835.0,千円,,,12656.0,0.02215767736558942,横ばい,2023-04-01,2024-03-31,gen-tokko-2023-tokko_dec;gen-tokko-2023-tokko_march,https://www.soumu.go.jp/main_content/000998938.xlsx
09,094111,那珂川町,card_pref,2,県支出金(決算),2024-04-01,2025-03-31,2025-03-31,0,決算(年度末),,612580.0,千円,,,28745.0,0.04923480092834448,横ばい,2024-04-01,2025-03-31,gen-mlit-release-2024;gen-election-shugiin_20241027_smd_09_3;gen-tokko-2024-tokko_dec;gen-tokko-2024-tokko_march,https://www.soumu.go.jp/main_content/001063963.xlsx
09,094111,那珂川町,tokko_dec,3a,特別交付税 12月分,2020-04-01,2021-03-31,2020-12-08,0,交付決定日(報道発表),2020-12-08,,千円,,報道発表に町村の個別額なし(都道府県計のみ),,,未取得,,,,https://www.soumu.go.jp/main_content/000721607.pdf
09,094111,那珂川町,tokko_dec,3a,特別交付税 12月分,2021-04-01,2022-03-31,2021-12-03,0,交付決定日(報道発表),2021-12-03,,千円,,報道発表に町村の個別額なし(都道府県計のみ),,,未取得,2020-12-09,2021-12-03,gen-tokko-2020-tokko_march;gen-mlit-release-2021;gen-election-shugiin_20211031_smd_09_3;gen-tokko-2021-tokko_dec,https://www.soumu.go.jp/main_content/000780948.pdf
09,094111,那珂川町,tokko_dec,3a,特別交付税 12月分,2022-04-01,2023-03-31,2022-12-13,0,交付決定日(報道発表),2022-12-13,,千円,,報道発表に町村の個別額なし(都道府県計のみ),,,未取得,2021-12-04,2022-12-13,gen-tokko-2021-tokko_march;gen-mlit-release-2022;gen-election-sangiin_20220710_smd_09_1;gen-tokko-2022-tokko_dec,https://www.soumu.go.jp/main_content/000850537.pdf
09,094111,那珂川町,tokko_dec,3a,特別交付税 12月分,2023-04-01,2024-03-31,2023-12-12,0,交付決定日(報道発表),2023-12-12,,千円,,報道発表に町村の個別額なし(都道府県計のみ),,,未取得,2022-12-14,2023-12-12,gen-tokko-2022-tokko_march;gen-mlit-release-2023;gen-tokko-2023-tokko_dec,https://www.soumu.go.jp/main_content/000916643.pdf
09,094111,那珂川町,tokko_dec,3a,特別交付税 12月分,2024-04-01,2025-03-31,2024-12-20,0,交付決定日(報道発表),2024-12-20,,千円,,報道発表に町村の個別額なし(都道府県計のみ),,,未取得,2023-12-13,2024-12-20,gen-tokko-2023-tokko_march;gen-mlit-release-2024;gen-election-shugiin_20241027_smd_09_3;gen-tokko-2024-tokko_dec,https://www.soumu.go.jp/main_content/000983129.pdf
09,094111,那珂川町,tokko_dec,3a,特別交付税 12月分,2025-04-01,2026-03-31,2025-12-19,0,交付決定日(報道発表),2025-12-19,,千円,,報道発表に町村の個別額なし(都道府県計のみ),,,未取得,2024-12-21,2025-12-19,gen-tokko-2024-tokko_march;gen-mlit-release-2025;gen-election-sangiin_20250720_smd_09_1;gen-tokko-2025-tokko_dec,https://www.soumu.go.jp/main_content/001046667.pdf
09,094111,那珂川町,tokko_march,3b,特別交付税 3月分,2020-04-01,2021-03-31,2021-03-19,0,交付決定日(報道発表),2021-03-19,,千円,,報道発表に町村の個別額なし(都道府県計のみ),,,未取得,,,,https://www.soumu.go.jp/main_content/000738961.pdf
09,094111,那珂川町,tokko_march,3b,特別交付税 3月分,2021-04-01,2022-03-31,2022-03-18,0,交付決定日(報道発表),2022-03-18,,千円,,報道発表に町村の個別額なし(都道府県計のみ),,,未取得,2021-03-20,2022-03-18,gen-mlit-release-2021;gen-election-shugiin_20211031_smd_09_3;gen-tokko-2021-tokko_dec;gen-tokko-2021-tokko_march,https://www.soumu.go.jp/main_content/000799619.pdf
09,094111,那珂川町,tokko_march,3b,特別交付税 3月分,2022-04-01,2023-03-31,2023-03-22,0,交付決定日(報道発表),2023-03-22,,千円,,報道発表に町村の個別額なし(都道府県計のみ),,,未取得,2022-03-19,2023-03-22,gen-mlit-release-2022;gen-election-sangiin_20220710_smd_09_1;gen-tokko-2022-tokko_dec;gen-tokko-2022-tokko_march,https://www.soumu.go.jp/main_content/000869990.pdf
09,094111,那珂川町,tokko_march,3b,特別交付税 3月分,2023-04-01,2024-03-31,2024-03-22,0,交付決定日(報道発表),2024-03-22,,千円,,報道発表に町村の個別額なし(都道府県計のみ),,,未取得,2023-03-23,2024-03-22,gen-mlit-release-2023;gen-tokko-2023-tokko_dec;gen-tokko-2023-tokko_march,https://www.soumu.go.jp/main_content/000997045.pdf
09,094111,那珂川町,tokko_march,3b,特別交付税 3月分,2024-04-01,2025-03-31,2025-03-21,0,交付決定日(報道発表),2025-03-21,,千円,,報道発表に町村の個別額なし(都道府県計のみ),,,未取得,2024-03-23,2025-03-21,gen-mlit-release-2024;gen-election-shugiin_20241027_smd_09_3;gen-tokko-2024-tokko_dec;gen-tokko-2024-tokko_march,https://www.soumu.go.jp/main_content/000998441.pdf
09,094111,那珂川町,tokko_march,3b,特別交付税 3月分,2025-04-01,2026-03-31,2026-03-17,0,交付決定日(報道発表),2026-03-17,,千円,,報道発表に町村の個別額なし(都道府県計のみ),,,未取得,2025-03-22,2026-03-17,gen-mlit-release-2025;gen-election-sangiin_20250720_smd_09_1;gen-tokko-2025-tokko_dec;m-2026ge-endorse-094111;m-20260200-yana-mlit-inquiry-094111;gen-election-shugiin_20260208_smd_09_3;gen-cabinet-2026-02-18;gen-position-motegi_toshimitsu-外務大臣-2026-02-18;gen-tokko-2025-tokko_march,https://www.soumu.go.jp/main_content/001061260.pdf
09,094111,那珂川町,mlit_sole_grants,4,社総交・防安交 単独策定主体の国費,2021-04-01,2022-03-31,2021-03-30,1,当初配分の報道発表日を代用(交付決定日は未公表),2021-03-30,0.0,千円,0,,,,未取得,,,,https://www.mlit.go.jp/common/001396522.pdf
09,094111,那珂川町,mlit_sole_grants,4,社総交・防安交 単独策定主体の国費,2022-04-01,2023-03-31,2022-03-25,1,当初配分の報道発表日を代用(交付決定日は未公表),2022-03-25,0.0,千円,0,,0.0,,未取得,2021-03-31,2022-03-25,gen-election-shugiin_20211031_smd_09_3;gen-tokko-2021-tokko_dec;gen-tokko-2021-tokko_march;gen-mlit-release-2022,https://www.mlit.go.jp/page/content/001472731.pdf
09,094111,那珂川町,mlit_sole_grants,4,社総交・防安交 単独策定主体の国費,2023-04-01,2024-03-31,2023-03-31,1,当初配分の報道発表日を代用(交付決定日は未公表),2023-03-31,0.0,千円,0,,0.0,,未取得,2022-03-26,2023-03-31,gen-election-sangiin_20220710_smd_09_1;gen-tokko-2022-tokko_dec;gen-tokko-2022-tokko_march;gen-mlit-release-2023,https://www.mlit.go.jp/page/content/001596924.pdf
09,094111,那珂川町,mlit_sole_grants,4,社総交・防安交 単独策定主体の国費,2024-04-01,2025-03-31,2024-04-01,1,当初配分の報道発表日を代用(交付決定日は未公表),2024-04-01,0.0,千円,0,,0.0,,未取得,2023-04-01,2024-04-01,gen-tokko-2023-tokko_dec;gen-tokko-2023-tokko_march;gen-mlit-release-2024,https://www.mlit.go.jp/page/content/001735005.pdf
09,094111,那珂川町,mlit_sole_grants,4,社総交・防安交 単独策定主体の国費,2025-04-01,2026-03-31,2025-04-01,1,当初配分の報道発表日を代用(交付決定日は未公表),2025-04-01,0.0,千円,0,,0.0,,未取得,2024-04-02,2025-04-01,gen-election-shugiin_20241027_smd_09_3;gen-tokko-2024-tokko_dec;gen-tokko-2024-tokko_march;gen-mlit-release-2025,https://www.mlit.go.jp/page/content/001879738.pdf
09,094111,那珂川町,mlit_sole_grants,4,社総交・防安交 単独策定主体の国費,2026-04-01,2027-03-31,2026-04-07,1,当初配分の報道発表日を代用(交付決定日は未公表),2026-04-07,0.0,千円,0,,0.0,,未取得,2025-04-02,2026-04-07,gen-election-sangiin_20250720_smd_09_1;gen-tokko-2025-tokko_dec;m-2026ge-endorse-094111;m-20260200-yana-mlit-inquiry-094111;gen-election-shugiin_20260208_smd_09_3;gen-cabinet-2026-02-18;gen-position-motegi_toshimitsu-外務大臣-2026-02-18;gen-tokko-2025-tokko_march;gen-mlit-release-2026,https://www.mlit.go.jp/page/content/001994561.pdf
09,094111,那珂川町,mlit_road,5,道路局箇所表 事業主体=当該市町の国費,2021-04-01,2022-03-31,2021-03-30,1,当初配分の報道発表日を代用(交付決定日は未公表),2021-03-30,39000.0,千円,1,,,,未取得,,,,https://www.mlit.go.jp/common/001396522.pdf
09,094111,那珂川町,mlit_road,5,道路局箇所表 事業主体=当該市町の国費,2022-04-01,2023-03-31,2022-03-25,1,当初配分の報道発表日を代用(交付決定日は未公表),2022-03-25,45000.0,千円,1,,6000.0,0.15384615384615385,増加,2021-03-31,2022-03-25,gen-election-shugiin_20211031_smd_09_3;gen-tokko-2021-tokko_dec;gen-tokko-2021-tokko_march;gen-mlit-release-2022,https://www.mlit.go.jp/page/content/001472731.pdf
09,094111,那珂川町,mlit_road,5,道路局箇所表 事業主体=当該市町の国費,2023-04-01,2024-03-31,2023-03-31,1,当初配分の報道発表日を代用(交付決定日は未公表),2023-03-31,29000.0,千円,1,,-16000.0,-0.35555555555555557,減少,2022-03-26,2023-03-31,gen-election-sangiin_20220710_smd_09_1;gen-tokko-2022-tokko_dec;gen-tokko-2022-tokko_march;gen-mlit-release-2023,https://www.mlit.go.jp/page/content/001596924.pdf
09,094111,那珂川町,mlit_road,5,道路局箇所表 事業主体=当該市町の国費,2024-04-01,2025-03-31,2024-04-01,1,当初配分の報道発表日を代用(交付決定日は未公表),2024-04-01,16000.0,千円,2,,-13000.0,-0.4482758620689655,減少,2023-04-01,2024-04-01,gen-tokko-2023-tokko_dec;gen-tokko-2023-tokko_march;gen-mlit-release-2024,https://www.mlit.go.jp/page/content/001735005.pdf
09,094111,那珂川町,mlit_road,5,道路局箇所表 事業主体=当該市町の国費,2025-04-01,2026-03-31,2025-04-01,1,当初配分の報道発表日を代用(交付決定日は未公表),2025-04-01,48000.0,千円,2,,32000.0,2.0,増加,2024-04-02,2025-04-01,gen-election-shugiin_20241027_smd_09_3;gen-tokko-2024-tokko_dec;gen-tokko-2024-tokko_march;gen-mlit-release-2025,https://www.mlit.go.jp/page/content/001879738.pdf
09,094111,那珂川町,mlit_road,5,道路局箇所表 事業主体=当該市町の国費,2026-04-01,2027-03-31,2026-04-07,1,当初配分の報道発表日を代用(交付決定日は未公表),2026-04-07,78000.0,千円,2,,30000.0,0.625,増加,2025-04-02,2026-04-07,gen-election-sangiin_20250720_smd_09_1;gen-tokko-2025-tokko_dec;m-2026ge-endorse-094111;m-20260200-yana-mlit-inquiry-094111;gen-election-shugiin_20260208_smd_09_3;gen-cabinet-2026-02-18;gen-position-motegi_toshimitsu-外務大臣-2026-02-18;gen-tokko-2025-tokko_march;gen-mlit-release-2026,https://www.mlit.go.jp/page/content/001994561.pdf
09,094111,那珂川町,e_kokko,6,国庫支出金 計(決算、地方財政状況調査),2020-04-01,2021-03-31,2021-03-31,0,決算(年度末),,2516763.0,千円,,,,,未取得,,,,https://www.e-stat.go.jp/stat-search/file-download?statInfId=000032188698&fileKind=1
09,094111,那珂川町,e_kokko,6,国庫支出金 計(決算、地方財政状況調査),2021-04-01,2022-03-31,2022-03-31,0,決算(年度末),,1431411.0,千円,,,-1085352.0,-0.43124918794499123,減少,2021-04-01,2022-03-31,gen-election-shugiin_20211031_smd_09_3;gen-tokko-2021-tokko_dec;gen-tokko-2021-tokko_march;gen-mlit-release-2022,https://www.e-stat.go.jp/stat-search/file-download?statInfId=000040044921&fileKind=1
09,094111,那珂川町,e_kokko,6,国庫支出金 計(決算、地方財政状況調査),2022-04-01,2023-03-31,2023-03-31,0,決算(年度末),,1005152.0,千円,,,-426259.0,-0.29778938404134103,減少,2022-04-01,2023-03-31,gen-election-sangiin_20220710_smd_09_1;gen-tokko-2022-tokko_dec;gen-tokko-2022-tokko_march;gen-mlit-release-2023,https://www.e-stat.go.jp/stat-search/file-download?statInfId=000040171702&fileKind=1
09,094111,那珂川町,e_kokko,6,国庫支出金 計(決算、地方財政状況調査),2023-04-01,2024-03-31,2024-03-31,0,決算(年度末),,1155050.0,千円,,,149898.0,0.14912968386870842,増加,2023-04-01,2024-03-31,gen-tokko-2023-tokko_dec;gen-tokko-2023-tokko_march,https://www.e-stat.go.jp/stat-search/file-download?statInfId=000040231591&fileKind=1
09,094111,那珂川町,e_kokko,6,国庫支出金 計(決算、地方財政状況調査),2024-04-01,2025-03-31,2025-03-31,0,決算(年度末),,1135992.0,千円,,,-19058.0,-0.01649971862689927,横ばい,2024-04-01,2025-03-31,gen-mlit-release-2024;gen-election-shugiin_20241027_smd_09_3;gen-tokko-2024-tokko_dec;gen-tokko-2024-tokko_march,https://www.e-stat.go.jp/stat-search/file-download?statInfId=000040375638&fileKind=1
09,094111,那珂川町,e_kokko_futsuken,6,国庫支出金のうち普通建設事業費支出金(決算),2020-04-01,2021-03-31,2021-03-31,0,決算(年度末),,104929.0,千円,,,,,未取得,,,,https://www.e-stat.go.jp/stat-search/file-download?statInfId=000032188698&fileKind=1
09,094111,那珂川町,e_kokko_futsuken,6,国庫支出金のうち普通建設事業費支出金(決算),2021-04-01,2022-03-31,2022-03-31,0,決算(年度末),,467833.0,千円,,,362904.0,3.4585672216451124,増加,2021-04-01,2022-03-31,gen-election-shugiin_20211031_smd_09_3;gen-tokko-2021-tokko_dec;gen-tokko-2021-tokko_march;gen-mlit-release-2022,https://www.e-stat.go.jp/stat-search/file-download?statInfId=000040044921&fileKind=1
09,094111,那珂川町,e_kokko_futsuken,6,国庫支出金のうち普通建設事業費支出金(決算),2022-04-01,2023-03-31,2023-03-31,0,決算(年度末),,103620.0,千円,,,-364213.0,-0.7785107078808036,減少,2022-04-01,2023-03-31,gen-election-sangiin_20220710_smd_09_1;gen-tokko-2022-tokko_dec;gen-tokko-2022-tokko_march;gen-mlit-release-2023,https://www.e-stat.go.jp/stat-search/file-download?statInfId=000040171702&fileKind=1
09,094111,那珂川町,e_kokko_futsuken,6,国庫支出金のうち普通建設事業費支出金(決算),2023-04-01,2024-03-31,2024-03-31,0,決算(年度末),,387441.0,千円,,,283821.0,2.739056166763173,増加,2023-04-01,2024-03-31,gen-tokko-2023-tokko_dec;gen-tokko-2023-tokko_march,https://www.e-stat.go.jp/stat-search/file-download?statInfId=000040231591&fileKind=1
09,094111,那珂川町,e_kokko_futsuken,6,国庫支出金のうち普通建設事業費支出金(決算),2024-04-01,2025-03-31,2025-03-31,0,決算(年度末),,328750.0,千円,,,-58691.0,-0.1514837097777468,減少,2024-04-01,2025-03-31,gen-mlit-release-2024;gen-election-shugiin_20241027_smd_09_3;gen-tokko-2024-tokko_dec;gen-tokko-2024-tokko_march,https://www.e-stat.go.jp/stat-search/file-download?statInfId=000040375638&fileKind=1
09,094111,那珂川町,e_kokko_saigai,6,国庫支出金のうち災害復旧事業費支出金(決算),2020-04-01,2021-03-31,2021-03-31,0,決算(年度末),,0.0,千円,,,,,未取得,,,,https://www.e-stat.go.jp/stat-search/file-download?statInfId=000032188698&fileKind=1
09,094111,那珂川町,e_kokko_saigai,6,国庫支出金のうち災害復旧事業費支出金(決算),2021-04-01,2022-03-31,2022-03-31,0,決算(年度末),,0.0,千円,,,0.0,,未取得,2021-04-01,2022-03-31,gen-election-shugiin_20211031_smd_09_3;gen-tokko-2021-tokko_dec;gen-tokko-2021-tokko_march;gen-mlit-release-2022,https://www.e-stat.go.jp/stat-search/file-download?statInfId=000040044921&fileKind=1
09,094111,那珂川町,e_kokko_saigai,6,国庫支出金のうち災害復旧事業費支出金(決算),2022-04-01,2023-03-31,2023-03-31,0,決算(年度末),,0.0,千円,,,0.0,,未取得,2022-04-01,2023-03-31,gen-election-sangiin_20220710_smd_09_1;gen-tokko-2022-tokko_dec;gen-tokko-2022-tokko_march;gen-mlit-release-2023,https://www.e-stat.go.jp/stat-search/file-download?statInfId=000040171702&fileKind=1
09,094111,那珂川町,e_kokko_saigai,6,国庫支出金のうち災害復旧事業費支出金(決算),2023-04-01,2024-03-31,2024-03-31,0,決算(年度末),,5018.0,千円,,,5018.0,,未取得,2023-04-01,2024-03-31,gen-tokko-2023-tokko_dec;gen-tokko-2023-tokko_march,https://www.e-stat.go.jp/stat-search/file-download?statInfId=000040231591&fileKind=1
09,094111,那珂川町,e_kokko_saigai,6,国庫支出金のうち災害復旧事業費支出金(決算),2024-04-01,2025-03-31,2025-03-31,0,決算(年度末),,986.0,千円,,,-4032.0,-0.80350737345556,減少,2024-04-01,2025-03-31,gen-mlit-release-2024;gen-election-shugiin_20241027_smd_09_3;gen-tokko-2024-tokko_dec;gen-tokko-2024-tokko_march,https://www.e-stat.go.jp/stat-search/file-download?statInfId=000040375638&fileKind=1
09,094111,那珂川町,e_kokko_shasoukou,6,国庫支出金のうち社会資本整備総合交付金(決算),2020-04-01,2021-03-31,2021-03-31,0,決算(年度末),,119867.0,千円,,,,,未取得,,,,https://www.e-stat.go.jp/stat-search/file-download?statInfId=000032188698&fileKind=1
09,094111,那珂川町,e_kokko_shasoukou,6,国庫支出金のうち社会資本整備総合交付金(決算),2021-04-01,2022-03-31,2022-03-31,0,決算(年度末),,50503.0,千円,,,-69364.0,-0.5786746977900507,減少,2021-04-01,2022-03-31,gen-election-shugiin_20211031_smd_09_3;gen-tokko-2021-tokko_dec;gen-tokko-2021-tokko_march;gen-mlit-release-2022,https://www.e-stat.go.jp/stat-search/file-download?statInfId=000040044921&fileKind=1
09,094111,那珂川町,e_kokko_shasoukou,6,国庫支出金のうち社会資本整備総合交付金(決算),2022-04-01,2023-03-31,2023-03-31,0,決算(年度末),,61398.0,千円,,,10895.0,0.21572975862820032,増加,2022-04-01,2023-03-31,gen-election-sangiin_20220710_smd_09_1;gen-tokko-2022-tokko_dec;gen-tokko-2022-tokko_march;gen-mlit-release-2023,https://www.e-stat.go.jp/stat-search/file-download?statInfId=000040171702&fileKind=1
09,094111,那珂川町,e_kokko_shasoukou,6,国庫支出金のうち社会資本整備総合交付金(決算),2023-04-01,2024-03-31,2024-03-31,0,決算(年度末),,45270.0,千円,,,-16128.0,-0.26267956610964527,減少,2023-04-01,2024-03-31,gen-tokko-2023-tokko_dec;gen-tokko-2023-tokko_march,https://www.e-stat.go.jp/stat-search/file-download?statInfId=000040231591&fileKind=1
09,094111,那珂川町,e_kokko_shasoukou,6,国庫支出金のうち社会資本整備総合交付金(決算),2024-04-01,2025-03-31,2025-03-31,0,決算(年度末),,64526.0,千円,,,19256.0,0.42535895736690965,増加,2024-04-01,2025-03-31,gen-mlit-release-2024;gen-election-shugiin_20241027_smd_09_3;gen-tokko-2024-tokko_dec;gen-tokko-2024-tokko_march,https://www.e-stat.go.jp/stat-search/file-download?statInfId=000040375638&fileKind=1
09,094111,那珂川町,e_pref,6,都道府県支出金 計(決算),2020-04-01,2021-03-31,2021-03-31,0,決算(年度末),,522624.0,千円,,,,,未取得,,,,https://www.e-stat.go.jp/stat-search/file-download?statInfId=000032188698&fileKind=1
09,094111,那珂川町,e_pref,6,都道府県支出金 計(決算),2021-04-01,2022-03-31,2022-03-31,0,決算(年度末),,518758.0,千円,,,-3866.0,-0.0073972875336762185,横ばい,2021-04-01,2022-03-31,gen-election-shugiin_20211031_smd_09_3;gen-tokko-2021-tokko_dec;gen-tokko-2021-tokko_march;gen-mlit-release-2022,https://www.e-stat.go.jp/stat-search/file-download?statInfId=000040044921&fileKind=1
09,094111,那珂川町,e_pref,6,都道府県支出金 計(決算),2022-04-01,2023-03-31,2023-03-31,0,決算(年度末),,571179.0,千円,,,52421.0,0.10105097174405021,増加,2022-04-01,2023-03-31,gen-election-sangiin_20220710_smd_09_1;gen-tokko-2022-tokko_dec;gen-tokko-2022-tokko_march;gen-mlit-release-2023,https://www.e-stat.go.jp/stat-search/file-download?statInfId=000040171702&fileKind=1
09,094111,那珂川町,e_pref,6,都道府県支出金 計(決算),2023-04-01,2024-03-31,2024-03-31,0,決算(年度末),,583835.0,千円,,,12656.0,0.02215767736558942,横ばい,2023-04-01,2024-03-31,gen-tokko-2023-tokko_dec;gen-tokko-2023-tokko_march,https://www.e-stat.go.jp/stat-search/file-download?statInfId=000040231591&fileKind=1
09,094111,那珂川町,e_pref,6,都道府県支出金 計(決算),2024-04-01,2025-03-31,2025-03-31,0,決算(年度末),,612580.0,千円,,,28745.0,0.04923480092834448,横ばい,2024-04-01,2025-03-31,gen-mlit-release-2024;gen-election-shugiin_20241027_smd_09_3;gen-tokko-2024-tokko_dec;gen-tokko-2024-tokko_march,https://www.e-stat.go.jp/stat-search/file-download?statInfId=000040375638&fileKind=1
09,094111,那珂川町,e_futsu,6,普通交付税(決算),2020-04-01,2021-03-31,2021-03-31,0,決算(年度末),,3139052.0,千円,,,,,未取得,,,,https://www.e-stat.go.jp/stat-search/file-download?statInfId=000032188698&fileKind=1
09,094111,那珂川町,e_futsu,6,普通交付税(決算),2021-04-01,2022-03-31,2022-03-31,0,決算(年度末),,3418714.0,千円,,,279662.0,0.08909122881685298,増加,2021-04-01,2022-03-31,gen-election-shugiin_20211031_smd_09_3;gen-tokko-2021-tokko_dec;gen-tokko-2021-tokko_march;gen-mlit-release-2022,https://www.e-stat.go.jp/stat-search/file-download?statInfId=000040044921&fileKind=1
09,094111,那珂川町,e_futsu,6,普通交付税(決算),2022-04-01,2023-03-31,2023-03-31,0,決算(年度末),,3444413.0,千円,,,25699.0,0.007517154111165778,横ばい,2022-04-01,2023-03-31,gen-election-sangiin_20220710_smd_09_1;gen-tokko-2022-tokko_dec;gen-tokko-2022-tokko_march;gen-mlit-release-2023,https://www.e-stat.go.jp/stat-search/file-download?statInfId=000040171702&fileKind=1
09,094111,那珂川町,e_futsu,6,普通交付税(決算),2023-04-01,2024-03-31,2024-03-31,0,決算(年度末),,3366702.0,千円,,,-77711.0,-0.022561464028849038,横ばい,2023-04-01,2024-03-31,gen-tokko-2023-tokko_dec;gen-tokko-2023-tokko_march,https://www.e-stat.go.jp/stat-search/file-download?statInfId=000040231591&fileKind=1
09,094111,那珂川町,e_futsu,6,普通交付税(決算),2024-04-01,2025-03-31,2025-03-31,0,決算(年度末),,3529226.0,千円,,,162524.0,0.04827394880806202,横ばい,2024-04-01,2025-03-31,gen-mlit-release-2024;gen-election-shugiin_20241027_smd_09_3;gen-tokko-2024-tokko_dec;gen-tokko-2024-tokko_march,https://www.e-stat.go.jp/stat-search/file-download?statInfId=000040375638&fileKind=1
09,094111,那珂川町,e_tokko,6,特別交付税(決算),2020-04-01,2021-03-31,2021-03-31,0,決算(年度末),,316888.0,千円,,,,,未取得,,,,https://www.e-stat.go.jp/stat-search/file-download?statInfId=000032188698&fileKind=1
09,094111,那珂川町,e_tokko,6,特別交付税(決算),2021-04-01,2022-03-31,2022-03-31,0,決算(年度末),,347689.0,千円,,,30801.0,0.09719837923809042,増加,2021-04-01,2022-03-31,gen-election-shugiin_20211031_smd_09_3;gen-tokko-2021-tokko_dec;gen-tokko-2021-tokko_march;gen-mlit-release-2022,https://www.e-stat.go.jp/stat-search/file-download?statInfId=000040044921&fileKind=1
09,094111,那珂川町,e_tokko,6,特別交付税(決算),2022-04-01,2023-03-31,2023-03-31,0,決算(年度末),,350180.0,千円,,,2491.0,0.007164448688339291,横ばい,2022-04-01,2023-03-31,gen-election-sangiin_20220710_smd_09_1;gen-tokko-2022-tokko_dec;gen-tokko-2022-tokko_march;gen-mlit-release-2023,https://www.e-stat.go.jp/stat-search/file-download?statInfId=000040171702&fileKind=1
09,094111,那珂川町,e_tokko,6,特別交付税(決算),2023-04-01,2024-03-31,2024-03-31,0,決算(年度末),,363268.0,千円,,,13088.0,0.03737506425267006,横ばい,2023-04-01,2024-03-31,gen-tokko-2023-tokko_dec;gen-tokko-2023-tokko_march,https://www.e-stat.go.jp/stat-search/file-download?statInfId=000040231591&fileKind=1
09,094111,那珂川町,e_tokko,6,特別交付税(決算),2024-04-01,2025-03-31,2025-03-31,0,決算(年度末),,355768.0,千円,,,-7500.0,-0.020645914311197243,横ばい,2024-04-01,2025-03-31,gen-mlit-release-2024;gen-election-shugiin_20241027_smd_09_3;gen-tokko-2024-tokko_dec;gen-tokko-2024-tokko_march,https://www.e-stat.go.jp/stat-search/file-download?statInfId=000040375638&fileKind=1
09,094111,那珂川町,e_road_kokko,7,道路橋りょう費に充当した国庫支出金(決算),2020-04-01,2021-03-31,2021-03-31,0,決算(年度末),,125867.0,千円,,,,,未取得,,,,https://www.e-stat.go.jp/stat-search/file-download?statInfId=000032188710&fileKind=1
09,094111,那珂川町,e_road_kokko,7,道路橋りょう費に充当した国庫支出金(決算),2021-04-01,2022-03-31,2022-03-31,0,決算(年度末),,70563.0,千円,,,-55304.0,-0.4393844295963199,減少,2021-04-01,2022-03-31,gen-election-shugiin_20211031_smd_09_3;gen-tokko-2021-tokko_dec;gen-tokko-2021-tokko_march;gen-mlit-release-2022,https://www.e-stat.go.jp/stat-search/file-download?statInfId=000040044933&fileKind=1
09,094111,那珂川町,e_road_kokko,7,道路橋りょう費に充当した国庫支出金(決算),2022-04-01,2023-03-31,2023-03-31,0,決算(年度末),,83586.0,千円,,,13023.0,0.1845584796564772,増加,2022-04-01,2023-03-31,gen-election-sangiin_20220710_smd_09_1;gen-tokko-2022-tokko_dec;gen-tokko-2022-tokko_march;gen-mlit-release-2023,https://www.e-stat.go.jp/stat-search/file-download?statInfId=000040171714&fileKind=1
09,094111,那珂川町,e_road_kokko,7,道路橋りょう費に充当した国庫支出金(決算),2023-04-01,2024-03-31,2024-03-31,0,決算(年度末),,62801.0,千円,,,-20785.0,-0.24866604455291555,減少,2023-04-01,2024-03-31,gen-tokko-2023-tokko_dec;gen-tokko-2023-tokko_march,https://www.e-stat.go.jp/stat-search/file-download?statInfId=000040231603&fileKind=1
09,094111,那珂川町,e_road_kokko,7,道路橋りょう費に充当した国庫支出金(決算),2024-04-01,2025-03-31,2025-03-31,0,決算(年度末),,77600.0,千円,,,14799.0,0.23564911386761359,増加,2024-04-01,2025-03-31,gen-mlit-release-2024;gen-election-shugiin_20241027_smd_09_3;gen-tokko-2024-tokko_dec;gen-tokko-2024-tokko_march,https://www.e-stat.go.jp/stat-search/file-download?statInfId=000040375650&fileKind=1
09,094111,那珂川町,e_hojo_road_kokko,8,補助事業費(道路・橋りょう)の国庫支出金(決算),2020-04-01,2021-03-31,2021-03-31,0,決算(年度末),,125867.0,千円,,,,,未取得,,,,https://www.e-stat.go.jp/stat-search/file-download?statInfId=000032188732&fileKind=1
09,094111,那珂川町,e_hojo_road_kokko,8,補助事業費(道路・橋りょう)の国庫支出金(決算),2021-04-01,2022-03-31,2022-03-31,0,決算(年度末),,70563.0,千円,,,-55304.0,-0.4393844295963199,減少,2021-04-01,2022-03-31,gen-election-shugiin_20211031_smd_09_3;gen-tokko-2021-tokko_dec;gen-tokko-2021-tokko_march;gen-mlit-release-2022,https://www.e-stat.go.jp/stat-search/file-download?statInfId=000040044955&fileKind=1
09,094111,那珂川町,e_hojo_road_kokko,8,補助事業費(道路・橋りょう)の国庫支出金(決算),2022-04-01,2023-03-31,2023-03-31,0,決算(年度末),,83586.0,千円,,,13023.0,0.1845584796564772,増加,2022-04-01,2023-03-31,gen-election-sangiin_20220710_smd_09_1;gen-tokko-2022-tokko_dec;gen-tokko-2022-tokko_march;gen-mlit-release-2023,https://www.e-stat.go.jp/stat-search/file-download?statInfId=000040171736&fileKind=1
09,094111,那珂川町,e_hojo_road_kokko,8,補助事業費(道路・橋りょう)の国庫支出金(決算),2023-04-01,2024-03-31,2024-03-31,0,決算(年度末),,62801.0,千円,,,-20785.0,-0.24866604455291555,減少,2023-04-01,2024-03-31,gen-tokko-2023-tokko_dec;gen-tokko-2023-tokko_march,https://www.e-stat.go.jp/stat-search/file-download?statInfId=000040231625&fileKind=1
09,094111,那珂川町,e_hojo_road_kokko,8,補助事業費(道路・橋りょう)の国庫支出金(決算),2024-04-01,2025-03-31,2025-03-31,0,決算(年度末),,77600.0,千円,,,14799.0,0.23564911386761359,増加,2024-04-01,2025-03-31,gen-mlit-release-2024;gen-election-shugiin_20241027_smd_09_3;gen-tokko-2024-tokko_dec;gen-tokko-2024-tokko_march,https://www.e-stat.go.jp/stat-search/file-download?statInfId=000040375672&fileKind=1
09,094111,那珂川町,futsu_decided,9,普通交付税 当初決定額,2021-04-01,2022-03-31,2021-08-03,0,当初決定日(算定結果の報道資料の日付),2021-08-03,3241306.0,千円,,,,,未取得,,,,https://www.soumu.go.jp/main_content/000761570.xlsx
09,094111,那珂川町,futsu_decided,9,普通交付税 当初決定額,2022-04-01,2023-03-31,2022-07-26,0,当初決定日(算定結果の報道資料の日付),2022-07-26,3370685.0,千円,,,129379.0,0.039915700646591216,横ばい,2021-08-04,2022-07-26,gen-election-shugiin_20211031_smd_09_3;gen-tokko-2021-tokko_dec;gen-tokko-2021-tokko_march;gen-mlit-release-2022;gen-election-sangiin_20220710_smd_09_1,https://www.soumu.go.jp/main_content/000762090.xlsx
09,094111,那珂川町,futsu_decided,9,普通交付税 当初決定額,2023-04-01,2024-03-31,2023-07-28,0,当初決定日(算定結果の報道資料の日付),2023-07-28,3308292.0,千円,,,-62393.0,-0.018510480807313646,横ばい,2022-07-27,2023-07-28,gen-tokko-2022-tokko_dec;gen-tokko-2022-tokko_march;gen-mlit-release-2023,https://www.soumu.go.jp/main_content/000894237.xlsx
09,094111,那珂川町,futsu_decided,9,普通交付税 当初決定額,2024-04-01,2025-03-31,2024-07-23,0,当初決定日(算定結果の報道資料の日付),2024-07-23,3408074.0,千円,,,99782.0,0.030161182870194047,横ばい,2023-07-29,2024-07-23,gen-tokko-2023-tokko_dec;gen-tokko-2023-tokko_march;gen-mlit-release-2024,https://www.soumu.go.jp/main_content/000958553.xlsx
09,094111,那珂川町,futsu_decided,9,普通交付税 当初決定額,2025-04-01,2026-03-31,2025-07-29,0,当初決定日(算定結果の報道資料の日付),2025-07-29,3408630.0,千円,,,556.0,0.00016314199750357532,横ばい,2024-07-24,2025-07-29,gen-election-shugiin_20241027_smd_09_3;gen-tokko-2024-tokko_dec;gen-tokko-2024-tokko_march;gen-mlit-release-2025;gen-election-sangiin_20250720_smd_09_1,https://www.soumu.go.jp/main_content/001022466.xlsx
09,094111,那珂川町,futsu_decided,9,普通交付税 当初決定額,2026-04-01,2027-03-31,2026-07-24,0,当初決定日(算定結果の報道資料の日付),2026-07-24,3483390.0,千円,,,74760.0,0.02193256528282624,横ばい,2025-07-30,2026-07-24,gen-tokko-2025-tokko_dec;m-2026ge-endorse-094111;m-20260200-yana-mlit-inquiry-094111;gen-election-shugiin_20260208_smd_09_3;gen-cabinet-2026-02-18;gen-position-motegi_toshimitsu-外務大臣-2026-02-18;gen-tokko-2025-tokko_march;gen-mlit-release-2026;m-20260524-yana-statement-094111,https://www.soumu.go.jp/main_content/001083404.xlsx
09,094111,那珂川町,kofu_total,10,国交省 交付決定額 計(年度合計),2017-04-01,2018-03-31,2018-03-31,1,年度内で最後の交付決定日(交付決定がない年度は年度末)。値は年度合計(変更減額を含む),,140956.0,千円,,,,,未取得,,,,https://www.mlit.go.jp/common/001210869.xlsx
09,094111,那珂川町,kofu_total,10,国交省 交付決定額 計(年度合計),2018-04-01,2019-03-31,2019-02-25,1,年度内で最後の交付決定日(交付決定がない年度は年度末)。値は年度合計(変更減額を含む),,196902.0,千円,,,55946.0,0.3969039984108516,増加,2018-04-01,2019-02-25,,https://www.mlit.go.jp/common/001260907.xlsx
09,094111,那珂川町,kofu_total,10,国交省 交付決定額 計(年度合計),2019-04-01,2020-03-31,2020-03-31,1,年度内で最後の交付決定日(交付決定がない年度は年度末)。値は年度合計(変更減額を含む),,116354.0,千円,,,-80548.0,-0.4090765964794669,減少,2019-02-26,2020-03-31,,https://www.mlit.go.jp/common/001316172.xlsx
09,094111,那珂川町,kofu_total,10,国交省 交付決定額 計(年度合計),2020-04-01,2021-03-31,2021-03-31,1,年度内で最後の交付決定日(交付決定がない年度は年度末)。値は年度合計(変更減額を含む),,121781.0,千円,,,5427.0,0.04664214380253365,横ばい,2020-04-01,2021-03-31,gen-tokko-2020-tokko_dec;gen-tokko-2020-tokko_march;gen-mlit-release-2021,https://www.mlit.go.jp/common/001371589.xlsx
09,094111,那珂川町,kofu_total,10,国交省 交付決定額 計(年度合計),2021-04-01,2022-03-31,2021-11-19,1,年度内で最後の交付決定日(交付決定がない年度は年度末)。値は年度合計(変更減額を含む),,43593.0,千円,,,-78188.0,-0.6420377563002438,減少,2021-04-01,2021-11-19,gen-election-shugiin_20211031_smd_09_3,https://www.mlit.go.jp/common/001579048.xlsx
09,094111,那珂川町,kofu_total,10,国交省 交付決定額 計(年度合計),2022-04-01,2023-03-31,2022-12-15,1,年度内で最後の交付決定日(交付決定がない年度は年度末)。値は年度合計(変更減額を含む),,95280.0,千円,,,51687.0,1.1856720115614892,増加,2021-11-20,2022-12-15,gen-tokko-2021-tokko_dec;gen-tokko-2021-tokko_march;gen-mlit-release-2022;gen-election-sangiin_20220710_smd_09_1;gen-tokko-2022-tokko_dec,https://www.mlit.go.jp/common/001426891.xlsx
09,094111,那珂川町,kofu_total,10,国交省 交付決定額 計(年度合計),2023-04-01,2024-03-31,2023-08-18,1,年度内で最後の交付決定日(交付決定がない年度は年度末)。値は年度合計(変更減額を含む),,82650.0,千円,,,-12630.0,-0.13255667506297228,減少,2022-12-16,2023-08-18,gen-tokko-2022-tokko_march;gen-mlit-release-2023,https://www.mlit.go.jp/page/content/001749355.xlsx
09,094111,那珂川町,kofu_total,10,国交省 交付決定額 計(年度合計),2024-04-01,2025-03-31,2025-01-28,1,年度内で最後の交付決定日(交付決定がない年度は年度末)。値は年度合計(変更減額を含む),,83270.0,千円,,,620.0,0.00750151240169389,横ばい,2023-08-19,2025-01-28,gen-tokko-2023-tokko_dec;gen-tokko-2023-tokko_march;gen-mlit-release-2024;gen-election-shugiin_20241027_smd_09_3;gen-tokko-2024-tokko_dec,https://www.mlit.go.jp/page/content/001889200.xlsx
09,094111,那珂川町,kofu_total,10,国交省 交付決定額 計(年度合計),2025-04-01,2026-03-31,2026-01-26,1,年度内で最後の交付決定日(交付決定がない年度は年度末)。値は年度合計(変更減額を含む),,91478.0,千円,,,8208.0,0.09857091389455987,増加,2025-01-29,2026-01-26,gen-tokko-2024-tokko_march;gen-mlit-release-2025;gen-election-sangiin_20250720_smd_09_1;gen-tokko-2025-tokko_dec,https://www.mlit.go.jp/page/content/001968987.xlsx
09,094111,那珂川町,kofu_shasoukou,10,国交省 交付決定額 社会資本整備総合交付金,2017-04-01,2018-03-31,2018-03-31,1,年度内で最後の交付決定日(交付決定がない年度は年度末)。値は年度合計(変更減額を含む),,140956.0,千円,,,,,未取得,,,,https://www.mlit.go.jp/common/001306061.xlsx
09,094111,那珂川町,kofu_shasoukou,10,国交省 交付決定額 社会資本整備総合交付金,2018-04-01,2019-03-31,2018-09-03,1,年度内で最後の交付決定日(交付決定がない年度は年度末)。値は年度合計(変更減額を含む),,116967.0,千円,,,-23989.0,-0.17018786004143138,減少,2018-04-01,2018-09-03,,https://www.mlit.go.jp/common/001288716.xlsx
09,094111,那珂川町,kofu_shasoukou,10,国交省 交付決定額 社会資本整備総合交付金,2019-04-01,2020-03-31,2020-03-31,1,年度内で最後の交付決定日(交付決定がない年度は年度末)。値は年度合計(変更減額を含む),,116354.0,千円,,,-613.0,-0.005240794412099139,横ばい,2018-09-04,2020-03-31,,https://www.mlit.go.jp/common/001316186.xlsx
09,094111,那珂川町,kofu_shasoukou,10,国交省 交付決定額 社会資本整備総合交付金,2020-04-01,2021-03-31,2021-03-31,1,年度内で最後の交付決定日(交付決定がない年度は年度末)。値は年度合計(変更減額を含む),,91974.0,千円,,,-24380.0,-0.20953297694965364,減少,2020-04-01,2021-03-31,gen-tokko-2020-tokko_dec;gen-tokko-2020-tokko_march;gen-mlit-release-2021,https://www.mlit.go.jp/common/001371606.xlsx
09,094111,那珂川町,kofu_shasoukou,10,国交省 交付決定額 社会資本整備総合交付金,2021-04-01,2022-03-31,2022-03-31,1,年度内で最後の交付決定日(交付決定がない年度は年度末)。値は年度合計(変更減額を含む),,21732.0,千円,,,-70242.0,-0.7637158327353383,減少,2021-04-01,2022-03-31,gen-election-shugiin_20211031_smd_09_3;gen-tokko-2021-tokko_dec;gen-tokko-2021-tokko_march;gen-mlit-release-2022,https://www.mlit.go.jp/common/001579064.xlsx
09,094111,那珂川町,kofu_shasoukou,10,国交省 交付決定額 社会資本整備総合交付金,2022-04-01,2023-03-31,2023-03-31,1,年度内で最後の交付決定日(交付決定がない年度は年度末)。値は年度合計(変更減額を含む),,0.0,千円,,,-21732.0,-1.0,減少,2022-04-01,2023-03-31,gen-election-sangiin_20220710_smd_09_1;gen-tokko-2022-tokko_dec;gen-tokko-2022-tokko_march;gen-mlit-release-2023,https://www.mlit.go.jp/common/001426909.xlsx
09,094111,那珂川町,kofu_shasoukou,10,国交省 交付決定額 社会資本整備総合交付金,2023-04-01,2024-03-31,2024-03-31,1,年度内で最後の交付決定日(交付決定がない年度は年度末)。値は年度合計(変更減額を含む),,0.0,千円,,,0.0,,未取得,2023-04-01,2024-03-31,gen-tokko-2023-tokko_dec;gen-tokko-2023-tokko_march,https://www.mlit.go.jp/page/content/001708175.xlsx
09,094111,那珂川町,kofu_shasoukou,10,国交省 交付決定額 社会資本整備総合交付金,2024-04-01,2025-03-31,2025-03-31,1,年度内で最後の交付決定日(交付決定がない年度は年度末)。値は年度合計(変更減額を含む),,0.0,千円,,,0.0,,未取得,2024-04-01,2025-03-31,gen-mlit-release-2024;gen-election-shugiin_20241027_smd_09_3;gen-tokko-2024-tokko_dec;gen-tokko-2024-tokko_march,https://www.mlit.go.jp/page/content/001842591.xlsx
09,094111,那珂川町,kofu_shasoukou,10,国交省 交付決定額 社会資本整備総合交付金,2025-04-01,2026-03-31,2026-03-31,1,年度内で最後の交付決定日(交付決定がない年度は年度末)。値は年度合計(変更減額を含む),,0.0,千円,,,0.0,,未取得,2025-04-01,2026-03-31,gen-mlit-release-2025;gen-election-sangiin_20250720_smd_09_1;gen-tokko-2025-tokko_dec;m-2026ge-endorse-094111;m-20260200-yana-mlit-inquiry-094111;gen-election-shugiin_20260208_smd_09_3;gen-cabinet-2026-02-18;gen-position-motegi_toshimitsu-外務大臣-2026-02-18;gen-tokko-2025-tokko_march,https://www.mlit.go.jp/page/content/001969014.xlsx
09,094111,那珂川町,kofu_bouan,10,国交省 交付決定額 防災・安全交付金,2017-04-01,2018-03-31,2018-03-31,1,年度内で最後の交付決定日(交付決定がない年度は年度末)。値は年度合計(変更減額を含む),,140956.0,千円,,,,,未取得,,,,https://www.mlit.go.jp/common/001306061.xlsx
09,094111,那珂川町,kofu_bouan,10,国交省 交付決定額 防災・安全交付金,2018-04-01,2019-03-31,2018-09-03,1,年度内で最後の交付決定日(交付決定がない年度は年度末)。値は年度合計(変更減額を含む),,116967.0,千円,,,-23989.0,-0.17018786004143138,減少,2018-04-01,2018-09-03,,https://www.mlit.go.jp/common/001288716.xlsx
09,094111,那珂川町,kofu_bouan,10,国交省 交付決定額 防災・安全交付金,2019-04-01,2020-03-31,2020-03-31,1,年度内で最後の交付決定日(交付決定がない年度は年度末)。値は年度合計(変更減額を含む),,116354.0,千円,,,-613.0,-0.005240794412099139,横ばい,2018-09-04,2020-03-31,,https://www.mlit.go.jp/common/001316186.xlsx
09,094111,那珂川町,kofu_bouan,10,国交省 交付決定額 防災・安全交付金,2020-04-01,2021-03-31,2021-03-31,1,年度内で最後の交付決定日(交付決定がない年度は年度末)。値は年度合計(変更減額を含む),,91974.0,千円,,,-24380.0,-0.20953297694965364,減少,2020-04-01,2021-03-31,gen-tokko-2020-tokko_dec;gen-tokko-2020-tokko_march;gen-mlit-release-2021,https://www.mlit.go.jp/common/001371606.xlsx
09,094111,那珂川町,kofu_bouan,10,国交省 交付決定額 防災・安全交付金,2021-04-01,2022-03-31,2022-03-31,1,年度内で最後の交付決定日(交付決定がない年度は年度末)。値は年度合計(変更減額を含む),,21732.0,千円,,,-70242.0,-0.7637158327353383,減少,2021-04-01,2022-03-31,gen-election-shugiin_20211031_smd_09_3;gen-tokko-2021-tokko_dec;gen-tokko-2021-tokko_march;gen-mlit-release-2022,https://www.mlit.go.jp/common/001579064.xlsx
09,094111,那珂川町,kofu_bouan,10,国交省 交付決定額 防災・安全交付金,2022-04-01,2023-03-31,2023-03-31,1,年度内で最後の交付決定日(交付決定がない年度は年度末)。値は年度合計(変更減額を含む),,70022.0,千円,,,48290.0,2.222068838579054,増加,2022-04-01,2023-03-31,gen-election-sangiin_20220710_smd_09_1;gen-tokko-2022-tokko_dec;gen-tokko-2022-tokko_march;gen-mlit-release-2023,https://www.mlit.go.jp/common/001426909.xlsx
09,094111,那珂川町,kofu_bouan,10,国交省 交付決定額 防災・安全交付金,2023-04-01,2024-03-31,2023-08-18,1,年度内で最後の交付決定日(交付決定がない年度は年度末)。値は年度合計(変更減額を含む),,66168.0,千円,,,-3854.0,-0.0550398446202622,減少,2023-04-01,2023-08-18,,https://www.mlit.go.jp/page/content/001708175.xlsx
09,094111,那珂川町,kofu_bouan,10,国交省 交付決定額 防災・安全交付金,2024-04-01,2025-03-31,2025-01-28,1,年度内で最後の交付決定日(交付決定がない年度は年度末)。値は年度合計(変更減額を含む),,74018.0,千円,,,7850.0,0.11863740781042195,増加,2023-08-19,2025-01-28,gen-tokko-2023-tokko_dec;gen-tokko-2023-tokko_march;gen-mlit-release-2024;gen-election-shugiin_20241027_smd_09_3;gen-tokko-2024-tokko_dec,https://www.mlit.go.jp/page/content/001842591.xlsx
09,094111,那珂川町,kofu_bouan,10,国交省 交付決定額 防災・安全交付金,2025-04-01,2026-03-31,2026-01-26,1,年度内で最後の交付決定日(交付決定がない年度は年度末)。値は年度合計(変更減額を含む),,63990.0,千円,,,-10028.0,-0.13548055878299872,減少,2025-01-29,2026-01-26,gen-tokko-2024-tokko_march;gen-mlit-release-2025;gen-election-sangiin_20250720_smd_09_1;gen-tokko-2025-tokko_dec,https://www.mlit.go.jp/page/content/001969014.xlsx
09,094111,那珂川町,kofu_road,10,国交省 交付決定額 道路関係の補助,2017-04-01,2018-03-31,2018-03-31,1,年度内で最後の交付決定日(交付決定がない年度は年度末)。値は年度合計(変更減額を含む),,0.0,千円,,,,,未取得,,,,https://www.mlit.go.jp/common/001234557.xlsx
09,094111,那珂川町,kofu_road,10,国交省 交付決定額 道路関係の補助,2018-04-01,2019-03-31,2019-03-31,1,年度内で最後の交付決定日(交付決定がない年度は年度末)。値は年度合計(変更減額を含む),,0.0,千円,,,0.0,,未取得,2018-04-01,2019-03-31,,https://www.mlit.go.jp/common/001260897.xlsx
09,094111,那珂川町,kofu_road,10,国交省 交付決定額 道路関係の補助,2019-04-01,2020-03-31,2020-03-31,1,年度内で最後の交付決定日(交付決定がない年度は年度末)。値は年度合計(変更減額を含む),,0.0,千円,,,0.0,,未取得,2019-04-01,2020-03-31,,https://www.mlit.go.jp/common/001316175.xlsx
09,094111,那珂川町,kofu_road,10,国交省 交付決定額 道路関係の補助,2020-04-01,2021-03-31,2021-03-31,1,年度内で最後の交付決定日(交付決定がない年度は年度末)。値は年度合計(変更減額を含む),,29806.999999999996,千円,,,29806.999999999996,,未取得,2020-04-01,2021-03-31,gen-tokko-2020-tokko_dec;gen-tokko-2020-tokko_march;gen-mlit-release-2021,https://www.mlit.go.jp/common/001371629.xlsx
09,094111,那珂川町,kofu_road,10,国交省 交付決定額 道路関係の補助,2021-04-01,2022-03-31,2021-11-19,1,年度内で最後の交付決定日(交付決定がない年度は年度末)。値は年度合計(変更減額を含む),,21860.999999999996,千円,,,-7946.0,-0.2665816754453652,減少,2021-04-01,2021-11-19,gen-election-shugiin_20211031_smd_09_3,https://www.mlit.go.jp/common/001579051.xlsx
09,094111,那珂川町,kofu_road,10,国交省 交付決定額 道路関係の補助,2022-04-01,2023-03-31,2022-12-15,1,年度内で最後の交付決定日(交付決定がない年度は年度末)。値は年度合計(変更減額を含む),,25258.000000000004,千円,,,3397.0000000000073,0.15539087873381857,増加,2021-11-20,2022-12-15,gen-tokko-2021-tokko_dec;gen-tokko-2021-tokko_march;gen-mlit-release-2022;gen-election-sangiin_20220710_smd_09_1;gen-tokko-2022-tokko_dec,https://www.mlit.go.jp/common/001426897.xlsx
09,094111,那珂川町,kofu_road,10,国交省 交付決定額 道路関係の補助,2023-04-01,2024-03-31,2023-04-28,1,年度内で最後の交付決定日(交付決定がない年度は年度末)。値は年度合計(変更減額を含む),,16482.0,千円,,,-8776.000000000004,-0.34745427191384914,減少,2022-12-16,2023-04-28,gen-tokko-2022-tokko_march;gen-mlit-release-2023,https://www.mlit.go.jp/page/content/001708164.xlsx
09,094111,那珂川町,kofu_road,10,国交省 交付決定額 道路関係の補助,2024-04-01,2025-03-31,2024-06-14,1,年度内で最後の交付決定日(交付決定がない年度は年度末)。値は年度合計(変更減額を含む),,9252.0,千円,,,-7230.0,-0.4386603567528213,減少,2023-04-29,2024-06-14,gen-tokko-2023-tokko_dec;gen-tokko-2023-tokko_march;gen-mlit-release-2024,https://www.mlit.go.jp/page/content/001889202.xlsx
09,094111,那珂川町,kofu_road,10,国交省 交付決定額 道路関係の補助,2025-04-01,2026-03-31,2025-06-27,1,年度内で最後の交付決定日(交付決定がない年度は年度末)。値は年度合計(変更減額を含む),,27488.0,千円,,,18236.0,1.971033290099438,増加,2024-06-15,2025-06-27,gen-election-shugiin_20241027_smd_09_3;gen-tokko-2024-tokko_dec;gen-tokko-2024-tokko_march;gen-mlit-release-2025,https://www.mlit.go.jp/page/content/001969000.xlsx
